Business Name,Contact Person,Email,Phone,Website,Years of Experience,Pricing Range,Business Description,Service Areas,Portfolio Links
Morphogenesis,Manit Rastogi (Founding Partner) & Sonali Rastogi (Founding Partner),contact@morphogenesis.org,+91 11 4182 8070,https://www.morphogenesis.org,30+ Years (Est. 1996),"₹2,500 - ₹5,500 / sq.ft. (Ultra-Luxury & Sustainable Architecture)","Morphogenesis is an internationally recognized architecture and interior design consultancy rooted in sustainable, climate-responsive design methodologies. They specialize in large-scale residential mansions, luxury hospitality, institutional developments, and corporate workspaces. Their turnkey projects integrate bioclimatic passive design with refined contemporary interior architecture.","New Delhi, Gurgaon, Noida, Pan-India",https://www.morphogenesis.org/projects/
Studio Lotus,Ambrish Arora (Founding Principal & CEO),business@studiolotus.in,+91 11 4057 0808,https://www.studiolotus.in,24+ Years (Est. 2002),"₹3,000 - ₹6,500+ / sq.ft. (Bespoke Luxury & Heritage Craft)","Studio Lotus is a celebrated multidisciplinary design practice celebrated for context-driven spatial design and local craft integration. They offer comprehensive interior design, architectural renovation, and master planning services across bespoke residential estates, boutique hotels, and branded retail environments. Their philosophy balances sensory experience, structural harmony, and cultural heritage.","New Delhi, Gurgaon, Jaipur, Chandigarh, Pan-India",https://www.studiolotus.in/architecture
Lipika Sud Interiors,Lipika Sud (Founder & Principal Designer),lipika@lipika.com,+91 11 4181 1491,https://www.lipika.com,37+ Years (Est. 1989),"₹2,000 - ₹4,500 / sq.ft. (Premium & High-End Turnkey)","Lipika Sud Interiors is an award-winning design studio providing turnkey interior design, architectural renovation, and customized styling solutions. Their diverse portfolio spans luxury farmhouses, high-end apartments, corporate headquarters, and luxury hospitality destinations. The firm is widely recognized for blending classical Indian artistry with sophisticated contemporary minimalism.","New Delhi, Gurgaon, Noida, Faridabad, Lucknow",https://www.lipika.com/interior
Beyond Designs,Sachin Gupta (Founder & Principal Designer) & Neha Gupta,contact.beyonddesigns@gmail.com,+91 11 2680 4180,https://beyonddesigns.in,26+ Years (Est. 2000),"₹3,500 - ₹7,500+ / sq.ft. (Maximalist Luxury & Custom Millwork)","Beyond Designs is a luxury interior design house celebrated for its lavish, maximalist aesthetic and seamless blend of global antiques and bespoke contemporary elements. The studio provides end-to-end turnkey residential interiors, full villa transformations, and hand-finished furniture manufacturing. Their projects are tailored for opulent residences, penthouses, and private estates across India.","New Delhi, Gurgaon, Noida, Jaipur, Pan-India",https://beyonddesigns.in/home/
Chalk Studio,Priyanka Singh (Founder & Principal Designer),info@chalkstudio.design,+91 95991 21499,https://www.chalkstudio.design,8+ Years (Est. 2018),"₹2,000 - ₹4,000 / sq.ft. (Modern Luxury & Turnkey Fit-Outs)","Chalk Studio is a boutique interior design practice based in Gurgaon that specializes in functional minimalism and bespoke residential renovations. Their design philosophy focuses on maximizing natural light, spatial circulation, and customized material curation for modern urban living. They manage projects from initial concept through detailed 3D visualization and turnkey on-site execution.","Gurgaon/Gurugram, New Delhi, Noida",https://www.chalkstudio.design/portfolio
MADS Creations,Meenu Agarwal (Founder & Principal Designer),sales@madscreations.in,+91 78350 97020,https://madscreations.in,24+ Years (Est. 2002),"₹2,500 - ₹5,000 / sq.ft. (Concept Luxury & Custom Furniture)","MADS Creations is a leading luxury concept interior design firm known for delivering turnkey interior architecture and custom furniture manufacturing. The studio caters to high-net-worth clients across penthouses, villas, farmhouses, and corporate offices. They provide full-scale renovation, architectural elevation remodeling, and custom artisanal decor execution.","Gurgaon/Gurugram, New Delhi, Noida, Faridabad",https://madscreations.in/portfolio/
ACad Studio,Ayush Choudhury (Principal Architect & Co-Founder),info@acad.co.in,+91 97174 73118,https://acad.co.in,12+ Years (Est. 2014),"₹1,800 - ₹3,800 / sq.ft. (Contemporary Residential & Commercial)","ACad Studio is an architectural and interior design firm offering comprehensive design, project management, and turnkey construction services. They specialize in high-end residential interiors, modern commercial fit-outs, and spatial remodeling across Delhi NCR. Their process emphasizes personalized client narratives, engineering precision, and integrated home automation.","Gurgaon/Gurugram, New Delhi, Faridabad, Noida",https://acad.co.in/projects/
Home Interia,Debabrata Basu / Lead Designer,hominteria123@gmail.com,+91 98702 10653,https://homeinteria.in,10+ Years (Est. 2016),"₹1,200 - ₹2,500 / sq.ft. (Turnkey Residential & Modular Fit-outs)","Home Interia delivers full-scope home interior design and renovation services specializing in modular kitchens, customized wardrobes, and complete apartment fit-outs. Their turnkey solutions feature 3D spatial planning, in-house joinery execution, and structural refurbishment. They are dedicated to delivering functional, modern home aesthetics on transparent timelines.","Gurgaon/Gurugram, Delhi NCR, Faridabad",https://homeinteria.in/portfolio/
Chaukor Studio,Tejeshwi Bansal (Co-Founder & Principal Architect) & Nilesh Bansal,info@chaukorstudio.com,+91 98996 18121,https://www.chaukorstudio.com,14+ Years (Est. 2012),"₹2,200 - ₹4,500 / sq.ft. (Bespoke Villa Architecture & Interiors)","Chaukor Studio is an architectural and interior design firm specializing in bespoke residential architecture, villa interiors, and contemporary home renovations. Their work focuses on passive environmental design, natural illumination, and refined material articulation. They offer full turnkey design and site coordination across private residences and farmhouses.","Noida, Greater Noida, New Delhi, Ghaziabad",https://www.chaukorstudio.com/projects
Vistaar Designs,Shitanshu Sharma (Managing Director & Principal Designer),info@vistaardesigns.com,+91 98733 37780,https://vistaardesigns.com,20+ Years (Est. 2006),"₹1,800 - ₹3,600 / sq.ft. (Turnkey Luxury Residential & Commercial)","Vistaar Designs is a premier architectural and interior design practice in Noida providing turnkey interior solutions for villas, penthouses, and corporate offices. Their expertise covers full residential renovations, customized modular cabinetry, structural alterations, and ambient lighting design. They emphasize meticulous quality control and end-to-end site project management.","Noida, Greater Noida, New Delhi, Faridabad",https://vistaardesigns.com/portfolio/
Resaiki Interiors & Architecture,Kuntal Vyas Aggarwal (Founder & Design Head),info@resaiki.com,+91 98734 37780,https://resaiki.com,15+ Years (Est. 2011),"₹2,000 - ₹4,200 / sq.ft. (Premium Turnkey Architecture & Decor)","Resaiki Interiors & Architecture is a renowned design consultancy delivering tailored residential and corporate workspace transformations. They offer complete turnkey interior architecture, space planning, bespoke furniture fabrication, and structural renovations. Their portfolio reflects an elegant blend of contemporary functionality and timeless architectural forms.","Noida, New Delhi, Gurgaon/Gurugram",https://resaiki.com/portfolio/
Spaces Architects@ka,Kapil Aggarwal (Founder & Principal Architect),projects@spacesarchitects-ka.com,+91 11 2469 1199,https://spacesarchitects-ka.com,23+ Years (Est. 2003),"₹2,500 - ₹5,000 / sq.ft. (Award-Winning Architectural Interiors)","Spaces Architects@ka is an internationally acclaimed architectural and interior design practice known for bold spatial geometry and tactile materiality. They specialize in high-end private residences, commercial renovations, and adaptive structural makeovers. The studio delivers bespoke turnkey interior solutions that prioritize spatial efficiency, light integration, and climatic responsiveness.","New Delhi, Gurgaon, Noida, Faridabad",https://spacesarchitects-ka.com/portfolio/
Visions by Payal Kapoor,Payal Kapoor (Founder & Lead Designer),payal.vision@gmail.com,+91 98110 47332,https://payalkapoor.co.in,35+ Years (Est. 1991),"₹2,200 - ₹4,800 / sq.ft. (Luxury Residential & Heritage Hospitality)","Visions by Payal Kapoor is an elite interior design consultancy known for pioneering residential, institutional, and historic luxury train interiors (such as Palace on Wheels). The firm offers turnkey interior design, extensive home remodeling, custom furniture sourcing, and art curation. Their work blends royal Indian architectural heritage with state-of-the-art contemporary convenience.","New Delhi, Gurgaon, Noida, Jaipur, Pan-India",https://payalkapoor.co.in/portfolio.html
The Works Interiors,Devika Khosla (Principal Designer) & Raj Khosla,info@theworksinteriors.com,+91 11 4165 6777,https://theworksinteriors.com,28+ Years (Est. 1998),"₹2,800 - ₹5,500 / sq.ft. (Bespoke Residential & Custom Millwork)","The Works Interiors is a South Delhi-based boutique interior design studio and bespoke furniture manufacturer. They specialize in comprehensive residential interior transformations, luxury penthouses, and bespoke furniture craftsmanship. Their projects emphasize layered textures, Italian marble applications, and tailored architectural joinery.","New Delhi, Gurgaon, Noida, Faridabad",https://theworksinteriors.com/portfolio/
Monica Khanna Designs,Monica Khanna (Principal Designer),info@monicakhannadesigns.com,+91 98100 48822,https://www.monicakhannadesigns.com,30+ Years (Est. 1996),"₹2,500 - ₹5,000 / sq.ft. (Luxury Farmhouses & Hospitality Turnkey)","Monica Khanna Designs is a distinguished interior design firm known for high-end luxury farmhouses, modern apartments, and historic hospitality projects. They provide complete turnkey interior execution, MEP/HVAC engineering coordination, and bespoke decor sourcing from European and Indian artisans. The firm's signature aesthetic is characterized by understated elegance, open-plan flow, and natural materials.","New Delhi, Gurgaon/Gurugram, Faridabad, Pan-India",https://www.monicakhannadesigns.com/portfolio
Design Deconstruct,Monica Chadha (Founder & Principal Designer) & Rishabh Kapoor,info@designdeconstruct.in,+91 11 4101 2288,https://designdeconstruct.in,12+ Years (Est. 2014),"₹2,500 - ₹5,000 / sq.ft. (Luxury Residential & Turnkey Fit-Outs)","Design Deconstruct is a multi-disciplinary architecture and interior design studio offering integrated build-to-order turnkey solutions. Specializing in luxury villas, builder floors, and expansive penthouses, they manage everything from structural remodeling and space planning to in-house bespoke furniture manufacturing. Their design identity combines clean geometric symmetry with sumptuous materials.","New Delhi, Gurgaon, Noida, Faridabad",https://designdeconstruct.in/projects/
Studio Ardete,Badrinath Kaleru (Founding Principal) & Prerna Kaleru,info@studioardete.com,+91 172 402 0185,https://studioardete.com,16+ Years (Est. 2010),"₹2,500 - ₹5,500 / sq.ft. (Parametric & Modern Luxury Architecture)","Studio Ardete is an internationally award-winning architecture and interior design studio based in Chandigarh Tricity. They are renowned for innovative parametric forms, sustainable regional materials, and sculptural residential and commercial interiors. The firm provides complete turnkey interior design, architectural renovation, and custom installation services.","Chandigarh, Mohali, Panchkula, Ludhiana, Pan-India",https://studioardete.com/projects/
Aradhana Kakar Designs,Aradhana Kakar (Founder & Principal Designer),aradhanakakardesigns@gmail.com,+91 98142 79771,https://aradhanakakardesigns.com,27+ Years (Est. 1999),"₹1,800 - ₹4,000 / sq.ft. (Luxury Residential & Turnkey Renovation)","Aradhana Kakar Designs is a premier interior architecture studio in Chandigarh catering to upscale residential homes, boutique offices, and commercial spaces. They deliver end-to-end interior design and renovation solutions including custom modular kitchens, bespoke furniture creation, and lighting curation. Their signature designs emphasize effortless comfort, functional spatial flow, and refined aesthetics.","Chandigarh, Panchkula, Mohali, Ludhiana",https://aradhanakakardesigns.com/portfolio.html
Aryelia Design Studio,Rohit Sharma / Principal Designer,info@aryelia.com,+91 70878 67846,https://aryelia.com,10+ Years (Est. 2016),"₹1,500 - ₹3,500 / sq.ft. (Italian-Inspired Modern Turnkey)","Aryelia Design Studio is a leading interior design practice in Chandigarh Tricity specializing in Italian-inspired modern residential and commercial interiors. They provide turnkey design and build services covering full home renovations, custom modular systems, and architectural lighting. Their designs focus on smart space optimization, clean lines, and premium finishes.","Chandigarh, Panchkula, Mohali, Punjab, Haryana",https://aryelia.com/portfolio/
24KT Interiors,Kamal Sharma (Founder & Lead Designer),contact@24ktinteriors.com,+91 95217 86675,https://24ktinteriors.com,11+ Years (Est. 2015),"₹1,400 - ₹3,200 / sq.ft. (Luxury Residential & Turnkey Fit-Outs)","24KT Interiors is a premier interior design and execution firm in Jaipur known for delivering high-end residential apartments, luxury villas, and commercial renovations. They manage end-to-end turnkey interior contracts including 3D architectural rendering, false ceilings, modular carpentry, and custom furniture. Their designs strike a balance between contemporary aesthetics and long-term durability.","Jaipur, Jodhpur, Udaipur, Rajasthan",https://24ktinteriors.com/portfolio/
Jaipur Interiors,Ashok Verma (Director & Principal Designer),jaipurinteriors@gmail.com,+91 90013 61199,https://www.jaipurinteriors.com,16+ Years (Est. 2010),"₹1,200 - ₹2,800 / sq.ft. (Residential & Commercial Turnkey)","Jaipur Interiors is a well-established design and interior execution studio located in Vaishali Nagar, Jaipur. They provide comprehensive residential interior design, commercial remodeling, modular kitchens, and custom woodwork. The firm is recognized for functional spatial planning, high-grade material selection, and adherence to project timelines.","Jaipur, Ajmer, Kota, Rajasthan",https://www.jaipurinteriors.com/gallery/
Decoruss,Shaurya Pratap Singh (Founder & Managing Director),info@decoruss.com,+91 99366 28880,https://decoruss.com,14+ Years (Est. 2012),"₹1,200 - ₹2,800 / sq.ft. (Turnkey Residential & Commercial Interiors)","Decoruss is one of Lucknow's leading interior design and construction companies, delivering full-service residential, office, and retail space transformations. Their turnkey services encompass 3D concept designing, modular kitchen manufacturing, civil renovations, and customized furniture production. They emphasize transparent pricing, quality craftsmanship, and timely handover.","Lucknow, Kanpur, Ayodhya, Gorakhpur, Uttar Pradesh",https://decoruss.com/portfolio/
WorthSpace,Abhishek Srivastava (Managing Director & Lead Architect),info@worthspace.com,+91 81769 30390,https://worthspace.com,11+ Years (Est. 2015),"₹1,300 - ₹3,000 / sq.ft. (Turnkey Design, Build & Renovation)","WorthSpace is an integrated architecture, interior design, and construction firm operating in Lucknow and surrounding regions. They specialize in luxury residential interiors, turnkey apartment makeovers, and modern corporate workspaces. Their end-to-end delivery model integrates architectural engineering, photorealistic 3D visualization, and on-site project management.","Lucknow, Kanpur, Varanasi, Uttar Pradesh",https://worthspace.com/portfolio/
Khaka Interiors,Komal Bisht (Lead Designer & Director),khakainteriors@gmail.com,+91 97600 97081,https://www.khakainteriors.com,21+ Years (Est. 2005),"₹1,100 - ₹2,600 / sq.ft. (Budget to Luxury Turnkey Renovation)","Khaka Interiors is an established interior design firm based in Gomti Nagar, Lucknow, offering turnkey residential and commercial design services. They specialize in full home makeovers, modular kitchens, false ceilings, and customized cabinetry. With extensive experience in space planning and material craftsmanship, they deliver functional, stylish living environments.","Lucknow, Kanpur, Prayagraj, Uttar Pradesh",https://www.khakainteriors.com/portfolio/
Lakkadworks,Varun Sharma (Founder & Managing Director),info@lakkadworks.com,+91 99992 00554,https://www.lakkadworks.com,12+ Years (Est. 2014),"₹1,400 - ₹3,200 / sq.ft. (Turnkey Interiors & Custom Carpentry)","Lakkadworks is a full-service interior design and custom joinery firm providing turnkey residential renovations and fit-outs across North India including Ludhiana and Delhi NCR. Operating its own specialized carpentry workshop, the company delivers bespoke modular kitchens, custom wardrobes, and comprehensive civil renovations with complete BOQ transparency and 3D visualization.","Ludhiana, Chandigarh, Delhi NCR, Gurgaon, Noida",https://www.lakkadworks.com/projects/
ZZ Architects,Ar. Zubin Zainuddin & Ar. Krupa Zubin (Founders & Principal Architects),contact@zzarchitects.com,+91 22 4360 6666,https://zzarchitects.net,24+ Years (Est. 2002),"₹3,500 - ₹8,000+ / sq.ft. (Ultra-Luxury / Bespoke Turnkey)","ZZ Architects is a multidisciplinary luxury architecture and interior design firm recognized as one of India's leading practices. They specialize in high-end residential penthouses, sprawling private bungalows, and corporate headquarters. The firm provides full-scale turnkey interior design, comprehensive space remodeling, and customized furniture curation.","Mumbai, Thane, Pune, Goa, Ahmedabad, Pan-India",https://zzarchitects.net/
The Orange Lane (Shabnam Gupta Design Studio),Shabnam Gupta (Principal Designer & Founder),info@shabnamgupta.com,+91 22 2636 9411,https://shabnamgupta.com,23+ Years (Est. 2003),"₹3,000 - ₹7,500 / sq.ft. (Bespoke Luxury & Heritage)","The Orange Lane is an acclaimed design studio offering comprehensive interior architectural design and turnkey renovation services for celebrity residences and boutique commercial spaces. Their signature approach blends rustic, handcrafted Indian elements with contemporary aesthetics. They manage end-to-end execution, civil retrofits, and bespoke decor.","Mumbai, Alibaug, Goa, Pune, Pan-India",https://shabnamgupta.com/projects.php
The Ashleys,Ar. Rohit Sharma & Pooja Ashley (Co-Founders & Principal Designers),reach@theashleys.co.in,+91 77100 10617,https://www.theashleys.co.in,22+ Years (Est. 2004),"₹2,500 - ₹6,000 / sq.ft. (Luxury Turnkey & Design-Build)","The Ashleys delivers high-end architecture and luxury interior design solutions with a strong focus on design-and-build turnkey execution. They cater to affluent residential villas, luxury high-rises, and corporate offices across western India. Their services encompass complete civil restructuring, custom millwork, and refined interior styling.","Mumbai, Thane, Navi Mumbai, Pune, Surat, Ahmedabad",https://www.theashleys.co.in/luxury-interior-designer/
Quirk Studio,Disha Bhavsar & Shivani Ajmera (Co-Founders & Principal Designers),info@quirkstudio.in,+91 22 2648 4811,https://www.quirkstudio.in,13+ Years (Est. 2013),"₹2,200 - ₹5,000 / sq.ft. (Contemporary Boutique Residential)","Quirk Studio is an avant-garde interior design practice based in Mumbai known for minimalist, functional, and contemporary design narratives. The studio handles end-to-end residential and commercial renovations, emphasizing intelligent space planning, natural light, and custom material palettes. They undertake complete turnkey interior transformations from concept to handover.","Mumbai, Thane, Pune, Pan-India",https://www.quirkstudio.in/
Minnie Bhatt Design,Minnie Bhatt (Founder & Design Director),minnie@minniebhatt.com,+91 22 2605 1515,https://minniebhatt.com,26+ Years (Est. 2000),"₹2,800 - ₹6,500 / sq.ft. (Hospitality & High-End Residential)","Minnie Bhatt Design is a distinguished interior design firm celebrated for crafting timeless hospitality destinations and soulful private residences. They specialize in bespoke restaurant fit-outs, comprehensive apartment remodeling, and vintage-infused contemporary interiors. The studio oversees all aspects of civil renovation, lighting design, and artisanal styling.","Mumbai, Goa, Pune, Hyderabad, Bengaluru",https://minniebhatt.com/
GA Design (Goregaoker Architects),Rajan Goregaoker & Sachin Goregaoker (Founders & Principal Architects),info@gadesign.in,+91 22 2498 0400,https://gadesign.in,27+ Years (Est. 1999),"₹2,500 - ₹5,500 / sq.ft. (Residential & Commercial Architecture & Interiors)","GA Design is a multidisciplinary architecture and interior design firm carrying forward a multi-generational architectural legacy in Mumbai. They specialize in multi-family residential towers, luxury private villas, and corporate office renovations. The firm provides complete turnkey project delivery, structural retrofitting, and customized interior execution.","Mumbai, Thane, Navi Mumbai, Pune, Alibaug",https://gadesign.in/
KNS Architects,"Ar. Kanhai Sharma, Ar. Neemesh Shah & Ar. Shresht Kashyap (Co-Founders & Directors)",info@knsarchitects.com,+91 22 6776 5000,https://knsarchitects.com,24+ Years (Est. 2002),"₹3,000 - ₹7,000 / sq.ft. (Premium Turnkey Architecture & Interiors)","KNS Architects is a premier multi-disciplinary design firm providing bespoke architectural and interior design services across luxury residential, commercial, and hospitality segments. They are widely recognized for their innovative spatial planning and sustainable design methodologies. Their team manages full-scale turnkey renovations from concept visualization to turnkey delivery.","Mumbai, Pune, Thane, Ahmedabad, Pan-India",https://knsarchitects.com/
Studio Osmosis,Sameer Balvally & Shilpa Jain Balvally (Founders & Principal Architects),info@studioosmosis.com,+91 97698 60270,https://www.studioosmosis.com,16+ Years (Est. 2010),"₹2,200 - ₹5,500 / sq.ft. (Bespoke Residential, Commercial & Healthcare)","Studio Osmosis is an award-winning design practice specializing in adaptable, detail-driven interior architecture and sustainable retrofits. Their extensive portfolio includes bespoke luxury homes, contemporary corporate offices, and healthcare clinics. They offer full turnkey design, structural interior renovation, and handcrafted interior curation.","Mumbai, Pune, Thane, Goa, Gujarat",https://www.studioosmosis.com/
MuseLAB,Jasem Pirani & Huzefa Rangwala (Co-Founders & Principal Designers),info@muselab.in,+91 22 2432 0212,https://www.muselab.in,14+ Years (Est. 2012),"₹2,500 - ₹6,000 / sq.ft. (Bespoke Luxury & Avant-Garde Interiors)","MuseLAB is an end-to-end design studio offering bespoke and narrative-driven architectural, interior, and product design solutions. They are known for their bold material juxtapositions, artistic installations, and comprehensive residential remodeling. Their services span complete design-to-build supervision, structural renovation, and furniture manufacturing.","Mumbai, Thane, Pune, Goa, Coimbatore",https://www.muselab.in/
ZERO9,Prashant Chauhan & Anu Chauhan (Founders & Principal Designers),info@zero9.in,+91 22 4266 1709,https://www.zero9.in,17+ Years (Est. 2009),"₹2,000 - ₹4,800 / sq.ft. (Modern Residential, Workspace & Exhibition)","ZERO9 is a design practice catering to residential apartment renovations, corporate workplaces, and retail interiors. They combine functional layouts with modern Indian sensibilities, utilizing earthy textures and clean geometry. The firm provides complete turnkey project execution, including civil, MEP, and bespoke carpentry works.","Mumbai, Thane, Navi Mumbai, Pune, Pan-India",https://www.zero9.in/interiors-architecture
Abraham John Architects (AJA),Abraham John & Alan Abraham (Principal Architects & Partners),mail@abrahamjohnarchitects.com,+91 22 2649 9507,https://www.abrahamjohnarchitects.com,46+ Years (Est. 1980),"₹3,500 - ₹8,500 / sq.ft. (Tropical Modernist Luxury Villas & Penthouses)","Abraham John Architects is an internationally acclaimed multidisciplinary architecture, interior design, and landscaping studio. They are celebrated for their tropical modernism, seamless indoor-outdoor connections, and contextual eco-friendly villas. They manage ultra-luxury turnkey renovations, heritage restorations, and comprehensive high-end interiors.","Mumbai, Alibaug, Goa, Pune, Pan-India",https://www.abrahamjohnarchitects.com/
Studio PKA,Puran Kumar (Founder & Principal Architect),info@studiopka.com,+91 22 2200 1212,https://studiopka.com,33+ Years (Est. 1993),"₹2,800 - ₹6,500 / sq.ft. (Adaptive Reuse, Heritage & Luxury Residential)","Studio PKA is an established practice specializing in corporate workplace interiors, heritage adaptive reuse, and luxury private residences. Their design philosophy focuses on celebrating raw textures, natural light, and architectural history. The firm provides end-to-end design management, interior architectural renovations, and bespoke fit-outs.","Mumbai, Thane, Pune, Pan-India",https://studiopka.com/
Studio MAT Architects,Harsh Soneji & Pratha Bhagat (Founders & Principal Architects),studiomatarchitects@gmail.com,+91 97734 85683,https://studiomatarchitects.com,9+ Years (Est. 2017),"₹1,800 - ₹4,200 / sq.ft. (Modern Urban Apartments & Compact Commercial)","Studio MAT Architects provides innovative architectural and interior design solutions for modern urban residences, boutique offices, and retail spaces. They excel in transforming compact urban layouts into luminous, multi-functional living spaces using organic textures and subtle color palettes. They deliver full turnkey renovation, contractor management, and bespoke detailing.","Mumbai, Thane, Navi Mumbai, Pune",https://studiomatarchitects.com/
Aum Architects,Ar. Manish Dikshit (Founding Partner & Design Principal),info@aumarchitects.com,+91 22 4976 1288,https://aumarchitects.com,22+ Years (Est. 2004),"₹2,000 - ₹4,800 / sq.ft. (Turnkey Residential & Commercial Interiors)","Aum Architects is a leading Mumbai-based design firm specializing in turnkey residential apartments, luxury villas, and corporate offices. They focus on maximal minimalism and functional design tailored to client lifestyles and Vastu parameters. Their turnkey offering covers complete civil modifications, MEP coordination, and custom modular solutions.","Mumbai, Thane, Navi Mumbai, Pune, Dubai",https://aumarchitects.com/
Studio Infinity,Ar. Tushar Kothawade & Ar. Chiranjivi Lunkad (Co-Founders & Principal Architects),projects@studioinfinity.in,+91 98220 54123,http://www.studioinfinity.in,18+ Years (Est. 2008),"₹2,000 - ₹4,500 / sq.ft. (Sustainable Residential & Workspace Interiors)","Studio Infinity is an acclaimed Pune architecture and interior firm providing end-to-end design solutions across residential, educational, and corporate sectors. They are renowned for their material-driven aesthetics, visual connectivity, and sustainable spatial interventions. The firm oversees full renovation lifecycles from structural planning to turnkey interior handover.","Pune, Mumbai, Nashik, Kolhapur",http://www.studioinfinity.in/
Sparc Design,Ar. Suhani Lal Sanghra (Founder & Principal Architect),info@sparcdesign.co.in,+91 99233 91357,https://sparcdesign.co.in,16+ Years (Est. 2010),"₹2,200 - ₹5,000 / sq.ft. (Tailored Luxury Residential & Hospitality)","Sparc Design is a distinguished architecture and interior consultancy known for highly tactile, client-centric design with bursts of color and innovative materiality. Their portfolio encompasses luxury private homes, penthouses, and boutique commercial venues. They provide complete turnkey renovation services, MEP planning, and custom furniture curation.","Pune, Thane, Mumbai, Goa, Nashik",https://sparcdesign.co.in/projects/
Mind Manifestation Design (MMD),Ar. Chetan Lahoti & Ar. Anand Deshmukh (Founding Partners & Principal Architects),info@mindmanifestation.co.in,+91 92845 30463,https://mindmanifestation.co.in,12+ Years (Est. 2014),"₹1,800 - ₹4,200 / sq.ft. (Contextual Residential & Workplace Interiors)","Mind Manifestation Design is a design-led practice in Pune focusing on contextual architecture, daylight optimization, and earthy interior palettes. They specialize in residential apartment overhauls, bespoke villa interiors, and modern office spaces. Their team handles comprehensive turnkey renovations, site coordination, and structural modifications.","Pune, Mumbai, Aurangabad, Pan-Maharashtra",https://mindmanifestation.co.in/projects/
Jagruti Design Studio,Jagruti Kothawade (Founder & Lead Interior Designer),studio@jagrutidesigns.com,+91 20 2539 9977,https://jagrutidesigns.com,15+ Years (Est. 2011),"₹1,500 - ₹3,800 / sq.ft. (Turnkey Home Renovation & Modular Interiors)","Jagruti Design Studio is an established interior design firm delivering complete turnkey renovation solutions for residential apartments, villas, and corporate offices. They are renowned for contrasting color palettes, space-maximizing modular systems, and timely project delivery. Services include full home demolition, civil refits, modular kitchens, and custom woodwork.","Pune, Mumbai, Nashik, PCMC",https://jagrutidesigns.com/
Hiren Patel Architects (HPA),Ar. Hiren Patel (Founder & Principal Architect),info@hpa.co.in,+91 79 2676 7264,https://www.hpa.co.in,37+ Years (Est. 1989),"₹3,000 - ₹7,500 / sq.ft. (High-End Luxury Villas, Penthouses & Turnkey Landscapes)","Hiren Patel Architects is one of western India's most acclaimed architectural and interior firms, blending timeless tropical aesthetics with modern luxury. Through their interior cell (FIDC), they execute sprawling private residence interiors, bespoke woodwork, and holistic residential renovations. Their services include comprehensive turnkey architecture, interior fit-outs, and landscape integration.","Ahmedabad, Surat, Vadodara, Rajkot, Mumbai",https://www.hpa.co.in/projects/
Shayona Consultant (Prashant Parmar Architect),Ar. Prashant Parmar (Founder & Principal Architect),shayonaconsultant1921@gmail.com,+91 98253 98519,https://www.prashantparmar.com,26+ Years (Est. 2000),"₹2,000 - ₹5,000 / sq.ft. (Turnkey Bungalows & Modern Indian Interiors)","Shayona Consultant is a leading architectural and interior design firm in Gujarat known for timeless residential architecture and Vastu-compliant interiors. They have delivered over 1,000 residential and commercial projects with a strong emphasis on clean geometry and cultural resonance. The firm provides complete turnkey interior renovation, 3D visualization, and on-site project execution.","Ahmedabad, Gandhinagar, Rajkot, Surat, Vadodara",https://prashantparmar.com/projects/
Modo Designs,Ar. Arpan Shah (Founder & Principal Architect),info@mododesigns.co.in,+91 79 2684 0800,https://www.mododesigns.co.in,24+ Years (Est. 2002),"₹2,500 - ₹6,000 / sq.ft. (Biophilic Luxury Residences & Turnkey Interiors)","Modo Designs is an architecture and interior design firm celebrated for creating progressive, climate-responsive, and nature-integrated spaces. Their work features seamless indoor-outdoor transitions, exposed material honesty, and bespoke interior detailing for luxury homes and corporate buildings. They handle end-to-end interior design and full architectural remodeling.","Ahmedabad, Vadodara, Surat, Rajkot",https://www.mododesigns.co.in/
VPA Architects (Vipul Patel Architects),"Ar. Ronak Patel, Ar. Jinal Patel & Ar. Naiya Patel (Principal Architects)",vpaarchitects@gmail.com,+91 79 2749 0944,https://vpaarchitects.in,32+ Years (Est. 1994),"₹2,200 - ₹5,500 / sq.ft. (Minimalist Residential Architecture & Turnkey Interiors)","VPA Architects is a multi-generational design studio focusing on clean, minimal, and bold architectural and interior expressions. They provide comprehensive residential interior design, luxury villa remodeling, and turnkey interior fit-outs with an emphasis on low maintenance and natural materials. Their team delivers end-to-end execution across Gujarat.","Ahmedabad, Surat, Rajkot, Vadodara, Pan-Gujarat",https://vpaarchitects.in/
Essteam Design Services,Ar. Snehal Shah & Ar. Saloni Shah (Managing Directors & Principal Partners),snehal.essteam@gmail.com,+91 261 273 2471,https://www.essteam.in,22+ Years (Est. 2004),"₹2,000 - ₹5,000 / sq.ft. (Sustainable Architecture, Turnkey Interiors & Commercial)","Essteam is a premier multidisciplinary design consultancy in Surat providing single-point integrated project delivery for architecture and interior spaces. Specializing in sustainable green building practices, they execute large-scale residential, corporate, and commercial renovations. They manage all design stages from structural modifications to turnkey interior completion.","Surat, Ahmedabad, Vadodara, Mumbai",https://www.essteam.in/projects
Manoj Patel Design Studio,Ar. Manoj Patel (Founder & Principal Architect),manojpatelstudio@gmail.com,+91 265 233 4455,https://www.manojpateldesignstudio.com,11+ Years (Est. 2015),"₹1,800 - ₹4,500 / sq.ft. (Clay Tile Upcycling & Climate-Responsive Interiors)","Manoj Patel Design Studio is an internationally recognized practice pioneering sustainable design through the upcycling of vernacular clay tiles and ceramic waste into contemporary spaces. They specialize in climate-conscious residential renovations, corporate offices, and adaptive reuse projects. The firm provides complete turnkey interior and architectural design services.","Vadodara, Ahmedabad, Surat, Rajkot",https://www.manojpateldesignstudio.com/
Raya Shankhwalker Architects,Ar. Raya Shankhwalker (Founder & Principal Architect),info@rsagoa.in,+91 77199 98822,http://www.rsagoa.in,22+ Years (Est. 2004),"₹3,000 - ₹7,000 / sq.ft. (Heritage Villa Restoration & Luxury Hospitality Interiors)","Raya Shankhwalker Architects is a boutique architecture and interior design studio based in Goa, known for tropical coastal architecture and Indo-Portuguese heritage restorations. They design luxurious private villas, boutique resorts, and bespoke residential interiors that harmonize with local environment and culture. The studio manages comprehensive turnkey renovations and architectural restorations.","Goa, Mumbai, Pune, Alibaug",http://www.rsagoa.in/
D'LIFE Home Interiors,Joby Pullattu Mathew (Co-Founder & Managing Director),enquiry@dlifeinteriors.com,+91 94950 87777,https://www.dlifeinteriors.com,20+ Years (Est. 2004),"₹1,500 - ₹3,000 / sq.ft. (₹10 Lakhs - ₹60+ Lakhs for full-home turnkey interiors)","D'LIFE Home Interiors is one of South India's largest and most established customized home interior design companies with over 9,000+ completed projects. The firm specializes in complete turnkey interior design and renovation for apartments and villas, backed by a 125,000 sq.ft state-of-the-art German-machinery manufacturing facility and a 10-year warranty.","Kochi, Bengaluru, Chennai, Hyderabad, Coimbatore, Mysuru, Trivandrum, Kozhikode, Thrissur",https://www.dlifeinteriors.com
The KariGhars,Abhishek Chadha (Founder & CEO),support@thekarighars.com,+91 70227 22222,https://www.thekarighars.com,15+ Years (Est. 2009),"₹2,500 - ₹5,000 / sq.ft. (₹25 Lakhs - ₹1.5+ Crore for luxury bespoke residences)","The KariGhars is an award-winning luxury interior design firm specializing in bespoke residential interior solutions and turnkey transformations for premium villas and penthouses. Their in-house team manages end-to-end execution, from spatial layouts and custom 3D visualizations to furniture fabrication and site styling.","Bengaluru, Mysuru, Hyderabad",https://www.thekarighars.com
Decorpot,Deepak Agrawal (Co-Founder & CEO),hello@decorpot.com,+91 91086 02000,https://www.decorpot.com,11+ Years (Est. 2015),"₹1,400 - ₹2,800 / sq.ft. (₹8 Lakhs - ₹40 Lakhs)","Decorpot is a leading home interior design brand delivering end-to-end turnkey interior and renovation services for flats, villas, and independent homes. Supported by dedicated in-house automated manufacturing and 400+ design professionals, they deliver precision factory-finished interiors with transparent pricing.","Bengaluru, Hyderabad, Chennai, Coimbatore, Mysuru, Pune, Kolkata",https://www.decorpot.com
Carafina Interior Designers,Jerry Jacob (Co-Founder & Principal Director),welcome@carafina.in,+91 99000 35665,https://www.carafina.in,12+ Years (Est. 2012),"₹1,800 - ₹3,500 / sq.ft. (₹18 Lakhs - ₹50+ Lakhs)","Carafina is a premier interior design studio recognized for high-end residential interiors and turnkey transformations. They specialize in sophisticated space planning, bespoke false ceiling designs, glamorous kitchens, and custom luxury furniture for modern apartments and villas.","Bengaluru, Mysuru",https://www.carafina.in
WEA Designs,Dhahab Marvan (Founder & Managing Director),info@weadesign.com,+91 87923 47350,https://weadesign.com,10+ Years (Est. 2014),"₹1,800 - ₹3,800 / sq.ft. (₹15 Lakhs - ₹60 Lakhs)","WEA Designs Pvt Ltd is a luxury interior design and renovation company providing turnkey interior architecture for contemporary apartments and villas. Their expertise spans modular kitchen installations, custom wardrobes, living area makeovers, and commercial office interiors.","Bengaluru, Mysuru, Hyderabad",https://weadesign.com
Asense Interior,Snigdha Ghosh (Founder & Creative Director),asenseinterior@gmail.com,+91 76763 75901,https://www.asenseinterior.com,10+ Years (Est. 2014),"₹1,200 - ₹2,500 / sq.ft. (₹8 Lakhs - ₹30 Lakhs)","Asense Interior is a trusted home interior design firm with over 1,900+ completed residential projects across Karnataka. They offer end-to-end interior design and renovation, customized modular kitchens, bespoke storage units, and transparent on-time execution.","Bengaluru, Whitefield, Electronic City, Sarjapur, Mysuru",https://www.asenseinterior.com
Kuvio Studio,Richa Jain (Founder & Principal Designer),info@kuviostudio.com,+91 99008 10362,https://kuviostudio.com,13+ Years (Est. 2011),"₹1,600 - ₹3,200 / sq.ft. (₹12 Lakhs - ₹45 Lakhs)",Kuvio Studio is a contemporary design studio specializing in comprehensive interior architecture and turnkey renovation for residential and commercial environments. They provide complete project lifecycle management from 3D concept development to on-site carpentry and styling.,"Bengaluru, Mysuru, Hyderabad, Chennai",https://kuviostudio.com/our-services/
FADD Studio,Farah Ahmed (Co-Founder & Principal Architect),contact@faddstudio.com,+91 80 4115 5459,https://faddstudio.com,14+ Years (Est. 2012),"₹3,000 - ₹7,000+ / sq.ft. (₹40 Lakhs - ₹2+ Crore for ultra-luxury bespoke projects)","Founded by Farah Ahmed and Dhaval Shellugar, FADD Studio is an internationally celebrated interior architecture practice renowned for its bold, eclectic, and experimental designs. They undertake high-end turnkey projects for luxury residences, boutique villas, and premier hospitality spaces.","Bengaluru, Hyderabad, Chennai, Goa, Mumbai",https://faddstudio.com
Bonito Designs,Sameer A.M. (Co-Founder & CEO),compliance@bonito.in,+91 80 6845 5055,https://bonito.in,14+ Years (Est. 2012),"₹1,500 - ₹3,200 / sq.ft. (₹12 Lakhs - ₹50 Lakhs)","Bonito Designs is a premier full-home interior design firm known for personalized design concepts and designer collaborations. They deliver turnkey residential transformations, factory-manufactured modular furnishings, and complete home renovation services.","Bengaluru, Hyderabad, Mumbai",https://bonito.in
Design Cafe,Gita Ramanan (CEO & Co-Founder),corpcomm@designcafe.com,+91 80 6806 5000,https://www.designcafe.com,11+ Years (Est. 2015),"₹1,200 - ₹2,400 / sq.ft. (₹6 Lakhs - ₹30 Lakhs)","Design Cafe was founded by architects Gita Ramanan and Shezaan Bhojani to provide personalized, architect-led modular interiors with smart space optimization. They deliver full-home turnkey interior solutions, modular kitchens, and custom renovation services with a 10-year warranty.","Bengaluru, Chennai, Hyderabad, Coimbatore, Mysuru, Visakhapatnam, Kochi",https://www.designcafe.com
Magnon Interiors,Harish K R (Founder & Managing Director),rk@magnonindia.com,+91 88806 46464,https://magnonindia.com,16+ Years (Est. 2008),"₹1,300 - ₹2,600 / sq.ft. (₹7 Lakhs - ₹25 Lakhs)","Magnon Interiors is an established residential interior design and execution firm in South India with over 1,500 completed projects. They operate an in-house manufacturing facility delivering custom modular woodwork, turnkey home makeovers, and lighting solutions.","Bengaluru, Mysuru, Hosur",https://magnonindia.com
AANDH (Aamir & Hameeda Interior Designers),Aamir Sharma (Co-Founder & Principal Designer),design_ah@yahoo.co.in,+91 40 6678 4993,https://aandh.co.in,24+ Years (Est. 2000),"₹3,500 - ₹8,000+ / sq.ft. (₹50 Lakhs - ₹3+ Crore for high-end luxury estates)","Aamir & Hameeda (AANDH) is an iconic luxury design firm headed by husband-wife duo Aamir and Hameeda Sharma. Known for their chic industrial aesthetic and bespoke luxury finishes, they provide turnkey interior architecture for celebrity homes, luxury villas, and fine-dining spaces.","Hyderabad, Bengaluru, Chennai, Mumbai, Dubai",https://aandh.co.in
Nifty Interio,Keshav Sanam (Founder & Managing Director),niftyinterio@gmail.com,+91 95813 68182,https://www.niftyinterio.com,12+ Years (Est. 2014),"₹1,100 - ₹2,200 / sq.ft. (₹6 Lakhs - ₹25 Lakhs)","Nifty Interio is a prominent interior design firm in Hyderabad with over 800 executed residential and commercial projects. They offer turnkey design, modular kitchen fittings, space-saving storage, and complete interior renovation services with client-focused customization.","Hyderabad, Secunderabad, Cyberabad, Visakhapatnam, Warangal",https://www.niftyinterio.com
Cutting Edge Design Studio,Ar. Mayur Mundada (Principal Architect & Founder),info@cuttingedgeds.com,+91 96180 44567,https://cuttingedgeds.com,11+ Years (Est. 2013),"₹2,000 - ₹4,500 / sq.ft. (₹20 Lakhs - ₹80 Lakhs)","Cutting Edge Design Studio is an award-winning interior architecture firm recognized for concept-driven, bold spatial designs. They execute end-to-end turnkey residential, commercial, and retail renovation projects with high attention to custom material detailing.","Hyderabad, Visakhapatnam, Bengaluru, Vijayawada",https://cuttingedgeds.com
Vaishnavi Interiors,Natrajan S. (Lead Designer & Technical Director),info@vaishnaviinteriors.in,+91 97003 55312,https://vaishnaviinteriors.in,15+ Years (Est. 2009),"₹1,200 - ₹2,600 / sq.ft. (₹8 Lakhs - ₹35 Lakhs)","Vaishnavi Interiors is a seasoned interior design and contracting studio serving residential and commercial properties in Hyderabad. They handle turnkey renovations, customized carpentry, modular kitchens, and contemporary false ceilings tailored to client budgets.","Hyderabad, Gachibowli, Kondapur, Madhapur, Jubilee Hills",https://vaishnaviinteriors.in
U&I Interiors,Uttamaditya (Founder & Principal Designer),info@uiinteriors.com,+91 98480 34567,https://uiinteriors.com,17+ Years (Est. 2007),"₹2,200 - ₹4,800 / sq.ft. (₹25 Lakhs - ₹1 Crore)","U&I Interiors specializes in bespoke, high-end residential and corporate interior architecture. Their portfolio spans luxury villas, penthouses, and executive offices, delivering turnkey design, precision fit-outs, and custom furnishings with sophisticated finishes.","Hyderabad, Secunderabad, Vijayawada, Visakhapatnam",https://uiinteriors.com
DezynTrend,Mohammed Khaja (Founder & Managing Director),info@dezyntrend.com,+91 78427 51874,https://dezyntrend.com,10+ Years (Est. 2014),"₹1,200 - ₹2,400 / sq.ft. (₹7 Lakhs - ₹28 Lakhs)","DezynTrend offers full-service home interior design and turnkey renovations across Telangana. They provide comprehensive space planning, custom modular kitchens, bespoke wardrobe systems, and complete living space transformations.","Hyderabad, Secunderabad, Malakpet, Banjara Hills, Gachibowli",https://dezyntrend.com
The Auburn Studio,Ar. Sushmitha Ramesh (Founder & Principal Architect),sushmitha@theauburnstudio.com,+91 98840 75804,https://theauburnstudio.com,8+ Years (Est. 2016),"₹2,500 - ₹5,500 / sq.ft. (₹25 Lakhs - ₹90 Lakhs)","The Auburn Studio is a boutique architecture and interior design practice headed by Sushmitha Ramesh. The firm is acclaimed for crafting warm, minimalist spaces using natural materials, textured finishes, and bespoke craftsmanship for luxury residences and boutique commercial spaces.","Chennai, Bengaluru, Coimbatore, Kochi, Puducherry",https://theauburnstudio.com
DEEJOS Interiors,Dennis Ebenezar (Founder & Managing Director),hello@deejos.com,+91 81100 00384,https://www.deejos.com,16+ Years (Est. 2008),"₹1,500 - ₹3,000 / sq.ft. (₹12 Lakhs - ₹50 Lakhs)","DEEJOS Interiors is a leading construction, architecture, and interior design firm in South India. They specialize in full-home turnkey interior executions, villa renovations, and customized modular interiors built to high engineering and aesthetic standards.","Chennai, Bengaluru, Hyderabad, Coimbatore",https://www.deejos.com
DesignQube Architects & Interior Designers,Arun Karthik Nagappan (Co-Founder & Managing Partner),hello@designqube.com,+91 98400 96293,https://designqube.com,14+ Years (Est. 2010),"₹2,000 - ₹4,200 / sq.ft. (₹18 Lakhs - ₹75 Lakhs)","DesignQube is a process-oriented team of architects and interior designers operating across Chennai, Bangalore, and Coimbatore. They specialize in contemporary sustainable residential homes, complete turnkey interiors, and corporate office renovations.","Chennai, Coimbatore, Bengaluru, Madurai",https://designqube.com
Bizzoppo Interiors,Logeshkumar Mani (Co-Founder & Director),sales@bizzoppo.com,+91 86672 23919,https://bizzoppo.com,15+ Years (Est. 2009),"₹1,100 - ₹2,400 / sq.ft. (₹5 Lakhs - ₹25 Lakhs)","Bizzoppo Interiors is a prolific interior design and decoration firm with over 4,500+ completed projects in Tamil Nadu. They provide full-home interior design, modular kitchen installations, custom wardrobes, and commercial fit-outs.","Chennai, Coimbatore, Kanchipuram, Chengalpattu, Vellore",https://bizzoppo.com/interiors/portfolio/
The Plank Interiors,Ar. Vignesh Kumar (Principal Architect & Co-Founder),hello@theplank.in,+91 82205 77577,https://theplank.in,9+ Years (Est. 2015),"₹1,600 - ₹3,400 / sq.ft. (₹14 Lakhs - ₹45 Lakhs)","The Plank Interiors is a recognized architecture and luxury interior design studio based in Chennai. They specialize in bespoke residential apartments, luxury villas, and modern office interiors, providing complete turnkey interior design and renovation.","Chennai, Coimbatore, Bengaluru, Tiruchirappalli",https://theplank.in
Northwest Interiors,R. Saravanan (Founder & Managing Director),northwest@idecors.me,+91 72990 79991,https://northwestinteriors.in,41+ Years (Est. 1983),"₹1,300 - ₹2,800 / sq.ft. (₹8 Lakhs - ₹35 Lakhs)","Established in 1983, Northwest Interiors is one of Chennai's longest-standing interior design and renovation companies. They provide turnkey residential interiors, commercial fit-outs, full home makeovers, acoustic solutions, and custom joinery.","Chennai, Chengalpattu, Kanchipuram, Thiruvallur",https://northwestinteriors.in
Lemon Interior Designers,Rex Antony Thomas (Founder & Managing Partner),rex@lemoninteriordesigners.com,+91 98956 77008,https://lemoninteriordesigners.com,14+ Years (Est. 2010),"₹1,400 - ₹2,800 / sq.ft. (₹10 Lakhs - ₹40 Lakhs)","Lemon Interior Designers is a leading interior design and renovation studio based in Kochi, Kerala. They deliver customized turnkey home interiors, luxury villa makeovers, modular kitchens, and contemporary living spaces backed by in-house manufacturing.","Kochi, Ernakulam, Thrissur, Kottayam, Trivandrum, Kozhikode",https://lemoninteriordesigners.com/services
BuildArt Interiors,Mahesh R. (Founder & Principal Architect),info@buildartinterior.com,+91 81290 00120,https://buildartinterior.com,12+ Years (Est. 2012),"₹1,400 - ₹3,000 / sq.ft. (₹12 Lakhs - ₹50 Lakhs)","BuildArt Interiors is an architecture, turnkey construction, and interior design firm in Trivandrum. They deliver comprehensive residential and commercial transformations, managing complete space planning, 3D interior design, custom carpentry, and on-site delivery.","Trivandrum, Kollam, Pathanamthitta, Kochi",https://buildartinterior.com/testimonials/
Livspace,Ramakant Sharma (Co-Founder & COO) / Saurabh Jain (CEO - India),care@livspace.com,1800-309-0930,https://www.livspace.com,10+ Years (Est. 2014),"₹1,400 - ₹3,200 / sq.ft. (₹5 Lakhs - ₹35 Lakhs+ for 2BHK/3BHK)","Livspace is India’s largest tech-enabled turnkey home interior and renovation platform. It offers complete residential interior solutions, modular kitchens, custom wardrobes, and civil renovations with end-to-end design-to-installation project management.","Pan-India including Kolkata, Bhubaneswar, Patna, Ranchi, Indore, Bhopal, Raipur, Guwahati, Bengaluru, Mumbai, Delhi NCR, Hyderabad, Pune, Chennai",https://www.livspace.com/in/interiors
HomeLane,Srikanth Iyer (Co-Founder & CEO) / Tanuj Choudhry (Co-Founder & COO),care@homelane.com,1800-102-4663,https://www.homelane.com,10+ Years (Est. 2014),"₹1,300 - ₹2,800 / sq.ft. (₹4 Lakhs - ₹30 Lakhs+ for standard to premium apartments)","HomeLane delivers turnkey interior design solutions with a trademark 45-day installation guarantee. The platform specializes in customized modular kitchens, wardrobes, entertainment units, and full-home residential renovations powered by proprietary 3D design software SpaceCraft.","Pan-India including Kolkata, Bhubaneswar, Ranchi, Patna, Indore, Bhopal, Raipur, Bengaluru, Mumbai, Delhi NCR, Hyderabad, Chennai, Pune",https://www.homelane.com/interiors
Beautiful Homes Service by Asian Paints,"Amit Syngle (MD & CEO, Asian Paints)",customercare@asianpaints.com,1800-209-5678,https://www.beautifulhomes.asianpaints.com,6+ Years (Est. 2020),"₹1,200 - ₹3,000 / sq.ft. (₹5 Lakhs - ₹30 Lakhs)","Beautiful Homes Service is Asian Paints’ flagship end-to-end interior design and execution arm. It provides comprehensive turnkey solutions covering personalized 3D spatial design, bespoke modular furniture, wall textures, lighting, soft furnishings, and complete home renovations.","Pan-India across 100+ cities including Kolkata, Bhubaneswar, Patna, Ranchi, Indore, Bhopal, Raipur, Guwahati, Mumbai, Delhi NCR, Bengaluru",https://www.beautifulhomes.asianpaints.com/
Godrej Interio,Swapneel Nagarkar (Senior VP & Business Head),interiocare@godrej.com,1800-267-1122,https://www.godrejinterio.com,25+ Years (Est. 1999 as Godrej Division),"₹1,200 - ₹2,600 / sq.ft. (₹3.5 Lakhs - ₹25 Lakhs)","Godrej Interio is one of India’s largest furniture and interior design brands, offering turnkey solutions for residential and commercial spaces. It delivers customized modular kitchens, ergonomic living and office spaces, architectural civil renovations, and storage systems.","Pan-India across 500+ cities including Kolkata, Bhubaneswar, Ranchi, Patna, Indore, Bhopal, Raipur, Guwahati, Mumbai, Delhi NCR, Bengaluru",https://www.godrejinterio.com/gallery
Spacewood Furnishers,Kirit Joshi (Co-Founder & Director) / Vivek Deshpande (Co-Founder & Director),care@spacewood.in,+91-80077-72510,https://spacewood.in,28+ Years (Est. 1996),"₹1,100 - ₹2,500 / sq.ft. (₹4 Lakhs - ₹20 Lakhs)","Headquartered in Central India (Nagpur) with national reach, Spacewood is a leading modular interior manufacturer and turnkey provider. It specializes in engineered modular kitchens, bespoke wardrobes, bedroom packages, and complete home and commercial interior fit-outs.","Pan-India with major footprint in Nagpur, Bhopal, Indore, Raipur, Kolkata, Bhubaneswar, Patna, Mumbai, Pune, Delhi NCR",https://spacewood.in/inspiration/
Urban Company Interiors,Abhiraj Singh Bhal (Co-Founder & CEO),help@urbancompany.com,1800-419-0333,https://www.urbancompany.com,10+ Years (Est. 2014),"₹1,000 - ₹2,200 / sq.ft. (₹3 Lakhs - ₹18 Lakhs)","Urban Company provides structured turnkey renovation and home interior packages managed end-to-end by certified project managers. Their interior services include modular kitchen setup, bathroom remodeling, custom carpentry, wall painting, electricals, and civil alterations.","Pan-India across 50+ cities including Kolkata, Bhubaneswar, Patna, Ranchi, Indore, Bhopal, Raipur, Guwahati, Delhi NCR, Mumbai, Bengaluru, Hyderabad",https://www.urbancompany.com/
Arrivae,Yash Kela (Founder & CEO),contactus@arrivae.com,1800-102-2339,https://www.arrivae.com,8+ Years (Est. 2016),"₹1,500 - ₹3,500 / sq.ft. (₹7 Lakhs - ₹35 Lakhs+)","Arrivae is an integrated architecture and interior design platform offering made-to-order turnkey solutions for residential and commercial spaces. Backed by strategic materials partnerships, it handles everything from architectural design to precision modular manufacturing and on-site fit-outs.","Pan-India including Mumbai, Pune, Delhi NCR, Bengaluru, Hyderabad, Chennai, Kolkata, Ahmedabad",https://www.arrivae.com/projects/
Spectrum Interiors,Indraraj Priyam & Disha Bhattacharya (Co-Founders & Principal Consultants),info@spectruminteriors.co.in,+91-9830501777,https://www.spectruminteriors.co.in,10+ Years (Est. 2014),"₹1,200 - ₹2,500 / sq.ft. (₹4 Lakhs - ₹25 Lakhs)","Spectrum Interiors is an award-winning Kolkata interior design firm specializing in turnkey residential and commercial decoration. They deliver customized 3D spatial planning, false ceilings, luxury modular kitchens, civil work, and office remodeling across Eastern India.","Kolkata, Howrah, Salt Lake, New Town, Rajarhat, South 24 Parganas, and West Bengal",https://www.spectruminteriors.co.in/
Cee Bee Design Studio,Chitralekha Biswas (Founder & Principal Designer),chitralekha@ceebeedesignstudio.com,+91-6360254435,https://www.ceebeedesignstudio.com,14+ Years (Est. 2010),"₹1,400 - ₹3,200 / sq.ft. (₹6 Lakhs - ₹35 Lakhs)","Cee Bee Design Studio is an ISO-certified premier interior design and turnkey execution company founded in Kolkata. The studio focuses on bespoke residential apartments, luxury villas, modular kitchens, and contemporary commercial interiors with in-house project supervision.","Kolkata, Bengaluru, Hyderabad, Goa, and Eastern India",https://www.ceebeedesignstudio.com/portfolio
BlueMasons,Manoj Mundhra (Co-Founder & Principal Architect),info@bluemasons.com,+91-9830022885,https://www.bluemasons.com,12+ Years (Est. 2012),"₹1,500 - ₹3,800 / sq.ft. (₹7 Lakhs - ₹40 Lakhs)","BlueMasons is a leading high-end architectural and interior design firm based in Kolkata. They deliver turnkey luxury residential interiors, villa remodels, boutique hospitality spaces, and modern corporate office interiors with complete material procurement and on-site contracting.","Kolkata, Durgapur, Siliguri, Asansol, and East India",https://www.bluemasons.com/portfolio
Bosky Interior,Partha Ghosh (Founder & Managing Director),enquiry@boskyinterior.com,+91-9163663355,https://boskyinterior.com,12+ Years (Est. 2012),"₹1,100 - ₹2,200 / sq.ft. (₹3.5 Lakhs - ₹20 Lakhs)","Bosky Interior is a prominent Kolkata-based turnkey residential interior design and manufacturing firm. Operating multiple experience centers, they specialize in custom modular kitchens, wardrobes, complete flat makeovers, and civil renovations backed by factory-made precision.","Kolkata (New Town, Garia, Hiland Park, Jessore Road), Howrah, and Hooghly",https://boskyinterior.com/portfolio/
A Square Designs,Ajay Arya (Founder & Principal Designer),info@asquaredesigns.in,+91-9830082872,https://www.asquaredesigns.in,25+ Years (Est. 1999),"₹2,500 - ₹6,000 / sq.ft. (₹15 Lakhs - ₹1 Crore+ / Luxury & Ultra-Luxury)","A Square Designs is an acclaimed luxury interior design atelier in Kolkata catering to elite residential and commercial clients. Founded by celebrated designer Ajay Arya, the firm creates art-infused contemporary penthouses, opulent heritage bungalows, and turnkey executive office spaces.","Kolkata, Eastern India, and Pan-India luxury commissions",https://www.asquaredesigns.in/portfolio
Kriti Kreations Interior Design,Manas Ranjan Mohanty (Founder & Lead Designer),info@kritikreations.in,+91-7978603683,https://kritikreations.in,14+ Years (Est. 2010),"₹1,200 - ₹2,600 / sq.ft. (₹4 Lakhs - ₹25 Lakhs)","Kriti Kreations is one of Bhubaneswar’s top-rated turnkey interior design and decoration agencies. The firm delivers end-to-end residential interiors, modern modular kitchens, custom wooden furniture, false ceiling lighting, and corporate workplace renovations.","Bhubaneswar, Cuttack, Puri, Rourkela, and across Odisha",https://kritikreations.in/portfolio/
Shaswat Interiors,Saswat Kumar Sahoo (Founder & Principal Designer),info@shaswatinteriors.com,+91-9437299990,https://www.shaswatinteriors.com,10+ Years (Est. 2014),"₹1,100 - ₹2,400 / sq.ft. (₹3.5 Lakhs - ₹22 Lakhs)","Shaswat Interiors provides complete turnkey interior and architectural design services in Odisha. They specialize in modern 3BHK/4BHK apartment interiors, duplex makeovers, modular kitchens, decorative wall paneling, and commercial showroom styling.","Bhubaneswar, Cuttack, Sambalpur, Berhampur, and Odisha region",https://www.shaswatinteriors.com/projects
Handyman & Associates,MD Mokarram (Founder & Managing Director),info@handymanassociates.in,+91-9709999996,https://www.handymanassociates.in,16+ Years (Est. 2008),"₹1,000 - ₹2,400 / sq.ft. (₹3.5 Lakhs - ₹20 Lakhs)","Handyman & Associates is a premier turnkey home interior and civil renovation company based in Ranchi, Jharkhand. They provide comprehensive residential interior design, customized U-shaped/L-shaped modular kitchens, wooden flooring, false ceilings, and corporate office fit-outs.","Ranchi, Jamshedpur, Dhanbad, Bokaro, and Jharkhand",https://www.handymanassociates.in/our-works/
Nirmaan Architects & Designers,Ar. Anupam Kumar (Principal Architect),contact@nirmaanarchitects.com,+91-9431102222,https://nirmaanarchitects.com,15+ Years (Est. 2009),"₹1,200 - ₹2,800 / sq.ft. (₹5 Lakhs - ₹30 Lakhs)","Nirmaan Architects & Designers is a multidisciplinary architectural and interior design firm in Ranchi. They offer turnkey residential interior renovations, structural modifications, bespoke modular storage, and corporate office turnkey execution across Jharkhand.","Ranchi, Hazaribagh, Jamshedpur, Deoghar, and Jharkhand state",https://nirmaanarchitects.com/portfolio/
Thikedaar.Com,Sujeet Kumar Mishra (Co-Founder & CEO) / Jenie Singh (Co-Founder),hello@thikedaar.com,+91-7211626262,https://thikedaar.com,5+ Years (Est. 2019),"₹1,200 - ₹2,500 / sq.ft. (₹5 Lakhs - ₹35 Lakhs)","Thikedaar.Com is a prominent tech-enabled construction and turnkey interior renovation firm founded in Patna with operations across Eastern India. They specialize in full-home structural construction, residential turnkey renovations, modular interiors, and commercial civil remodeling.","Patna, Gaya, Muzaffarpur, Bhagalpur, Ranchi, Gurugram, and Eastern India",https://thikedaar.com/our-projects
Seven Dimensions Interior & Architecture,Er. Alok Kumar (Managing Director & Principal Consultant),info@sevendimensions.in,+91-9122334455,https://sevendimensions.in,10+ Years (Est. 2014),"₹1,100 - ₹2,500 / sq.ft. (₹4 Lakhs - ₹24 Lakhs)","Seven Dimensions is a leading turnkey interior design and architectural planning consultancy in Patna, Bihar. The company offers complete 3D visualization, modular kitchen installations, living room refurbishment, false ceiling execution, and commercial retail fit-outs.","Patna, Danapur, Bihta, Hajipur, Muzaffarpur, and Bihar",https://sevendimensions.in/portfolio/
Make My House,Husain Johar & Mustafa Johar (Co-Founders),contact@makemyhouse.com,1800-419-3999,https://www.makemyhouse.com,9+ Years (Est. 2015),"₹1,100 - ₹2,600 / sq.ft. (₹4 Lakhs - ₹25 Lakhs)","Headquartered in Indore, Make My House is a pioneering architectural and turnkey interior solutions provider. They provide end-to-end 3D front elevations, interior space planning, turnkey residential execution, and comprehensive structural renovation blueprints.","Indore, Bhopal, Ujjain, Jabalpur, Gwalior, and across Central India",https://www.makemyhouse.com/projects
Integrity Designs,Ar. Sanjay Agrawal (Principal Architect & Founder),info@integritydesigns.in,+91-7999601714,https://www.integritydesigns.in,12+ Years (Est. 2012),"₹1,300 - ₹3,000 / sq.ft. (₹5 Lakhs - ₹30 Lakhs)","Integrity Designs is a leading full-service architectural and interior design studio based in Indore. They deliver turnkey residential transformations, bespoke modular kitchens, luxury bungalow interiors, corporate workspaces, and civil remodeling with precision supervision.","Indore, Ujjain, Dewas, Pithampur, and Madhya Pradesh",https://www.integritydesigns.in/portfolio/
Vibe by AMR BuildTech,Abhishek Rajput (Managing Director),info@amrbuildtech.com,+91-755-4099990,https://www.amrbuildtech.com,11+ Years (Est. 2013),"₹1,200 - ₹2,700 / sq.ft. (₹4.5 Lakhs - ₹28 Lakhs)","Vibe by AMR BuildTech is a premier turnkey interior design and renovation company based in Bhopal. They specialize in modern residential layouts, modular kitchen installations, custom wardrobes, false ceilings, and complete commercial space renovation across Madhya Pradesh.","Bhopal, Hoshangabad, Sehore, Raisen, and Central India",https://www.amrbuildtech.com/interior.php
Aajii Luxury Interiors,Jitu Kalita & Anupam Sharma (Co-Founders & Principal Designers),info@aajii.in,+91-9287098394,https://aajii.in,6+ Years (Est. 2018),"₹1,200 - ₹2,800 / sq.ft. (₹4 Lakhs - ₹26 Lakhs)","Aajii Luxury Interiors is a leading Guwahati-based turnkey interior design and renovation firm. They specialize in 3D architectural visualization, customized modular kitchens, full-home residential makeovers, false ceilings, and commercial office transformations across Northeast India.","Guwahati, Dispur, Hatigaon, Beltola, and Assam & Northeast India",https://aajii.in/
Gauri Khan Designs,Gauri Khan (Founder & Lead Designer),contact@gaurikhan.in,+91 22 2600 0070,https://www.gaurikhan.in,13+ Years (Est. 2013),"₹4,000 - ₹9,000+ / sq.ft. (Ultra-Luxury Celebrity Residential & Hospitality)","Gauri Khan Designs is an elite luxury interior design studio and bespoke furniture brand catering to high-profile residential estates, luxury penthouses, and branded commercial spaces. The studio provides end-to-end turnkey architectural interior design, custom furnishings, and artistic curation.","Mumbai, Delhi NCR, Goa, Dubai, Pan-India",https://www.gaurikhan.in/
Design Temple,Divya Thakur (Founder & Creative Director),info@designtemple.com,+91 22 2497 4545,https://designtemple.com,27+ Years (Est. 1999),"₹2,500 - ₹6,000 / sq.ft. (Bespoke Residential & Curated Spatial Design)","Design Temple is a renowned multidisciplinary design studio specializing in contemporary Indian aesthetics, conceptual residential interiors, and spatial storytelling. They offer complete design consulting, turnkey renovation supervision, and bespoke furniture design.","Mumbai, Goa, Bengaluru, Pan-India",https://designtemple.com/
Studio HBA India,Rahul Shankhwalker (Partner & Studio Director),info@studiohba.com,+91 11 4650 3300,https://www.hba.com,16+ Years in India (Est. 2010),"₹3,000 - ₹7,500 / sq.ft. (Hospitality & High-End Luxury Residential Turnkey)","Studio HBA India is the specialized brand of Hirsch Bedner Associates delivering world-class interior architecture, luxury residential interiors, and high-end hospitality renovation projects. They provide comprehensive turnkey interior design, architectural finishes, and bespoke lighting and FF&E solutions.","New Delhi, Mumbai, Bengaluru, Goa, Pan-India",https://www.hba.com/projects