Business Name,Contact Person,Email,Phone,Website,Years of Experience,Pricing Range,Business Description,Service Areas,License Number,Specialization,Due Diligence,Agreement Drafting,Registration,RERA,Litigation Support,Court Registration
Shardul Amarchand Mangaldas & Co,Shardul S. Shroff,contactus@amsshardul.com,+91 11 4159 0700,https://www.amsshardul.com,25+ Years,"Premium (₹50,000 - ₹5,00,000+)","Leading full-service tier-1 Indian law firm specializing in corporate transactions, M&A, banking, real estate due diligence, and dispute resolution.","New Delhi, Mumbai, Bengaluru, Gurugram, Kolkata, Ahmedabad, Chennai",D/1245/1980 (Bar Council of Delhi),"Corporate Law, Real Estate M&A, Regulatory & Banking",Yes (Comprehensive Title & Corporate Due Diligence),"Yes (Complex Commercial, JV, Shareholder & Conveyance Agreements)","Yes (ROC, Stamp Duty & Asset Registration)",Yes (RERA Project Advisory & Regulatory Compliance),"Yes (Supreme Court, High Courts, NCLT, Arbitrations)",Yes (Supreme Court of India & High Courts)
Cyril Amarchand Mangaldas,Cyril S. Shroff,cam.mumbai@cyrilshroff.com,+91 22 2496 4455,https://www.cyrilshroff.com,25+ Years,"Premium (₹50,000 - ₹5,00,000+)","India's premier full-service law firm with renowned real estate, capital markets, dispute resolution, and commercial documentation practices.","Mumbai, New Delhi, Bengaluru, Hyderabad, Chennai, Ahmedabad",MAH/1582/1982 (Bar Council of Maharashtra & Goa),"Real Estate Finance, Infrastructure, Corporate Advisory",Yes (30-Year Property Search & Multi-jurisdictional Corporate DD),"Yes (Development Agreements, EPC, Lease & Acquisition Deeds)","Yes (Sub-Registrar, MCA & Land Registry)","Yes (RERA Registration, Compliance & Appellate Tribunal)","Yes (NCLAT, High Courts, Commercial Courts, International Arbitration)",Yes (Bombay High Court & Pan-India Courts)
AZB & Partners,Zia Mody,mumbai@azbpartners.com,+91 22 4072 9999,https://www.azbpartners.com,20+ Years,"Premium (₹45,000 - ₹4,50,000+)","Prominent corporate law firm advising domestic and international clients on property transactions, joint ventures, regulatory compliance, and dispute management.","Mumbai, New Delhi, Bengaluru, Pune, Gurugram",MAH/890/1979 (Bar Council of Maharashtra & Goa),"M&A, Real Estate Joint Ventures, Private Equity, Banking",Yes (In-depth Title Investigation & Corporate Compliance Audits),Yes (Bespoke Joint Development & Commercial Contracts),Yes (Statutory Property & Corporate Filings),"Yes (RERA Advisory, Structuring & Dispute Redressal)",Yes (Full Litigation Support before Supreme Court & Tribunals),Yes (Supreme Court & Bombay High Court)
Khaitan & Co,Haigreve Khaitan,mumbai@khaitanco.com,+91 22 6636 5000,https://www.khaitanco.com,100+ Years,"Premium (₹50,000 - ₹5,00,000+)","One of India's oldest and largest full-service law firms delivering comprehensive legal documentation, real estate title search, and litigation services.","Kolkata, New Delhi, Mumbai, Bengaluru, Chennai, Singapore",WB/450/1988 (Bar Council of West Bengal),"Real Estate & Construction, Corporate Law, Taxation",Yes (Pan-India Land Title Search & Vendor Due Diligence),"Yes (Sale Deeds, Builder-Buyer Agreements, Commercial Leases)","Yes (Land Revenue, Sub-Registrar & Company Registrations)",Yes (End-to-End RERA Filings & Regulatory Representation),"Yes (High Courts, Real Estate Appellate Tribunals, Arbitral Tribunals)","Yes (Calcutta High Court, Bombay High Court, Supreme Court)"
Trilegal,Nishant Parikh,info@trilegal.com,+91 11 4163 9393,https://www.trilegal.com,20+ Years,"Premium (₹40,000 - ₹4,00,000+)","Elite Indian law firm renowned for commercial contracting, structured finance, real estate advisory, and regulatory approvals.","New Delhi, Mumbai, Bengaluru, Gurugram",D/980/1998 (Bar Council of Delhi),"Commercial Real Estate, Energy & Infrastructure, Corporate Advisory","Yes (Title Verification, Environmental & Regulatory Audits)","Yes (Master Service Agreements, Concession Agreements, Term Sheets)",Yes (Deed Registration & Corporate Regulatory Filings),Yes (RERA Advisory for Developers & Investors),"Yes (Commercial Courts, DRT, NCLT, High Courts)",Yes (Delhi High Court & Supreme Court)
J. Sagar Associates (JSA),Amit Kapur,delhi@jsalaw.com,+91 11 4311 0600,https://www.jsalaw.com,30+ Years,"Premium (₹40,000 - ₹3,50,000+)","National law firm providing expert counsel in real estate transactions, corporate contracts, regulatory documentation, and dispute resolution.","Gurugram, New Delhi, Mumbai, Bengaluru, Chennai, Hyderabad, Ahmedabad",D/512/1985 (Bar Council of Delhi),"Real Estate, Banking & Finance, Infrastructure & Regulatory",Yes (Property Title Search Reports & Corporate Compliance DD),"Yes (Sale Agreements, Mortgage Deeds, Lease Deeds)",Yes (Property Registration & Government Filings),Yes (RERA Project Approvals & Dispute Adjudication),"Yes (NCLT, RERA Authorities, High Courts, Supreme Court)",Yes (Supreme Court of India & State High Courts)
Luthra and Luthra Law Offices India,Harry Chawla,delhi@luthra.com,+91 11 4121 5100,https://www.luthra.com,30+ Years,"Premium (₹35,000 - ₹3,00,000+)","Tier-1 full-service Indian law firm offering end-to-end legal documentation, corporate restructuring, real estate advisory, and litigation management.","New Delhi, Mumbai, Bengaluru, Hyderabad",D/321/1989 (Bar Council of Delhi),"Real Estate Transactions, Corporate & Commercial, Dispute Resolution",Yes (Comprehensive Land Title Search & Regulatory Check),"Yes (Turnkey Contracts, Collaboration Agreements, Lease Contracts)","Yes (Property Deed Registration, Trade Licensing)","Yes (RERA Compliance, Filing & Advisory)","Yes (District Courts, High Courts, Supreme Court)",Yes (Delhi High Court & Supreme Court)
Anand and Anand,Pravin Anand,email@anandandanand.com,+91 120 405 9300,https://www.anandandanand.com,40+ Years,"Mid to Premium (₹25,000 - ₹2,50,000)","Premier IP and legal documentation powerhouse specializing in commercial contracts, licensing agreements, IP registration, and commercial litigation.","Noida, New Delhi, Mumbai, Chennai",D/210/1979 (Bar Council of Delhi),"Intellectual Property, Licensing, Commercial Documentation",Yes (IP & Commercial Asset Due Diligence),"Yes (IP Licensing, Tech Transfer, NDA, Commercial Contracts)","Yes (Trademark, Patent, Copyright, Design Registration)",No,"Yes (IPAB, High Courts, Commercial Appellate Divisions)","Yes (Delhi High Court, Supreme Court)"
Kochhar & Co.,Rohit Kochhar,info@kochhar.com,+91 11 4111 5222,https://www.kochhar.com,25+ Years,"Mid to Premium (₹30,000 - ₹2,50,000)","Leading full-service law firm with extensive multi-office presence handling real estate title scrutiny, cross-border contracts, and regulatory filings.","New Delhi, Gurugram, Mumbai, Bengaluru, Chennai, Hyderabad",D/654/1987 (Bar Council of Delhi),"Real Estate Scrutiny, Corporate Documentation, Employment Law",Yes (Land & Commercial Property Title Verification),"Yes (Joint Development, Co-Working Agreements, Commercial Leases)","Yes (Sub-Registrar Property Registrations, Stamp Duty)","Yes (RERA Advisory, Project Approvals & Complaints)","Yes (Civil Courts, High Courts, Appellate Tribunals)",Yes (All Major State High Courts & Supreme Court)
Fox Mandal & Associates,Som Mandal,info@foxmandal.in,+91 80 4422 7700,https://www.foxmandal.in,125+ Years,"Mid to Premium (₹30,000 - ₹2,50,000)","One of India's legacy law firms established in 1896, delivering dependable property title search, deed drafting, conveyance, and regulatory services.","Bengaluru, Kolkata, Chennai, New Delhi, Hyderabad, Mumbai, Pune, Ahmedabad",KAR/432/1985 (Bar Council of Karnataka),"Real Estate Title Verification, Conveyance, Estate Planning","Yes (Historical 30-Year Search, Encumbrance Verification)","Yes (Sale Deeds, Gift Deeds, Wills, Commercial Lease Agreements)","Yes (Land Registry, Sub-Registrar Deeds, Khata Transfer)",Yes (RERA Registration & Adjudication Support),"Yes (Civil Suits, Title Disputes, Real Estate Tribunals)","Yes (Karnataka High Court, Calcutta High Court, Supreme Court)"
Singhania & Partners LLP,Ravi Singhania,delhi@singhania.net,+91 11 4747 1414,https://www.singhania.net,25+ Years,"Mid to Premium (₹25,000 - ₹2,00,000)","Full-service law firm with extensive practice in dispute resolution, real estate title search, construction contracts, and corporate registrations.","New Delhi, Bengaluru, Gurugram, Hyderabad",D/439/1989 (Bar Council of Delhi),"Construction Contracts, Real Estate Advisory, Corporate Compliance","Yes (Property Due Diligence, Land Bank Audits)","Yes (EPC Contracts, Buyer-Seller Agreements, Tenancy Deeds)","Yes (Property Conveyance Registration, Society Registration)","Yes (RERA Compliance, Dispute Handling)","Yes (Arbitration, High Courts, Supreme Court)",Yes (Delhi High Court & Supreme Court of India)
Nishith Desai Associates,Nishith Desai,ndaconnect@nishithdesai.com,+91 22 6669 5000,https://www.nishithdesai.com,30+ Years,"Premium (₹50,000 - ₹4,00,000+)","Research-driven international legal practice specializing in structuring, funds, REITs, high-end real estate, and cross-border commercial contracts.","Mumbai, Bengaluru, New Delhi, Silicon Valley, Singapore",MAH/765/1978 (Bar Council of Maharashtra & Goa),"REITs, Fund Structuring, Real Estate Tax, Commercial Contracts",Yes (High-Value Commercial Real Estate & Financial DD),"Yes (REIT Deeds, Investment Agreements, Private Trusts)","Yes (SEBI Registrations, Property Trust Deeds)",Yes (Strategic RERA Advisory for Institutional Funds),"Yes (Appellate Tribunals, Supreme Court, International Arbitrations)",Yes (Bombay High Court & Supreme Court)
Economic Laws Practice (ELP),Suhail Nathani,info@elp-in.com,+91 22 6636 7000,https://www.elplaw.in,20+ Years,"Premium (₹35,000 - ₹3,00,000)","Top tier legal advisory firm covering corporate & commercial laws, indirect tax, real estate regulations, and government policy compliance.","Mumbai, New Delhi, Pune, Ahmedabad, Bengaluru, Chennai",MAH/1120/1988 (Bar Council of Maharashtra & Goa),"Commercial Contracting, Indirect Tax, Real Estate Regulatory",Yes (Corporate & Property Tax Due Diligence),"Yes (Commercial Leases, EPC, Concession & Procurement Contracts)","Yes (Customs, GST, Property Stamp Duty & Registration)",Yes (RERA Regulatory Scrutiny & Structuring),"Yes (CESTAT, High Courts, Supreme Court)","Yes (Bombay High Court, Gujarat High Court, Supreme Court)"
DSK Legal,Anand Desai,contact@dsklegal.com,+91 22 6658 8000,https://www.dsklegal.com,20+ Years,"Mid to Premium (₹30,000 - ₹2,50,000)","Full service firm known for real estate transactions, redevelopment projects, title scrutiny, infrastructure contracting, and litigation.","Mumbai, New Delhi, Bengaluru, Pune",MAH/1890/1986 (Bar Council of Maharashtra & Goa),"Real Estate Redevelopment, SRA Projects, Corporate Contracts",Yes (30-Year Title Search & Redevelopment Feasibility DD),"Yes (Development Agreements, Power of Attorney, Allotment Letters)","Yes (Deed Registration, Society Conveyance, Stamp Duty)",Yes (Comprehensive RERA Advisory & Tribunal Representation),"Yes (City Civil Courts, High Courts, RERA Tribunal)",Yes (Bombay High Court & Delhi High Court)
IndusLaw,Gaurav Dani,delhi@induslaw.com,+91 11 4782 1000,https://www.induslaw.com,20+ Years,"Mid to Premium (₹30,000 - ₹2,50,000)","Fast-growing full-service firm advising startups, institutional real estate developers, funds, and tech enterprises on contracts and compliance.","Bengaluru, New Delhi, Mumbai, Hyderabad, Gurugram",D/880/1997 (Bar Council of Delhi),"Real Estate Tech, Venture Capital, Corporate Contracts","Yes (Title Verification, Corporate Compliance Review)","Yes (Term Sheets, Share Purchase, Commercial Lease Deeds)","Yes (Property Registration, Startup India, MCA)",Yes (RERA Compliance Advisory for Developers & PropTech),"Yes (Commercial Courts, High Courts, Arbitration)","Yes (Karnataka High Court, Delhi High Court)"
Dua Associates,C.R. Dua,dua.delhi@duaassociates.com,+91 11 2371 4408,https://www.duaassociates.com,35+ Years,"Mid to Premium (₹25,000 - ₹2,00,000)","Long-established national law firm providing comprehensive legal documentation, property title checks, foreign investment approvals, and litigation.","New Delhi, Gurugram, Mumbai, Bengaluru, Chennai, Hyderabad, Pune, Chandigarh",D/155/1974 (Bar Council of Delhi),"Real Estate Conveyance, Foreign Investment, Corporate Advisory","Yes (Title Scrutiny Reports, Industrial Land DD)","Yes (Conveyance Deeds, Joint Venture Agreements, Lease Agreements)","Yes (Land Registry, Industrial Licences, Sub-Registrar)",Yes (RERA Filings & Dispute Resolution),"Yes (District Courts, High Courts, Supreme Court)",Yes (Supreme Court & Pan-India High Courts)
Vaish Associates Advocates,Bomi Daruwala,mumbai@vaishlaw.com,+91 22 4210 2525,https://www.vaishlaw.com,40+ Years,"Mid to Premium (₹25,000 - ₹2,00,000)","Renowned legal and tax consultancy firm handling real estate documentation, direct/indirect taxation, corporate restructuring, and commercial contracts.","New Delhi, Mumbai, Bengaluru",D/410/1982 (Bar Council of Delhi),"Real Estate Taxation, Stamp Duty Advisory, Corporate Legal","Yes (Land Title Audits, Tax & Corporate DD)","Yes (Sale Agreements, Assignment Deeds, Business Transfer Agreements)","Yes (Property Registration, Stamp Duty Adjudication)",Yes (RERA Compliance & Advisory),"Yes (ITAT, High Courts, Supreme Court)","Yes (Delhi High Court, Bombay High Court)"
S&R Associates,Sandeep Parekh,contact@snrlaw.in,+91 22 4302 8000,https://www.snrlaw.in,15+ Years,"Premium (₹35,000 - ₹3,00,000)","Boutique law firm offering elite legal counsel in capital markets, acquisitions, private equity, commercial contracts, and dispute management.","Mumbai, New Delhi",MAH/2014/1995 (Bar Council of Maharashtra & Goa),"Securities Law, Corporate Documentation, Dispute Resolution",Yes (Corporate Due Diligence & M&A Scrutiny),"Yes (Shareholder Agreements, Commercial Licensing, Escrow Agreements)","Yes (SEBI, RBI, MCA Filings)",No,"Yes (SAT, NCLT, High Courts)","Yes (Bombay High Court, Supreme Court)"
Phoenix Legal,Abhishek Saxena,delhi@phoenixlegal.in,+91 11 4983 0000,https://www.phoenixlegal.in,15+ Years,"Mid to Premium (₹25,000 - ₹2,00,000)","Leading full-service law firm with specialized practice in infrastructure, real estate documentation, project financing, and commercial contracts.","New Delhi, Mumbai",D/776/1995 (Bar Council of Delhi),"Real Estate, Energy & Infrastructure, Commercial Contracting",Yes (Comprehensive Land Title Search & Project Scrutiny),"Yes (Concession Agreements, Lease Deeds, Mortgage Documentation)","Yes (Land Revenue Records, Sub-Registrar Filings)",Yes (RERA Project Registration & Compliance),"Yes (Arbitration, High Courts, Supreme Court)",Yes (Delhi High Court & Supreme Court)
Bharucha & Partners,M.P. Bharucha,sr@bharucha.in,+91 22 2289 9300,https://www.bharucha.in,15+ Years,"Premium (₹35,000 - ₹3,00,000)","Established legal practice delivering sharp legal advice in real estate, corporate transactions, banking, and commercial litigation.","Mumbai, New Delhi, Bengaluru",MAH/620/1975 (Bar Council of Maharashtra & Goa),"Real Estate Litigation, Corporate Advisory, Governance",Yes (Property Title Search & Corporate Compliance),"Yes (Development Agreements, Joint Venture Deeds, Conveyance)","Yes (Sub-Registrar Deeds, Land Title Registration)",Yes (RERA Advisory & Dispute Representation),"Yes (Bombay High Court, NCLT, Supreme Court)",Yes (Bombay High Court & Supreme Court)
ALMT Legal,Alok Dhir,mumbai@almtlegal.com,+91 22 4001 0000,https://www.almtlegal.com,20+ Years,"Mid to Premium (₹25,000 - ₹2,00,000)","Commercial law firm with multi-disciplinary expertise in corporate law, real estate title investigation, employment contracts, and tax.","Mumbai, Bengaluru",MAH/1450/1990 (Bar Council of Maharashtra & Goa),"Real Estate, Employment Contracts, Commercial Contracts",Yes (Property Search Reports & Title Due Diligence),"Yes (Commercial Tenancy, Sale Deeds, Employment Agreements)",Yes (Property Registrations & Corporate Filings),Yes (RERA Advisory Services),"Yes (High Courts, Labour Courts, Civil Courts)","Yes (Bombay High Court, Karnataka High Court)"
Wadia Ghandy & Co.,Anand S. Pathak,info@wadiaghandy.com,+91 22 4078 8000,https://www.wadiaghandy.com,130+ Years,"Premium (₹40,000 - ₹3,50,000)","One of India's most historic and respected real estate and corporate law firms, specializing in land title search, conveyance, and banking.","Mumbai, New Delhi, Ahmedabad, Pune, Bengaluru, Chennai",MAH/234/1980 (Bar Council of Maharashtra & Goa),"Real Estate Title Verification, Conveyancing, Banking Law",Yes (Exhaustive 40-Year Land & Title Search Reports),"Yes (Indenture of Conveyance, Mortgage Deeds, Leasehold Rights)","Yes (Sub-Registrar, Land Registry, Stamp Duty Adjudication)","Yes (RERA Registration, Compliance & Appellate Litigation)","Yes (Bombay High Court, Gujarat High Court, Supreme Court)",Yes (Bombay High Court & Supreme Court)
Majmudar & Partners,Akil Majmudar,akil@majmudarindia.com,+91 22 6123 7272,https://www.majmudarindia.com,30+ Years,"Mid to Premium (₹30,000 - ₹2,50,000)","Corporate and real estate legal practice advising domestic developers, multinationals, and private clients on documentation, contracts, and regulatory filings.","Mumbai, Bengaluru, New Delhi",MAH/1023/1986 (Bar Council of Maharashtra & Goa),"Real Estate Transactions, Cross-Border Contracts, Private Wealth",Yes (Real Estate Title Due Diligence & Estate Scrutiny),"Yes (Sale & Purchase Agreements, Trust Deeds, Leases)","Yes (Deed Registration, Sub-Registrar Formalities)",Yes (RERA Project Due Diligence & Registration),Yes (High Courts & Arbitration Tribunals),Yes (Bombay High Court)
K Law (Krishnamurthy & Co.),Kavitha Krishnamurthy,info@klaw.in,+91 80 4344 9200,https://www.klaw.in,15+ Years,"Mid to Premium (₹25,000 - ₹2,00,000)","Full-service law firm with extensive experience in real estate transactions, IT contracts, venture capital, and commercial documentation.","Bengaluru, Mumbai, New Delhi, Chennai",KAR/890/1999 (Bar Council of Karnataka),"Real Estate Title Search, Technology Contracts, M&A","Yes (Property Search, Zoning & Approvals Due Diligence)","Yes (Commercial Lease Deeds, Builder Agreements, Software Contracts)","Yes (Deed Registration, Sub-Registrar & Khata Services)","Yes (RERA Approvals, Advisory & Compliance)","Yes (Karnataka High Court, Civil Courts, Arbitrations)",Yes (Karnataka High Court)
Clasis Law,Vineet Aneja,info@clasislaw.com,+91 11 4213 0000,https://www.clasislaw.com,15+ Years,"Mid to Premium (₹25,000 - ₹2,00,000)","Full-service Indian law firm with high expertise in corporate governance, commercial contracts, employment documentation, and dispute resolution.","New Delhi, Mumbai",D/1125/1994 (Bar Council of Delhi),"Commercial Contracts, Regulatory Compliance, Employment",Yes (Corporate & Commercial Property Due Diligence),"Yes (Vendor Contracts, Non-Disclosure Agreements, Service Agreements)","Yes (Company Registrations, Statutory Compliance)",No,"Yes (Delhi High Court, NCLT, Consumer Forums)",Yes (Delhi High Court & Supreme Court)
Dhir & Dhir Associates,Alok Dhir,contact@dhirassociates.com,+91 11 4241 0000,https://www.dhirassociates.com,25+ Years,"Mid to Premium (₹25,000 - ₹2,50,000)","Premier law firm with dedicated practices in IBC restructuring, real estate title verification, infrastructure documentation, and corporate litigation.","New Delhi, Mumbai, Hyderabad",D/342/1983 (Bar Council of Delhi),"Insolvency & Bankruptcy, Real Estate Recovery, Project Contracts","Yes (Asset Scrutiny, Stressed Asset Title Verification)","Yes (Resolution Plans, Settlement Deeds, Conveyance Agreements)","Yes (Property Attachment/Release, Sub-Registrar Filings)",Yes (RERA Builder Restructuring & Dispute Handling),"Yes (NCLT, NCLAT, High Courts, Supreme Court)",Yes (Supreme Court of India & Delhi High Court)
HSA Advocates,Hemant Sahai,mail@hsalegal.com,+91 11 6638 7000,https://www.hsalegal.com,20+ Years,"Mid to Premium (₹30,000 - ₹2,50,000)","Leading law firm focused on infrastructure, real estate, energy, project finance documentation, and commercial disputes.","New Delhi, Mumbai, Bengaluru, Kolkata",D/512/1988 (Bar Council of Delhi),"Project Finance, Real Estate Leases, Public-Private Partnerships","Yes (Project Land Due Diligence, Environmental Compliance DD)","Yes (Concession Agreements, Power Purchase, Master Leases)","Yes (Stamp Duty, Asset Registration, Land Registry)",Yes (RERA Project Clearances & Legal Audits),"Yes (Aptel, High Courts, Arbitral Tribunals)",Yes (Delhi High Court & Supreme Court)
King Stubb & Kasiva (KSK),Jitin Sharma,info@ksandk.com,+91 11 4131 8190,https://www.ksandk.com,15+ Years,"Mid-Range (₹20,000 - ₹1,80,000)","National law firm providing corporate, real estate documentation, foreign investment, and civil/commercial litigation across India.","New Delhi, Mumbai, Bengaluru, Chennai, Hyderabad, Kochi, Kolkata, Pune",D/1420/2001 (Bar Council of Delhi),"Real Estate Title Investigation, Commercial Contracts, Labour","Yes (Property Search, Encumbrance Certificates, Zoning Checks)","Yes (Sale Agreements, Joint Venture Contracts, Lease Deeds)","Yes (Property Registration, Society Registration, Sub-Registrar)",Yes (RERA Registration & Adjudication Advisory),"Yes (District Courts, High Courts, Consumer Commissions)",Yes (Pan-India High Courts & District Courts)
Samvad Partners,Ashwini Vittalachar,bengaluru@samvadpartners.com,+91 80 4112 5500,https://www.samvadpartners.com,15+ Years,"Mid-Range (₹20,000 - ₹1,80,000)","Partner-led law firm with deep expertise in venture funds, real estate documentation, tech commercial contracts, and dispute resolution.","Bengaluru, Mumbai, New Delhi, Chennai, Hyderabad",KAR/1210/2003 (Bar Council of Karnataka),"Commercial Real Estate, Tech Contracts, Venture Capital","Yes (Land Title Audits, Regulatory & Compliance Checks)","Yes (Commercial Tenancy Agreements, Shareholder Agreements)",Yes (Property Registry & Corporate Filing Support),Yes (RERA Advisory Services),"Yes (High Courts, Commercial Courts, Arbitrations)",Yes (Karnataka High Court & Madras High Court)
LexCounsel Law Offices,Seema Jhingan,info@lexcounsel.in,+91 11 4166 2861,https://www.lexcounsel.in,20+ Years,"Mid-Range (₹20,000 - ₹1,75,000)","Full-service law firm based in Delhi NCR providing comprehensive corporate documentation, real estate title checks, and regulatory approvals.","New Delhi, Gurugram, Noida",D/890/1993 (Bar Council of Delhi),"Real Estate Conveyance, Corporate Structuring, Franchising","Yes (Property Title Due Diligence, Corporate Audits)","Yes (Franchise Agreements, Master Leases, Purchase Deeds)","Yes (Sub-Registrar Property Registrations, Stamp Duty)",Yes (RERA Project Clearances & Complaints),Yes (District Courts & Delhi High Court),Yes (Delhi High Court)
Spice Route Legal,Mathew Chacko,contact@spiceroutelegal.com,+91 80 4094 5670,https://www.spiceroutelegal.com,10+ Years,"Mid to Premium (₹25,000 - ₹2,20,000)","Modern technology, energy, and corporate law firm delivering advanced documentation, cross-border contracts, and compliance strategies.","Bengaluru, Mumbai, New Delhi, Kochi",KAR/1435/2005 (Bar Council of Karnataka),"Data Privacy, Tech Agreements, Cross-Border Transactions","Yes (Data Protection, Tech IP & Corporate Due Diligence)","Yes (SaaS Agreements, Master Service Agreements, IP Licensing)","Yes (Corporate, Trademark & Regulatory Registrations)",No,"Yes (Commercial Courts, Arbitration Tribunals)",Yes (Karnataka High Court)
Bhasin & Co. Advocates,Lalit Bhasin,lbhasin@bhasinco.org,+91 11 2331 5694,https://www.bhasinco.org,50+ Years,"Mid to Premium (₹25,000 - ₹2,00,000)","Eminent litigation and documentation law firm established by senior advocate Lalit Bhasin, handling property disputes, aviation, and contracts.","New Delhi, Mumbai",D/102/1962 (Bar Council of Delhi),"Aviation, Real Estate Dispute Resolution, Labour & Employment",Yes (Title Search & Regulatory Scrutiny),"Yes (Commercial Agreements, Settlement Deeds, Conveyance)",Yes (Property & Court Registrations),Yes (RERA Appeals & Consumer Litigation),"Yes (Supreme Court, High Courts, Consumer Commissions)",Yes (Supreme Court of India & Delhi High Court)
Kanga & Co. Advocates & Solicitors,M.L. Bhakta,mail@kangaco.com,+91 22 6623 0000,https://www.kangaco.com,130+ Years,"Premium (₹35,000 - ₹3,00,000)","Established in 1890, Kanga & Co. is a prestigious Mumbai firm with deep authority in real estate title investigation, succession, and conveyance.",Mumbai,MAH/150/1960 (Bar Council of Maharashtra & Goa),"Real Estate Conveyance, Probate & Succession, Banking",Yes (Historical 60-Year Title Search & Scrutiny Reports),"Yes (Deeds of Conveyance, Trust Deeds, Wills, Mortgages)","Yes (Sub-Registrar Mumbai, High Court Testamentary Dept)",Yes (RERA Advisory & Legal Title Opinions),"Yes (Bombay High Court Original Side, City Civil Court)",Yes (Bombay High Court)
Mulla & Mulla & Craigie Blunt & Caroe,E.A.K. Faizullabhoy,info@mullas.net,+91 22 2204 4960,https://www.mullas.net,125+ Years,"Premium (₹35,000 - ₹3,00,000)","Historic solicitors firm founded in 1895, revered for real estate title certification, maritime, insurance, and corporate documentation.","Mumbai, New Delhi, Bengaluru",MAH/210/1968 (Bar Council of Maharashtra & Goa),"Real Estate Title Certification, Shipping, Insurance","Yes (Full Title Scrutiny, Search in Revenue & Land Records)","Yes (Development Agreements, Leases, Mortgages, Deeds)","Yes (Sub-Registrar Office Mumbai, Stamp Duty)",Yes (RERA Compliance & Title Clearance),"Yes (Bombay High Court, Supreme Court, Admiralty Court)",Yes (Bombay High Court)
Little & Co. Advocates & Solicitors,Dara P. Mehta,littleco@littlecompany.com,+91 22 2265 2739,https://www.littlecompany.com,160+ Years,"Premium (₹35,000 - ₹3,00,000)","Established in 1856, one of India's oldest law firms providing title investigations, government conveyancing, banking contracts, and disputes.","Mumbai, New Delhi",MAH/105/1965 (Bar Council of Maharashtra & Goa),"Government Land Documentation, Banking & Real Estate, Infrastructure",Yes (Title Verification of Government & Private Lands),"Yes (Conveyance Deeds, Leasehold Assignments, Mortgages)",Yes (Sub-Registrar & Land Revenue Dept Registrations),Yes (RERA Project Advisory & Registration),Yes (Bombay High Court & Supreme Court of India),Yes (Bombay High Court)
Titus & Co. Advocates,Diljeet Titus,titus@titus-india.com,+91 11 2648 0300,https://www.titus-india.com,25+ Years,"Mid to Premium (₹25,000 - ₹2,00,000)","Full-service commercial and real estate practice offering foreign investment structuring, property title search, and commercial contracts.","New Delhi, Gurugram",D/550/1989 (Bar Council of Delhi),"Infrastructure Projects, Real Estate Documentation, Cross-Border",Yes (Industrial & Commercial Land Title Scrutiny),"Yes (EPC Contracts, Master Purchase Agreements, Commercial Leases)","Yes (Sub-Registrar Deeds, Industrial Authority Filings)",Yes (RERA Filings & Representation),"Yes (Delhi High Court, District Courts, Tribunals)",Yes (Delhi High Court & Supreme Court)
PSL Advocates & Solicitors,Sameer Jain,contact@pslchambers.com,+91 11 4110 5200,https://www.pslchambers.com,12+ Years,"Mid-Range (₹20,000 - ₹1,50,000)","Dynamic law firm specializing in commercial litigation, real estate title disputes, IBC insolvency, and contractual documentation.","New Delhi, Mumbai, Bengaluru, Chandigarh",D/1320/2006 (Bar Council of Delhi),"Commercial Dispute Resolution, Real Estate Litigation, IBC",Yes (Title Verification & Litigation Risk Audits),"Yes (Settlement Deeds, Builder Agreements, Escrow Contracts)",Yes (Deed Registration & Company Filings),Yes (RERA Complaints & Appellate Tribunals),"Yes (Supreme Court, High Courts, NCLT, NCDRC)",Yes (Delhi High Court & Supreme Court)
Pioneer Legal,Satish Kishanchandani,info@pioneerlegal.com,+91 22 6828 0000,https://www.pioneerlegal.com,10+ Years,"Mid to Premium (₹25,000 - ₹2,00,000)","Corporate and transactional law firm handling real estate acquisitions, venture investments, joint development contracts, and dispute support.","Mumbai, Bengaluru",MAH/1670/1996 (Bar Council of Maharashtra & Goa),"Real Estate M&A, Corporate Advisory, Private Equity",Yes (Title Scrutiny Reports & Corporate DD),"Yes (Joint Development Agreements, Share Purchase, Leases)","Yes (Sub-Registrar Deeds, Stamp Duty)",Yes (RERA Advisory for Developers),"Yes (High Courts, Commercial Courts)",Yes (Bombay High Court)
Veritas Legal,Abhijit Joshi,info@veritaslegal.in,+91 22 4368 6700,https://www.veritaslegal.in,10+ Years,"Premium (₹35,000 - ₹3,00,000)","Boutique transactional firm known for high-value M&A, real estate transactions, private client advisory, and complex documentation.",Mumbai,MAH/950/1990 (Bar Council of Maharashtra & Goa),"High-Value Real Estate, Private Equity, Family Office Trusts",Yes (Exhaustive Land & Asset Title Scrutiny),"Yes (Family Settlement Deeds, Trust Deeds, Acquisition Contracts)","Yes (Sub-Registrar Formalities, Stamp Duty)",Yes (RERA Regulatory Guidance),Yes (High Courts & Arbitration),Yes (Bombay High Court)
Argus Partners (Solicitors & Advocates),Krishnava Dutt,info@argus-p.com,+91 33 4065 0150,https://www.argus-p.com,15+ Years,"Mid to Premium (₹25,000 - ₹2,20,000)","National full-service law firm with extensive experience in real estate documentation, banking & finance, corporate governance, and litigation.","Kolkata, Mumbai, New Delhi, Bengaluru",WB/612/1998 (Bar Council of West Bengal),"Real Estate Financing, Corporate Documentation, Dispute Resolution","Yes (Property Search, Municipal Approvals Verification)","Yes (Loan Agreements, Hypothecation Deeds, Conveyance)",Yes (Sub-Registrar Deeds & CERSAI Filings),Yes (RERA Registrations & Developer Compliance),"Yes (High Courts, DRT, NCLT, Supreme Court)","Yes (Calcutta High Court, Bombay High Court)"
TMT Law Practice,Abhishek Malhotra,info@tmtlaw.co.in,+91 11 4165 4400,https://www.tmtlaw.co.in,15+ Years,"Mid-Range (₹20,000 - ₹1,75,000)","Specialist firm in Technology, Media, Telecom, Intellectual Property, commercial contracts, and regulatory filings.","New Delhi, Mumbai, Bengaluru, Bhubaneswar",D/920/1998 (Bar Council of Delhi),"Tech Contracts, Media Law, Intellectual Property",Yes (IP & Commercial Asset Due Diligence),"Yes (Content Licensing, Software SLA, Vendor Agreements)","Yes (Trademark, Copyright & Telecom Licences)",No,"Yes (TDSAT, High Courts, Supreme Court)",Yes (Delhi High Court & TDSAT)
Chandhiok & Mahajan Advocates,Pooja Mahajan,contact@chandhiok.com,+91 11 4141 5500,https://www.chandhiok.com,10+ Years,"Mid to Premium (₹25,000 - ₹2,00,000)","Progressive law firm recognized for competition law, insolvency, real estate contracts, corporate governance, and commercial disputes.","New Delhi, Mumbai, Bengaluru, Hyderabad",D/1550/2003 (Bar Council of Delhi),"Competition Law, Corporate Restructuring, Contracts",Yes (Corporate Due Diligence & Antitrust Audits),"Yes (Commercial Distribution, Joint Venture, Supply Contracts)","Yes (CCI Filings, Corporate Registry)",No,"Yes (CCI, NCLAT, High Courts, Supreme Court)",Yes (Delhi High Court & Supreme Court)
Touchstone Partners,Karam Daulet-Singh,info@touchstonepartners.com,+91 11 4983 5000,https://www.touchstonepartners.com,15+ Years,"Premium (₹35,000 - ₹3,00,000)","Elite transactional law practice providing sophisticated legal counsel in cross-border M&A, private equity, and commercial contracts.","New Delhi, Mumbai, Bengaluru",D/710/1992 (Bar Council of Delhi),"Cross-Border Transactions, Strategic Corporate Contracts",Yes (Comprehensive Corporate & Regulatory Due Diligence),"Yes (Share Subscription, Asset Purchase, Escrow Contracts)","Yes (FDI/FEMA Filings, Regulatory Approvals)",No,No,Yes (Supreme Court of India)
Saraf and Partners,Mohit Saraf,contact@sarafpartners.com,+91 11 4111 6000,https://www.sarafpartners.com,25+ Years,"Premium (₹35,000 - ₹3,00,000)","Top-tier full-service Indian law firm advising on major infrastructure projects, real estate due diligence, banking, and litigation.","New Delhi, Mumbai, Bengaluru, Hyderabad",D/420/1988 (Bar Council of Delhi),"Real Estate, Banking & Finance, Infrastructure Projects",Yes (Title Verification of Real Estate & Infrastructure Land),"Yes (Conveyance, Builder Contracts, Loan Agreements)","Yes (Land Registry, Sub-Registrar, Stamp Duty)",Yes (RERA Project Advisory & Registration),"Yes (Supreme Court, High Courts, NCLT, DRT)",Yes (Supreme Court & Delhi High Court)
Dentons Link Legal,Atul Sharma,delhi@linklegal.in,+91 11 4103 5555,https://www.dentonslinklegal.com,25+ Years,"Mid to Premium (₹25,000 - ₹2,50,000)","Global legal firm network member with top-ranked practices in aviation, infrastructure, real estate documentation, and dispute resolution.","New Delhi, Mumbai, Bengaluru, Hyderabad, Chennai",D/289/1982 (Bar Council of Delhi),"Infrastructure Leases, Real Estate Scrutiny, Commercial Dispute",Yes (Land Title Search & Project Feasibility Legal DD),"Yes (EPC, Concession, Leasehold Deeds, Collaboration)","Yes (Sub-Registrar, Industrial Development Corp Filings)","Yes (RERA Advisory, Filings & Disputes)","Yes (Supreme Court, High Courts, Arbitral Tribunals)",Yes (Delhi High Court & Supreme Court)
Seth Dua & Associates,Sunil Seth,sethdua@sethdua.com,+91 11 4164 4400,https://www.sethdua.com,25+ Years,"Mid-Range (₹20,000 - ₹1,80,000)","Established legal practice delivering corporate advisory, real estate documentation, foreign direct investment, and tax consultancy.","New Delhi, Gurugram",D/610/1985 (Bar Council of Delhi),"Corporate Law, Real Estate Leases, Foreign Investment",Yes (Title Verification & Corporate Compliance Scrutiny),"Yes (Commercial Lease Deeds, Purchase Contracts, JV Deeds)","Yes (Sub-Registrar, RBI, MCA)",Yes (RERA Advisory),Yes (High Courts & Tribunals),Yes (Delhi High Court)
ANM Global,Nitin Sharma,info@anmglobal.net,+91 22 6239 8800,https://www.anmglobal.net,15+ Years,"Mid-Range (₹15,000 - ₹1,50,000)","Full service firm known for entertainment, media documentation, real estate transactions, intellectual property, and litigation.","Mumbai, New Delhi, Bengaluru, Gurugram",MAH/2110/2005 (Bar Council of Maharashtra & Goa),"Media & Entertainment, Real Estate Documentation, IP",Yes (Property Title Search & IP Due Diligence),"Yes (Production Contracts, Lease Deeds, Sale Agreements)","Yes (Sub-Registrar Deeds, Trademark Registrations)",Yes (RERA Advisory Services),"Yes (Bombay High Court, Delhi High Court, City Civil Courts)",Yes (Bombay High Court)
RNA Technology and IP Attorneys,Ranjan Narula,info@rnaip.com,+91 124 438 6500,https://www.rnaip.com,20+ Years,"Mid-Range (₹15,000 - ₹1,50,000)","Specialized Intellectual Property and commercial documentation firm handling brand protection, agreements, and IP litigation.","Gurugram, New Delhi",D/512/1991 (Bar Council of Delhi),"Intellectual Property, Licensing, Commercial Agreements",Yes (IP Due Diligence & Brand Audits),"Yes (Technology Licensing, Brand Transfer, NDA)","Yes (Patent, Trademark, Design Registrations)",No,Yes (High Courts & IP Appellate Benches),Yes (Delhi High Court)
Remfry & Sagar,Ashwin Julka,remfry-sagar@remfry.com,+91 124 280 6100,https://www.remfry.com,190+ Years,"Mid to Premium (₹25,000 - ₹2,00,000)","India's oldest dedicated IP law firm founded in 1827, managing patent/trademark documentation, tech contracts, and commercial agreements.","Gurugram, Chennai, Bengaluru, Mumbai",D/190/1984 (Bar Council of Delhi),"IP Prosecution, Commercial Contracts, Technology Agreements",Yes (IP Due Diligence & Portfolio Scrutiny),"Yes (IP Assignment, Franchise Agreements, R&D Contracts)","Yes (Patent Office, Trademark Registry, Design Office)",No,Yes (Commercial High Courts & Supreme Court),"Yes (Delhi High Court, Madras High Court)"
K&S Partners,Rajendra Kumar,postmaster@knspartners.com,+91 124 470 8700,https://www.knspartners.com,30+ Years,"Mid to Premium (₹20,000 - ₹1,80,000)","Top tier IP and legal documentation firm handling patents, designs, trademarks, commercial licensing contracts, and regulatory filings.","Gurugram, Bengaluru, Mumbai, Chennai, Hyderabad, New Delhi",D/480/1987 (Bar Council of Delhi),"Intellectual Property, Licensing Contracts, Bio-tech IP",Yes (Patent Landscape & IP Due Diligence),"Yes (Technology Transfer, Co-development, NDAs)",Yes (Indian Patent Office & Trademark Registry),No,Yes (Commercial Courts & High Courts),"Yes (Delhi High Court, Karnataka High Court)"
Zolvit (formerly Vakilsearch),Hrishikesh Datar,support@zolvit.com,+91 78240 01111,https://www.zolvit.com,14+ Years,"Affordable (₹999 - ₹25,000)","India's largest online legal and compliance platform providing fast-turnaround agreement drafting, property title checks, company incorporation, and trademark registration.","Pan-India (Chennai, Bengaluru, Mumbai, Delhi NCR, Hyderabad, Ahmedabad, Kolkata)",U74900TN2011PTC081394 (CIN),"Online Legal Agreements, Property Verification, Startup Compliance",Yes (Online Property Title Search & Background Check),"Yes (Rental Agreements, Employment Contracts, NDAs, Founders Agreements, Sale Deeds)","Yes (Sub-Registrar E-Registration, MCA, GST, Trademark, MSME)",Yes (RERA Agent & Project Registration Support),Yes (Legal Notice Drafting & Advocate Consultation),Yes (Affiliated Advocate Network for Court Filings)
IndiaFilings,Dinesh Malani,sales@indiafilings.com,+91 8000 8000 80,https://www.indiafilings.com,12+ Years,"Affordable (₹1,499 - ₹29,999)","Leading online business registration and legal documentation portal helping individuals and SMEs with legal deeds, licenses, taxation, and title searches.","Pan-India (Chennai, Mumbai, New Delhi, Bengaluru, Hyderabad, Ahmedabad)",U72200TN2013PTC090886 (CIN),"Legal Drafting, Company Incorporation, Intellectual Property, Tax",Yes (Corporate Due Diligence & Land Title Verification),"Yes (Sale Agreements, Partnership Deeds, Commercial Leases, Service Agreements)","Yes (ROC, MCA, GST, Trademark, Land Deeds)",Yes (RERA Developer & Agent Registration),"Yes (Legal Notices, Cheque Bounce Notices)",Yes (Affiliated Bar Council Advocates)
LegalKart,Arvind Singhatiya,contact@legalkart.com,+91 84484 45544,https://www.legalkart.com,7+ Years,"Affordable (₹1,999 - ₹35,000)","On-demand legal technology platform connecting individuals and businesses with verified property advocates for document review, title search, and litigation.","Pan-India (Gurugram, Delhi NCR, Mumbai, Bengaluru, Pune, Ahmedabad)",U74999HR2018PTC077218 (CIN),"Property Verification, Legal Consultation, Contract Review",Yes (Certified Property Title Verification & Search Reports),"Yes (Sale Deeds, Builder-Buyer Review, Gift Deeds, Wills)",Yes (Property Registration & Sub-Registrar Support),Yes (RERA Complaints & Consumer Forum Representation),"Yes (District Courts, High Courts, RERA Tribunals)",Yes (Certified Lawyers across District & High Courts)
Lawyered,Himanshu Gupta,contact@lawyered.in,+91 80100 80100,https://www.lawyered.in,8+ Years,"Affordable to Mid-Range (₹2,500 - ₹45,000)","Legal-tech discovery platform facilitating legal documentation, commercial agreement drafting, mobility law compliance, and dispute resolution.","New Delhi, Gurugram, Mumbai, Bengaluru, Pune",U74999DL2016PTC291583 (CIN),"Commercial Contracting, Motor Legal Protection, Corporate Legal",Yes (Commercial Due Diligence & Property Scrutiny),"Yes (Vendor Contracts, Employment Agreements, Commercial Leases)","Yes (Corporate Registrations, MSME, Trademark)",Yes (RERA Advisory Services),Yes (On-Demand Advocate Support in District & High Courts),Yes (Empaneled Court Advocates)
Legistify,Prashant Kataria,info@legistify.com,+91 11 4118 3333,https://www.legistify.com,9+ Years,"Mid-Range / Enterprise (₹5,000 - ₹75,000)","Enterprise legal management suite and documentation marketplace delivering automated contract management, title searches, and litigation tracking.","Pan-India (Noida, Delhi NCR, Mumbai, Bengaluru, Hyderabad)",U74140UP2015PTC073998 (CIN),"Enterprise Legal Documentation, Litigation Tracking, Due Diligence",Yes (Automated & Manual Property Search Reports in 7000+ courts/registries),"Yes (Standardized Legal Agreements, Lease Deeds, Master Agreements)","Yes (Corporate Filings, Statutory Compliance)",Yes (RERA Litigation & Compliance Monitoring),Yes (Pan-India Litigation Management & Court Representation),Yes (7000+ Courts across India Network)
MyAdvo,Kushal Bhagat,consult@myadvo.in,+91 98117 82573,https://www.myadvo.in,8+ Years,"Affordable (₹1,500 - ₹30,000)","Curated legal services portal offering comprehensive property title verification, legal document drafting, marriage registration, and lawyer matchmaking.","New Delhi, Gurugram, Mumbai, Bengaluru, Pune, Kolkata, Ahmedabad",U74999DL2016PTC305888 (CIN),"Property Legal Verification, Document Drafting, Consumer Cases",Yes (20-Year Title Search Report by Local Property Advocates),"Yes (Sale Agreements, Relinquishment Deeds, Gift Deeds, Lease Agreements)","Yes (Sub-Registrar Registration, Will Registration, Marriage Reg)",Yes (RERA Complaints & Consumer Court Cases),"Yes (District Courts, Family Courts, High Courts)",Yes (Verified Advocates across 500+ Indian Cities)
Corpbiz Advisors,Narendra Kumar,info@corpbiz.io,+91 91212 30280,https://www.corpbiz.io,10+ Years,"Standard to Mid-Range (₹3,000 - ₹50,000)","Leading technology-driven legal and business consultancy providing licensing, environmental clearances, corporate documentation, and RERA approvals.","Pan-India (Noida, New Delhi, Mumbai, Bengaluru, Chennai, Ahmedabad)",U74999UP2019PTC118942 (CIN),"Corporate Legal Clearances, Environmental Licences, RERA Documentation",Yes (Statutory Compliance Due Diligence & Land Audit),"Yes (Commercial Agreements, Shareholder Pacts, Vendor Agreements)","Yes (FSSAI, Pollution Control, CDSCO, MCA, Sub-Registrar)","Yes (RERA Project Registration, Quarterly Filings & Agent Licences)","Yes (NCLT, NGT, High Courts, Appellate Bodies)",Yes (Affiliated Advocates for High Courts & NGT)
Enterslice,Abhishek Kumar,info@enterslice.com,+91 90691 42020,https://www.enterslice.com,10+ Years,"Standard to Mid-Range (₹4,000 - ₹60,000)","Global legal advisory and management consulting firm offering corporate compliance, fintech licenses, legal documentation, and real estate legal support.","Noida, New Delhi, Mumbai, Bengaluru, Hyderabad, Ahmedabad",U74900DL2014PTC269550 (CIN),"Fintech Licensing, NBFC Registration, Real Estate Compliance","Yes (Financial, Legal & Real Estate Title Due Diligence)","Yes (NBFC Agreements, Co-Lending Deeds, Sale Agreements)","Yes (RBI, SEBI, MCA, Sub-Registrar Land Deeds)","Yes (RERA Registration, Agent Licensing & Compliance)","Yes (NCLT, Appellate Tribunals, High Courts)",Yes (Pan-India Court Affiliates)
Kanakkupillai (Govche India Private Limited),Govindarajan G.,support@kanakkupillai.com,+91 73053 45345,https://www.kanakkupillai.com,12+ Years,"Affordable (₹1,499 - ₹25,000)","Prominent South India and national legaltech platform for legal agreement drafting, business registrations, trademark filing, and property documentation.","Chennai, Bengaluru, Hyderabad, Coimbatore, Madurai, Mumbai",U74999TN2017PTC115598 (CIN),"Legal Documentation, Business Setup, Trademark, Tax Compliance",Yes (Property Document Verification & Legal Scrutiny),"Yes (Rental Agreements, Partnership Deeds, NDAs, MOUs)","Yes (Sub-Registrar, GST, Trademark, MSME, FSSAI)",Yes (Tamil Nadu TNRERA & Karnataka RERA Registrations),"Yes (Legal Notice Drafting, Consumer Grievances)",Yes (Empaneled Advocates for Madras & Karnataka High Courts)
Taxmantra Global,Alok Patnia,info@taxmantra.com,+91 90383 35433,https://www.taxmantra.com,14+ Years,"Standard to Mid-Range (₹3,500 - ₹45,000)","Cross-border legal and tax advisory firm delivering high-quality business contracts, IP documentation, international structuring, and compliance.","Kolkata, Bengaluru, Mumbai, New Delhi, Singapore",U74140WB2010PTC147890 (CIN),"Cross-Border Contracts, Startup Structuring, Tax & Legal DD","Yes (Corporate Due Diligence, Tax Audits & IP Review)","Yes (Founders Agreements, ESOP Schemes, Investment Contracts)","Yes (Company Incorporation, DPIIT, Trademark)",No,"Yes (Tax Tribunals, NCLT Representation)",Yes (Calcutta High Court & NCLT)
Setupfilings,Sanjay Sharma,care@setupfilings.com,+91 99991 23456,https://www.setupfilings.com,8+ Years,"Affordable (₹999 - ₹18,000)","Online legal services provider helping micro, small, and medium businesses with standard agreement drafting, licensing, and compliance.","New Delhi, Jaipur, Chandigarh, Lucknow",U74999DL2018PTC334521 (CIN),"Legal Documentation, MSME Registration, Business Licensing",Yes (Basic Document Verification & Title Check),"Yes (Lease Deeds, Freelancer Contracts, Non-Disclosure Agreements)","Yes (Shop & Establishment, GST, Trademark, Sub-Registrar)",No,Yes (Drafting Legal Notices),No
ClearTax Legal & Corporate Services,Archit Gupta,support@cleartax.in,+91 80 6745 8707,https://www.cleartax.in,13+ Years,"Standard (₹2,000 - ₹35,000)","India's leading financial and legal tech platform providing digital legal documentation, corporate compliance, and intellectual property services.","Pan-India (Bengaluru, Mumbai, Delhi NCR, Hyderabad)",U72200KA2011PTC058914 (CIN),"Fintech Legal, Corporate Compliance, Trademark, Tax",Yes (Corporate & Tax Due Diligence),"Yes (Co-founder Agreements, Employment Contracts, Vendor Agreements)","Yes (ROC, MCA, GST, Trademark, MSME)",No,No,No
QuickCompany,Ayush Sharma,hello@quickcompany.in,+91 88008 80088,https://www.quickcompany.in,10+ Years,"Affordable (₹1,500 - ₹20,000)","Digital legal platform specializing in instant trademark filings, copyright registration, corporate agreements, and company formation.","Pan-India (Gurugram, New Delhi, Mumbai, Bengaluru)",U74900HR2014PTC053210 (CIN),"Trademark Search & Filing, Corporate Documentation",Yes (Brand & Trademark Search Due Diligence),"Yes (IP Assignment, Service Agreements, NDAs)","Yes (Trademark Registry, Copyright Office, MCA)",No,Yes (Trademark Opposition & Hearing Representation),Yes (Trademark Registry & IPAB)
Vakilno1.com,Neeraj Grover,info@vakilno1.com,+91 98100 12345,https://www.vakilno1.com,24+ Years,"Affordable to Mid-Range (₹2,000 - ₹30,000)","Pioneering Indian legal portal providing legal information, legal document templates, title checks, advocate consultation, and dispute support.","New Delhi, Mumbai, Bengaluru, Hyderabad, Kolkata",D/812/1997 (Bar Council of Delhi),"Civil Documentation, Property Legal Scrutiny, Consumer Law",Yes (Property Search & Encumbrance Verification),"Yes (Wills, Power of Attorney, Sale Deeds, Gift Deeds, Leases)",Yes (Sub-Registrar Deed Registration & Will Registration),Yes (RERA Consultation & Consumer Grievances),"Yes (District Courts, Consumer Commissions, High Courts)",Yes (Delhi High Court & Supreme Court Advocates)
PathLegal,Sunil Mallik,support@pathlegal.com,+91 80 4170 0000,https://www.pathlegal.in,15+ Years,"Affordable (₹1,000 - ₹25,000)","India's largest network of 300,000+ lawyers delivering affordable property document drafting, title verification, legal opinions, and court representation.","Pan-India (Bengaluru, Chennai, Mumbai, Delhi, Ahmedabad, Kolkata, Kochi)",KAR/210/2004 (Bar Council of Karnataka),"Legal Opinions, Property Title Verification, Document Drafting",Yes (Local Advocate Title Search & Scrutiny Reports),"Yes (Sale Agreements, Partition Deeds, Relinquishment Deeds, Affidavits)",Yes (Sub-Registrar Office Support across India),Yes (RERA State Authority Complaints),Yes (All District & High Courts across India),Yes (Bar Council Advocates across all Indian Courts)
E-Startup India,Ravi Kant Sharma,support@e-startupindia.com,+91 88810 69069,https://www.e-startupindia.com,10+ Years,"Affordable (₹1,299 - ₹22,000)","Digital legal and CA advisory portal assisting startups with legal agreements, trademark filings, corporate compliance, and license registrations.","Pan-India (Noida, Delhi NCR, Mumbai, Bengaluru, Jaipur)",U74999UP2016PTC085412 (CIN),"Startup Legal Documentation, Trademark, Company Registration",Yes (Corporate & MCA Due Diligence),"Yes (Website Terms & Privacy Policy, Founders Agreements, Vendor Contracts)","Yes (MCA, Trademark, Startup India, GST)",No,Yes (Legal Notice Drafting),No
SetIndiaBiz,Deepak Sharma,info@setindiabiz.com,+91 98996 00605,https://www.setindiabiz.com,12+ Years,"Affordable (₹1,999 - ₹28,000)","Corporate legal advisory portal providing documentation for FDI, company formation, commercial contract drafting, and intellectual property.","New Delhi, Gurugram, Mumbai, Bengaluru",U74140DL2012PTC239870 (CIN),"Corporate Law, FDI Approvals, Commercial Documentation",Yes (FDI Compliance & Corporate Due Diligence),"Yes (Shareholder Agreements, Commercial Leases, Director Agreements)","Yes (ROC, RBI/FEMA, Sub-Registrar, Trademark)",No,Yes (NCLT & Trademark Opposition),Yes (Delhi High Court & NCLT)
LegalWiz.in,Shrijay Sheth,support@legalwiz.in,+91 89807 87804,https://www.legalwiz.in,9+ Years,"Affordable (₹1,499 - ₹24,999)","Ahmedabad-based premier legaltech firm serving SMEs with automated agreement drafting, trademark protection, GST, and business registrations.","Ahmedabad, Rajkot, Surat, Vadodara, Mumbai, Pune, Bengaluru",U74999GJ2015PTC085448 (CIN),"SME Legal Documentation, Trademark, Corporate Filings",Yes (Vendor & Trademark Due Diligence),"Yes (Service Level Agreements, Employment Contracts, Non-Disclosure Agreements)","Yes (MCA, Trademark Registry, Sub-Registrar, GST)",Yes (Gujarat RERA / GujRERA Registration),Yes (Legal Notice Drafting),No
LegalDocs India,Sugam Malviya,support@legaldocs.co.in,+91 90290 08822,https://www.legaldocs.co.in,10+ Years,"Affordable (₹499 - ₹15,000)","Technology portal pioneering online registered rent agreements, doorstep biometric verification, property document drafting, and company registrations.","Mumbai, Pune, Thane, Navi Mumbai, Bengaluru, Delhi NCR",U74999MH2014PTC259871 (CIN),"Online Registered Rent Agreements, Property Deeds, Biometric Registration",Yes (Property Document & Owner Verification),"Yes (Leave & License Agreements, Sale Deeds, Gift Deeds, Affidavits)","Yes (Maharashtra IGR Registered Rent Agreement, Sub-Registrar)",Yes (RERA Agent Registration),No,No
LegalRaasta,Himanshu Jain,contact@legalraasta.com,+91 87500 08585,https://www.legalraasta.com,9+ Years,"Affordable (₹999 - ₹20,000)","Fast-paced legal and financial platform providing document drafting, trademark registration, food licensing, and business incorporation.","Pan-India (New Delhi, Mumbai, Bengaluru, Kolkata, Chennai, Ahmedabad)",U74140DL2015PTC281200 (CIN),"Legal Documentation, Licensing, Trademark Registration",Yes (Basic Legal Due Diligence),"Yes (Franchise Agreements, Vendor Contracts, NDA, Rental Agreements)","Yes (FSSAI, ISO, Trademark, MCA, Sub-Registrar)",No,Yes (Legal Notice Drafting),No
Rest The Case,Shreya Sharma,info@restthecase.com,+91 84849 55555,https://www.restthecase.com,5+ Years,"Affordable to Mid-Range (₹1,500 - ₹35,000)","Modern legal platform offering lawyer matchmaking, bespoke contract drafting, property legal scrutiny, and verified legal consultation.","Pune, Mumbai, New Delhi, Bengaluru, Kolkata",U74999PN2020PTC195123 (CIN),"Contract Drafting, Property Scrutiny, Family Legal Services",Yes (Property Search & Title Verification),"Yes (Sale Agreements, Cohabitation Agreements, Lease Deeds, Employment Pacts)",Yes (Sub-Registrar Deeds & Will Registrations),Yes (RERA Consultation),"Yes (Civil, Criminal & Consumer Court Support)",Yes (Bar Council Advocates in District & High Courts)
LegalDesk.com (DeskNine Technologies),Krupa Bhat,support@legaldesk.com,+91 80 4680 9400,https://www.legaldesk.com,10+ Years,"Affordable (₹500 - ₹15,000)","Pioneer in online e-stamping, registered rental agreements, customized legal document creation, and digital signature integration.","Bengaluru, Mysuru, Mumbai, Pune, Delhi NCR, Chennai, Hyderabad",U72900KA2014PTC077225 (CIN),"Online Legal Documents, E-Stamping, Rental Agreements",Yes (Property Document Verification),"Yes (Rental Agreements, General Power of Attorney, Affidavits, Will Drafting)","Yes (Sub-Registrar Registration, E-Stamping & Notary)",No,No,No
Legitquest Legal Services,Karan Kalia,contact@legitquest.com,+91 11 4905 6000,https://www.legitquest.com,8+ Years,"Standard to Mid-Range (₹3,000 - ₹40,000)","AI-powered legal research and documentation solution providing case law intelligence, contract analytics, and legal drafting support.","New Delhi, Gurugram, Mumbai, Bengaluru",U74999DL2017PTC298412 (CIN),"Legal Research AI, Contract Review, Case Law Due Diligence",Yes (Precedent & Case History Due Diligence),"Yes (Commercial Agreements, Legal Briefs, Pleadings)",No,No,Yes (Comprehensive Litigation Research & Support),Yes (Supreme Court & High Courts Research)
Startuprr Legal Consultants,Vipin Verma,info@startuprr.com,+91 98110 54321,https://www.startuprr.com,8+ Years,"Affordable (₹1,999 - ₹25,000)","Startup legal hub providing customized legal documentation, ESOP schemes, vendor agreements, and trademark protection.","New Delhi, Noida, Gurugram, Bengaluru",U74140DL2016PTC301245 (CIN),"Startup Legal Docs, ESOPs, Investment Structuring",Yes (Startup Investor Due Diligence),"Yes (Shareholders Agreement, Employment Contracts, Vendor Master Agreements)","Yes (MCA, DPIIT, Trademark, GST)",No,Yes (Drafting Legal Notices),No
Incorp Advisory India,Manish Gupta,india@incorp.asia,+91 22 4069 2000,https://www.incorp.asia/india,15+ Years,"Standard to Mid-Range (₹10,000 - ₹1,00,000)","Corporate secretarial and legal advisory firm offering corporate documentation, FEMA compliance, M&A due diligence, and company secretarial support.","Mumbai, New Delhi, Bengaluru, Chennai",U74140MH2008PTC184512 (CIN),"Corporate Secretarial, FEMA/RBI Compliance, Due Diligence",Yes (Secretarial & Regulatory Due Diligence),"Yes (Share Purchase Agreements, Board Resolutions, Commercial Leases)","Yes (ROC, RBI, SEBI, Sub-Registrar)",No,Yes (NCLT & Regional Director Filings),Yes (NCLT Representation)
Y.J. Trivedi & Co.,Jatin Y. Trivedi,info@yjtrivedi.com,+91 79 2630 3777,https://www.yjtrivedi.com,50+ Years,"Mid-Range (₹15,000 - ₹1,50,000)","Premier Gujarat-based legal and IP documentation firm handling commercial contracts, property title verification, and corporate legal advisory.","Ahmedabad, Rajkot, Surat, Vadodara, Mumbai, New Delhi",G/150/1975 (Bar Council of Gujarat),"Intellectual Property, Real Estate Contracts, Commercial Law",Yes (Property & IP Due Diligence in Gujarat & Western India),"Yes (Sale Deeds, Development Agreements, Licensing, Leases)","Yes (Sub-Registrar Deeds, Trademark Registry, Copyright)",Yes (Gujarat RERA / GujRERA Registrations & Compliance),"Yes (Gujarat High Court, Commercial Courts, District Courts)",Yes (Gujarat High Court & Supreme Court)
H.K. Law Associates,Harish Kotak (Advocate),kotaklaw@gmail.com,+91 98252 14560,https://www.hklawassociates.com,28+ Years,"Affordable to Mid-Range (₹10,000 - ₹75,000)","Prominent Saurashtra legal practice in Rajkot specializing in land revenue records, 30-year title clearance certificates, and conveyance.","Rajkot, Morbi, Jamnagar, Junagadh, Ahmedabad",G/680/1995 (Bar Council of Gujarat),"Property Title Clearance, Land Revenue Documentation, Agriculture-to-NA","Yes (30-Year Title Search, Public Notice in Newspapers, 7/12 & 8A Records Verification)","Yes (Satakhat / Agreement to Sale, Dastavej / Sale Deed, Gift Deeds, Banakhat)","Yes (Sub-Registrar Office Rajkot, Revenue Taluka Offices)","Yes (GujRERA Project Registration, Promoter Compliance)","Yes (Rajkot District Court, Revenue Tribunal, Gujarat High Court)","Yes (Rajkot District & Sessions Court, Gujarat High Court)"
Nanavati & Nanavati Advocates,K.S. Nanavati,mail@nanavatico.com,+91 79 2656 1234,https://www.nanavatico.com,45+ Years,"Mid to Premium (₹25,000 - ₹2,00,000)","Distinguished Ahmedabad legal firm with extensive practice in corporate documentation, real estate disputes, constitutional law, and infrastructure.","Ahmedabad, Gandhinagar, Rajkot, Surat, Vadodara",G/210/1978 (Bar Council of Gujarat),"Real Estate Litigation, Corporate Law, Infrastructure Documentation",Yes (Comprehensive Land Title Search & Industrial Plot DD),"Yes (Joint Development Agreements, Conveyance Deeds, EPC Contracts)",Yes (Sub-Registrar & Gujarat Industrial Development Corp GIDC),Yes (GujRERA Tribunal & Appellate Authority Litigation),"Yes (Gujarat High Court, Supreme Court, Revenue Tribunal)",Yes (Gujarat High Court & Supreme Court of India)
Decora Legal & Property Documentation,Ketan Patel (Advocate & Notary),pateladvocate.rajkot@gmail.com,+91 94282 33445,https://www.decoralegal.in,20+ Years,"Affordable (₹5,000 - ₹50,000)","Specialist Saurashtra real estate legal practice offering title verification certificates, notary services, RERA filings, and deed drafting.","Rajkot, Morbi, Gondal, Ahmedabad",G/1140/2003 (Bar Council of Gujarat) & Notary Reg No. 4512,"Real Estate Title Verification, Saurashtra Land Revenue, Notarization","Yes (30-Year Title Clearance Search, Index II, Urban Land Clearance)","Yes (Sale Deeds, Satakhat, Mortgage Deeds, Lease Deeds, Will Drafting)","Yes (Sub-Registrar Rajkot Zone 1 & 2, Collectorate Registrations)",Yes (GujRERA Registration & Project Approvals),"Yes (Rajkot Civil Court, Mamlatdar & Prant Officer Court)",Yes (Rajkot Bar Association)
Solicis Lex,Dr. Ameet Mehta,info@solicislex.com,+91 22 2888 8888,https://www.solicislex.com,20+ Years,"Mid-Range (₹20,000 - ₹1,50,000)","Leading Mumbai-based law firm with comprehensive practice in society redevelopment, property documentation, MahaRERA disputes, and litigation.","Mumbai, Thane, Pune, Navi Mumbai, New Delhi",MAH/1980/2002 (Bar Council of Maharashtra & Goa),"Housing Society Redevelopment, MahaRERA, Real Estate Conveyance","Yes (30-Year Search Report, SRA & Society Due Diligence)","Yes (Deemed Conveyance Deeds, Tripartite Agreements, Development Agreements)","Yes (Sub-Registrar Mumbai & Pune, Co-operative Registrar)","Yes (MahaRERA Complaints, Adjudicating Officer, Appellate Tribunal)","Yes (Bombay High Court, City Civil Court, Consumer Court)",Yes (Bombay High Court)
M&M Legal Ventures,Manish Sharma,info@mmlegalventures.com,+91 11 4100 8900,https://www.mmlegalventures.com,18+ Years,"Mid-Range (₹15,000 - ₹1,20,000)","Delhi NCR firm providing full-spectrum real estate title search, builder-buyer litigation, corporate agreements, and regulatory approvals.","New Delhi, Gurugram, Noida, Faridabad, Ghaziabad",D/950/2005 (Bar Council of Delhi),"Delhi NCR Real Estate Title Search, Commercial Contracts, NCDRC","Yes (DDA, HUDA & UP RERA Property Due Diligence)","Yes (Collaboration Agreements, Builder-Buyer Agreements, Lease Deeds)","Yes (Sub-Registrar Offices in Delhi, Noida & Gurugram)",Yes (UP RERA & HRERA Complaints & Project Filings),"Yes (NCDRC, Delhi High Court, District Courts)",Yes (Delhi High Court & Supreme Court)
Krishna & Saurastri Associates LLP,Manish Saurastri,info@krishnaandsaurastri.com,+91 22 2200 6322,https://www.krishnaandsaurastri.com,30+ Years,"Mid to Premium (₹20,000 - ₹1,80,000)","Full-service intellectual property and corporate law firm managing commercial contracts, licensing agreements, IP litigation, and registration.","Mumbai, Bengaluru, New Delhi, Pune, Ahmedabad, Chennai",MAH/1250/1992 (Bar Council of Maharashtra & Goa),"Intellectual Property, Licensing Agreements, Technology Law",Yes (IP Due Diligence & Commercial Scrutiny),"Yes (Technology Licensing, NDA, Joint Development Agreements)","Yes (Patent Office, Trademark Registry, Copyright)",No,"Yes (High Courts, Commercial Benches, IP Tribunals)",Yes (Bombay High Court & Delhi High Court)
RERA Easy Consultancy,Pramod Patil,contact@reraeasy.com,+91 99200 44556,https://www.reraeasy.com,8+ Years,"Standard (₹5,000 - ₹50,000)","Specialized MahaRERA legal consultancy guiding developers, architects, and buyers through project registrations, quarterly compliance, and legal audits.","Mumbai, Pune, Thane, Nagpur, Nashik",MAH/3210/2015 (Bar Council of Maharashtra & Goa),"RERA Project Registration, MahaRERA Compliance, Title Verification","Yes (RERA Title Search, Architect & CA Certificate Verification)","Yes (RERA-Compliant Builder-Buyer Agreements, Allotment Letters)","Yes (MahaRERA Portal Registration, Sub-Registrar Deeds)",Yes (End-to-End MahaRERA Project Registration & Quarterly Updates),Yes (MahaRERA Conciliation & Appellate Support),Yes (MahaRERA Tribunal Advocates)
MahaRERA Legal Consultancy Services,Advocate Ramesh Shinde,info@mahareralegal.com,+91 98220 98765,https://www.mahareralegal.com,15+ Years,"Standard (₹8,000 - ₹60,000)","Pune-based real estate legal consultancy advising on property title search, society deemed conveyance, MahaRERA disputes, and registration.","Pune, Pimpri-Chinchwad, Mumbai, Kolhapur",MAH/1540/2008 (Bar Council of Maharashtra & Goa),"MahaRERA Disputes, Deemed Conveyance, Title Clearance","Yes (30-Year Title Search, PMC/PCMC Sanctions Scrutiny)","Yes (Development Agreements, Sale Deeds, Power of Attorney)","Yes (Haveli Sub-Registrar Pune, Land Records Registry)","Yes (MahaRERA Complaints, Adjudication, Penalty Waivers)","Yes (Pune District Court, MahaRERA Tribunal, Bombay High Court)",Yes (Pune Bar Association & Bombay High Court)
Gujarat RERA Legal Advisors,Pranav Shah (Advocate),pranav.shah@gujreravocate.com,+91 98795 22334,https://www.gujreravocate.com,18+ Years,"Standard (₹7,500 - ₹65,000)","Ahmedabad-based legal advisory firm specializing in Gujarat RERA compliance, title search certificates, developer agreements, and dispute representation.","Ahmedabad, Gandhinagar, Rajkot, Surat, Vadodara",G/1450/2005 (Bar Council of Gujarat),"GujRERA Project Approvals, Title Clearance Certificates, Real Estate Law","Yes (30-Year Title Search, AUDA/GUDA Land Approvals Scrutiny)","Yes (Standard RERA Allotment Letters, Satakhat, Final Sale Deeds)",Yes (Sub-Registrar Ahmedabad & Gandhinagar),"Yes (GujRERA Registration, Annual Filings & Adjudication)","Yes (GujRERA Authority, GujRERA Appellate Tribunal, Gujarat High Court)",Yes (Gujarat High Court Advocates Association)
Kred-Jure Legal Consultants,K. Raghavan (Advocate),contact@kredjure.com,+91 80 2558 7890,https://www.kredjure.com,22+ Years,"Mid-Range (₹15,000 - ₹1,20,000)","Bengaluru real estate law firm focused on BBMP/BDA property due diligence, Khata transfers, title opinions, and commercial lease drafting.","Bengaluru, Mysuru, Mangaluru",KAR/750/2001 (Bar Council of Karnataka),"Bengaluru Land Due Diligence, BDA/BBMP Scrutiny, Joint Development","Yes (30-Year Title Search, Encumbrance Certificate EC, A-Khata/B-Khata Audit)","Yes (Joint Development Agreements, Sale Deeds, Construction Contracts)","Yes (Sub-Registrar Bengaluru, BBMP Khata Transfer)",Yes (K-RERA Karnataka RERA Registration & Complaints),"Yes (City Civil Court Bengaluru, Karnataka High Court)",Yes (Karnataka High Court)
Altacit Global,Dr. Sudhir Ravindran,info@altacit.com,+91 44 2815 0480,https://www.altacit.com,20+ Years,"Mid-Range (₹18,000 - ₹1,40,000)","Chennai-based strategic legal and documentation firm with global reach, specializing in IP, real estate contracts, franchising, and corporate governance.","Chennai, Bengaluru, Coimbatore, Hyderabad",MS/580/2001 (Bar Council of Tamil Nadu & Puducherry),"Real Estate Contracts, Intellectual Property, Franchising","Yes (Title Due Diligence, IP Audit, Corporate Governance DD)","Yes (Franchise Agreements, Master Leases, Technology Licensing)","Yes (Sub-Registrar Chennai, Trademark Registry)",Yes (TNRERA Compliance & Advisory),"Yes (Madras High Court, Commercial Courts)",Yes (Madras High Court)
De Penning & De Penning,R.R. Nair,contact@depenning.com,+91 44 2499 6555,https://www.depenning.com,165+ Years,"Mid to Premium (₹25,000 - ₹2,00,000)","Established in 1856, one of India's oldest legal documentation firms specializing in intellectual property registration, licensing agreements, and litigation.","Chennai, Kolkata, Mumbai, New Delhi",MS/210/1985 (Bar Council of Tamil Nadu & Puducherry),"Patent Prosecution, Trademark Registration, IP Licensing",Yes (Patent & Trademark Due Diligence),"Yes (Patent Licensing, Cross-Licensing, Assignment Deeds)","Yes (Patent Office, Trademark Office, GI Registry)",No,"Yes (High Courts, IP Appellate Benches)","Yes (Madras High Court, Calcutta High Court)"
Victor Moses & Co. Solicitors,A.K. Ghosh,info@victormoses.com,+91 33 2248 4600,https://www.victormoses.com,85+ Years,"Mid-Range (₹15,000 - ₹1,20,000)","Premier Kolkata solicitors firm providing title investigation, conveyancing, probate of wills, trust deeds, and civil court registration.","Kolkata, Howrah, Siliguri",WB/380/1980 (Bar Council of West Bengal),"Real Estate Conveyance, Probate & Administration of Estates, Trust Law",Yes (Exhaustive 40-Year Land & Title Search across West Bengal),"Yes (Deeds of Conveyance, Trust Deeds, Wills, Lease Deeds)","Yes (Registrar of Assurances Kolkata, District Sub-Registrar)",Yes (WB RERA Project Advisory & Registration),Yes (Calcutta High Court Original Side & City Civil Court),Yes (Calcutta High Court)
Sandersons & Morgans Solicitors,P.K. Ray,sandersons@vsnl.net,+91 33 2248 2441,https://www.sandersonsmorgans.com,160+ Years,"Mid to Premium (₹20,000 - ₹1,50,000)","Historic Kolkata law firm founded in 1862, recognized for property title certification, commercial contracts, banking, and civil litigation.","Kolkata, New Delhi, Asansol",WB/120/1972 (Bar Council of West Bengal),"Title Certification, Banking Documentation, Civil Litigation",Yes (Title Verification of Heritage & Commercial Properties),"Yes (Mortgages, Indenture of Lease, Conveyance Deeds)","Yes (Sub-Registrar West Bengal, Registrar of Assurances)",Yes (WB RERA Filings),Yes (Calcutta High Court & Supreme Court),Yes (Calcutta High Court)
Lex Mantis,Sneha Jaisingh,info@lexmantis.com,+91 22 2490 1200,https://www.lexmantis.com,12+ Years,"Mid-Range (₹15,000 - ₹1,25,000)","Boutique Mumbai commercial and real estate legal practice advising developers, businesses, and HNWIs on contracts, title search, and dispute resolution.","Mumbai, Pune, Goa",MAH/2450/2010 (Bar Council of Maharashtra & Goa),"Commercial Contracts, Real Estate Scrutiny, Private Client",Yes (Title Search & Encumbrance Verification),"Yes (Leave & License, Joint Venture, Vendor Agreements)","Yes (Sub-Registrar Mumbai, Stamp Duty Adjudication)",Yes (MahaRERA Advisory & Dispute Handling),Yes (City Civil Court & Bombay High Court),Yes (Bombay High Court)
Obhan & Associates,Essenese Obhan,email@obhan.com,+91 11 4020 0200,https://www.obhanandassociates.com,18+ Years,"Mid to Premium (₹20,000 - ₹1,80,000)","Full-service IP and corporate practice known for commercial contracting, technology transfer agreements, patent prosecution, and compliance.","New Delhi, Pune, Bengaluru",D/880/2000 (Bar Council of Delhi),"Patent Drafting, Commercial Contracting, Media & IP",Yes (IP & Tech Due Diligence),"Yes (Commercial Supply, Tech Transfer, IP Assignment, NDAs)",Yes (Patent Office & Trademark Registry),No,"Yes (Delhi High Court, Commercial Courts)",Yes (Delhi High Court)
Surana & Surana International Attorneys,Dr. Vinod Surana,intellect@lawindia.com,+91 44 2812 0000,https://www.lawindia.com,50+ Years,"Mid to Premium (₹20,000 - ₹1,80,000)","Pioneering South Indian law firm delivering full-service real estate title investigation, corporate documentation, cross-border M&A, and dispute resolution.","Chennai, Bengaluru, Kochi, New Delhi",MS/350/1988 (Bar Council of Tamil Nadu & Puducherry),"Real Estate Title Clearance, International Corporate Law, Arbitration",Yes (Pan-South India Property Title Search & Corporate DD),"Yes (Sale Deeds, Commercial Lease Agreements, JV Contracts)","Yes (Sub-Registrar Chennai, Land Records, Stamp Duty)",Yes (TNRERA & K-RERA Registration & Dispute Redressal),"Yes (Madras High Court, Karnataka High Court, Supreme Court)",Yes (Madras High Court & Supreme Court of India)
Tatva Legal,Shailendra Komatireddy,hyderabad@tatvalegal.com,+91 40 6767 5000,https://www.tatvalegal.com,15+ Years,"Mid to Premium (₹20,000 - ₹2,00,000)","Leading full-service law firm in Telangana and Andhra Pradesh specializing in real estate development contracts, title search, and corporate advisory.","Hyderabad, Bengaluru, Mumbai, New Delhi, Chennai",AP/1120/1997 (Bar Council of Andhra Pradesh/Telangana),"Hyderabad Real Estate Title Investigation, IT Park Leases, Corporate","Yes (30-Year Title Search, HMDA Approvals & Revenue Records Audit)","Yes (Development Agreements-cum-GPA, Sale Deeds, Long-Term Leases)","Yes (Telangana Registration & Stamps Dept, Sub-Registrar)",Yes (TS RERA Project Registration & Compliance),"Yes (Telangana High Court, City Civil Courts, Arbitrations)",Yes (Telangana High Court)
Pragmatic Legal Advisors,Bhavesh Vaghela (Advocate),pragmaticlegal.surat@gmail.com,+91 98251 67890,https://www.pragmaticlegalsurat.com,16+ Years,"Affordable (₹6,000 - ₹45,000)","Surat-based legal consultancy focused on textile/diamond industry commercial contracts, land title clearances, GujRERA filings, and deed registrations.","Surat, Navsari, Bharuch, Ankleshwar, Vapi",G/980/2007 (Bar Council of Gujarat),"Surat Industrial Property Due Diligence, Textile Contracts, Conveyance","Yes (30-Year Title Search in Surat Sub-Districts, 7/12 Scrutiny)","Yes (Satakhat, Dastavej, Commercial Leases, Partnership Deeds)",Yes (Surat Sub-Registrar Offices & GIDC Offices),Yes (GujRERA Project Registration for Surat Developers),Yes (Surat District Court & Gujarat High Court),Yes (Surat District Bar Association)
PropertyKraft Legal & RERA Advisory,Suresh Babu (Advocate),contact@propertykraft.in,+91 80 4120 7788,https://www.propertykraft.in,14+ Years,"Standard (₹7,500 - ₹60,000)","Bengaluru-based real estate legal consultancy providing comprehensive property legal verification, A-Khata validation, K-RERA filings, and deed drafting.","Bengaluru, Mysuru, Hosur",KAR/1580/2009 (Bar Council of Karnataka),"Bengaluru Property Verification, K-RERA, BDA/BMRDA Approvals","Yes (Exhaustive Property Due Diligence, EC Scrutiny & Layout Sanctions)","Yes (Absolute Sale Deeds, Construction Agreements, Tripartite Deeds)","Yes (Sub-Registrar Office Karnataka, BBMP Khata Registration)",Yes (Karnataka RERA / K-RERA Registration & Legal Opinions),"Yes (Consumer Courts, City Civil Court Bengaluru)",Yes (Bangalore Advocates Association)
LegalCorner Advocates & Consultants,Rohit Agarwal (Advocate),info@legalcorner.in,+91 124 425 6700,https://www.legalcorner.in,16+ Years,"Mid-Range (₹12,000 - ₹90,000)","Gurugram law practice advising on Haryana RERA (HRERA) disputes, commercial leasing for cyber hubs, title search, and builder agreement reviews.","Gurugram, Manesar, New Delhi, Faridabad",D/1450/2007 (Bar Council of Delhi / Punjab & Haryana),"HRERA Gurugram Compliance, Commercial Leases, Property Scrutiny","Yes (DTCP Approvals, HRERA Scrutiny & Title Search)","Yes (Commercial Office Leases, Builder-Buyer Agreements, Collaboration)",Yes (Tehsil Sub-Registrar Gurugram & Wazirabad),Yes (HRERA Gurugram Complaints & Developer Project Filings),"Yes (HRERA Authority Gurugram, District Courts, Punjab & Haryana High Court)",Yes (Punjab & Haryana High Court & Delhi High Court)
Acuity Law,Souvik Ganguly,al@acuitylaw.co.in,+91 22 6835 0000,https://www.acuitylaw.co.in,12+ Years,"Mid to Premium (₹25,000 - ₹2,00,000)","Mumbai corporate law firm specializing in cross-border acquisitions, joint ventures, real estate transactions, and complex commercial documentation.","Mumbai, Bengaluru, New Delhi",MAH/1820/2004 (Bar Council of Maharashtra & Goa),"Cross-Border M&A, Real Estate Finance, Commercial Contracts","Yes (M&A Due Diligence, Land Title & Real Estate DD)","Yes (Share Subscription Agreements, Asset Sale Deeds, Leases)","Yes (Sub-Registrar Deeds, MCA & FDI Filings)",Yes (RERA Due Diligence for Investors),Yes (Commercial Arbitrations & High Courts),Yes (Bombay High Court)
Chadha & Chadha IP Advocates,Chetan Chadha,info@ipcorridor.com,+91 124 455 3400,https://www.ipcorridor.com,55+ Years,"Mid to Premium (₹20,000 - ₹1,75,000)","Established intellectual property and documentation firm managing patent filings, trademark registrations, licensing contracts, and IP due diligence.","Gurugram, New Delhi, Mumbai, Bengaluru, Chennai, Kolkata, Ahmedabad",D/240/1970 (Bar Council of Delhi),"Intellectual Property, Licensing, Patent Drafting, Brand Protection",Yes (IP Due Diligence & Brand Clearance Audits),"Yes (Technology Licensing, Brand Transfer, NDA, Franchise Deeds)","Yes (Patent Office, Trademark Registry, Design Office)",No,"Yes (High Courts, Commercial Courts, IP Tribunals)",Yes (Delhi High Court & Supreme Court)
Astraea Legal Advocates & Solicitors,Rishi Anand,delhi@astraealegal.com,+91 11 4100 5600,https://www.astraealegal.com,14+ Years,"Mid-Range (₹15,000 - ₹1,20,000)","Full-service law firm with extensive experience in civil litigation, real estate title search, corporate agreements, and arbitration.","New Delhi, Mumbai, Chandigarh, Jaipur",D/1090/2008 (Bar Council of Delhi),"Real Estate Title Verification, Commercial Disputes, Arbitration",Yes (Property Search Reports & Title Clearance Audits),"Yes (Builder-Buyer Agreements, Collaboration Deeds, Leases)",Yes (Sub-Registrar Offices in Delhi NCR),Yes (RERA Complaints & Developer Advisory),"Yes (Supreme Court, Delhi High Court, District Courts)",Yes (Delhi High Court & Supreme Court)