Business Name,Contact Person,Email,Phone,Website,Years of Experience,Pricing Range,Business Description,Service Areas,Service Types,Fleet Details
Agarwal Packers and Movers Ltd (APML),Ramesh Agarwal,info@agarwalpackers.com,+91 9300300300,https://www.agarwalpackers.com,35+ Years (Est. 1987),"₹6,000 - ₹45,000","India's largest and most recognized logistics and moving brand, specializing in household shifting, corporate relocations, and vehicle transportation.","Pan-India (Over 1200 locations including Delhi, Mumbai, Bengaluru, Hyderabad, Chennai, Kolkata)","Household Shifting, Office Relocation, Vehicle Transportation, International Moving, Warehousing","1,200+ specialized containerized trucking units (Chapp van, LED boxes, Cube containers)"
Agarwal Packers and Movers (DRS Group),Dayanand Agarwal,customercare@agarwalpackers.in,+91 9360014001,https://www.agarwalpackers.in,38+ Years (Est. 1984),"₹5,500 - ₹42,000","Pioneer moving enterprise offering patented 'CHEP' pallet movement, household goods relocation, and corporate relocation across India.","All Major Indian Metros, Tier 1 & Tier 2 Cities","Domestic Shifting, Corporate Relocation, Car & Bike Carrier, Storage Solutions","1,000+ Closed Container GPS-enabled trucks and custom carrier vans"
Porter Packers and Movers,Pranav Goel,help@theporter.in,080-44104410,https://porter.in/packers-and-movers,10+ Years (Est. 2014),"₹1,500 - ₹28,000",Leading tech-enabled on-demand logistics platform providing hassle-free intracity and intercity house shifting and mini-truck bookings.,"Mumbai, Delhi NCR, Bengaluru, Hyderabad, Chennai, Pune, Ahmedabad, Kolkata, Jaipur, Surat","Intracity House Shifting, Intercity Relocation, Micro-shifting, Packing & Unpacking, Loading Support","300,000+ registered driver-partners across Tata Ace, 3-Wheelers, 407, and 14ft containers"
NoBroker Packers and Movers,Amit Kumar Agarwal,movements@nobroker.in,+91 9241700000,https://www.nobroker.in/packers-and-movers,10+ Years (Est. 2014),"₹3,000 - ₹35,000","Tech-driven relocation platform providing guaranteed price quotes, dedicated move managers, and zero-damage shifting guarantees.","Bengaluru, Mumbai, Pune, Chennai, Hyderabad, Delhi NCR, Ahmedabad, Faridabad","Local House Shifting, Intercity Relocation, Vehicle Relocation, Premium Packing","Network of 5,000+ certified partner vehicles including mini trucks and large freight carriers"
Leo Packers and Movers,Abhay Shah,abhayshah@leopackersandmovers.com,+91 8088001122,https://leopackersandmovers.com,45+ Years (Est. 1975),"₹7,000 - ₹50,000",One of India's oldest professional moving companies known for military and corporate grade packing and high-touch customer support.,"Bengaluru, Hyderabad, Chennai, Mumbai, Delhi, Pune, Ahmedabad, Kochi","Residential Moving, Corporate Office Shifting, Heavy Machinery Movement, Defense Relocations",250+ Company-owned specialized covered trucks and hydraulic carrier vehicles
Gati Movers and Packers,K. L. Chugh,customerservice@gati.com,1860-123-4284,https://www.gati.com,35+ Years (Est. 1989),"₹6,000 - ₹40,000","Nationwide express logistics and supply chain leader offering professional domestic moving, cargo packaging, and warehousing.","Pan-India coverage across 19,000+ PIN codes","Express Cargo Relocation, Household Shifting, Industrial Goods, Cold Chain / Sensitive Cargo","5,000+ commercial vehicles including multi-axle trucks and express container vans"
VRL Packers and Movers (VRL Logistics),Dr. Vijay Sankeshwar,customercare@vrllogistics.com,0836-2237511,https://www.vrllogistics.com,40+ Years (Est. 1976),"₹5,000 - ₹38,000",India's premier commercial logistics conglomerate offering robust intercity household and commercial freight moving networks.,Pan-India (Extensive penetration in Southern and Western India),"Domestic House Shifting, Parcel Delivery, Full Truck Load Relocation, Priority Cargo","5,500+ custom-built heavy goods vehicles and enclosed container trucks"
Writer Relocations,Garvin Writer,enquiries@writerrelocations.com,+91 22 4088 1818,https://www.writerrelocations.com,70+ Years (Est. 1953),"₹15,000 - ₹1,50,000","Ultra-premium international and domestic relocation firm catering to expatriates, Fortune 500 executives, fine art, and diplomatic moves.","Mumbai, Delhi NCR, Bengaluru, Chennai, Hyderabad, Kolkata, Pune & Global","International Relocation, Premium Home Moving, Fine Art Transport, Corporate Mobility",Temperature-controlled and air-suspension specialized relocation trucks
Santa Fe Relocation India,Sanjay Sharma,india@santaferelo.com,+91 124 456 5000,https://www.santaferelo.com,120+ Years Globally / 25+ in India,"₹20,000 - ₹2,00,000",Global corporate mobility and luxury moving specialist managing cross-border and high-value domestic executive transitions.,"Gurugram, Mumbai, Bengaluru, Chennai, Hyderabad","Global Mobility, Expat Relocation, Immigration Services, Fine Art & Pet Relocation",High-security ISO containerized vehicles with hydraulic tail lifts
Allied Pickfords India,Ashish Mukherjee,info@alliedpickfords.co.in,+91 11 4165 9191,https://www.alliedpickfords.com,30+ Years in India,"₹18,000 - ₹1,80,000","Global relocation giant offering end-to-end relocation management, pet relocation, secure warehousing, and corporate transit.","Delhi NCR, Mumbai, Bengaluru, Chennai, Kolkata, Pune","Domestic & International Shifting, Office Relocation, Storage, Pet Moving",GPS-monitored heavy container trucks and specialized transit vans
PMR (Paramount Movers & Relocations),Aakanksha Bhargava,contact@pmrelocations.com,+91 124 452 4000,https://www.pmrelocations.com,38+ Years (Est. 1986),"₹12,000 - ₹95,000","Award-winning corporate relocation, fine art handling, and international moving enterprise operated by women leadership.","New Delhi, Mumbai, Bengaluru, Chennai, Hyderabad, Pune, Ahmedabad","Fine Art Handling, Domestic Moving, Expat Moving, Pet Moving, Warehousing",150+ Heavy and medium containerized fleets with multi-layer interior cushioning
HappyLocate Relocation Services,Ajay Tiwari,reachus@happylocate.com,+91 8884447650,https://www.happylocate.com,8+ Years (Est. 2016),"₹4,000 - ₹32,000",AI-powered corporate and employee relocation platform simplifying relocations for enterprises and retail consumers.,"Pan-India across 100+ cities (Bengaluru HQ, Mumbai, Delhi, Hyderabad)","Employee Relocation, Household Shifting, Hotel Stays, Vehicle Transport","Aggregated fleet network of 3,500+ verified commercial vehicles"
Pikkol (RedCotton Technologies),Deepu Chandran,contact@pikkol.com,080-33013301,https://www.pikkol.com,9+ Years (Est. 2015),"₹3,500 - ₹30,000",Digital relocation management company utilizing algorithm-based volume estimation and automated tracking.,"Bengaluru, Mumbai, Pune, Delhi NCR, Hyderabad, Chennai","Home Relocation, Office Shifting, Vehicle Transit, Multi-layer Packaging",200+ partner container trucks with real-time GPS telemetry
ShiftKarado,Sahil Barua,support@shiftkarado.com,1800-102-0480,https://www.shiftkarado.com,9+ Years (Est. 2015),"₹3,000 - ₹28,000","Instant quote-based moving tech firm backed by Star Worldwide Group, specializing in express household moving.","Delhi NCR, Bengaluru, Mumbai, Pune, Hyderabad, Jaipur, Chandigarh","Household Shifting, Office Relocation, Vehicle Moving, Self-Storage",Star Worldwide logistics fleet network with 300+ covered carriers
Interem Relocations,Rahul Pillai,response@interemrelocations.com,+91 22 6157 7000,https://www.interemrelocations.com,28+ Years (Est. 1996),"₹12,000 - ₹1,10,000","Part of Freight Systems Group, providing high-end multinational relocations, overseas freight forwarding, and storage.","Mumbai, Delhi, Chennai, Bengaluru, Hyderabad, Dubai, Singapore","International Relocation, Domestic Relocation, Commercial Moving, Asset Management",180+ Closed dry containers and custom moving trucks
Safexpress B2C Logistics,Pawan Jain,info@safexpress.com,1800-113-113,https://www.safexpress.com,27+ Years (Est. 1997),"₹5,000 - ₹40,000",Supply chain leader providing 'SafeMove' residential relocation and high-value cargo transport across all Indian pin codes.,"Pan-India (Coverage across 31,000+ PIN codes)","Specialized B2C Moving, SafeMove Household Cargo, Temperature Controlled, Warehousing","9,000+ Weather-proof GPS-enabled containerized trucks"
Transworld International,Naveen Singhal,enquiry@transworldintl.com,+91 80 4343 6000,https://www.transworldintl.com,25+ Years (Est. 1999),"₹10,000 - ₹85,000",FIDI FAIM certified relocation company offering global quality standards for domestic and international relocations.,"Bengaluru, Chennai, Hyderabad, Mumbai, Delhi NCR, Pune","International Moving, Corporate Relocations, Fine Arts Moving, Relocation Assistance",120+ Dedicated air-conditioned and high-cube container trucks
DTDC Packers and Movers,Subhasish Chakraborty,customersupport@dtdc.com,080-25365032,https://www.dtdc.in,34+ Years (Est. 1990),"₹4,000 - ₹34,000","India's largest express delivery network offering structured domestic cargo packaging, luggage transit, and house moving.","Pan-India (Over 10,000 booking centres across India)","Express Luggage Transit, Household Goods Moving, Corporate Moving, Parcel Delivery","4,000+ Medium & light commercial transport vehicles"
Maxwell Relocations,Dharmender Sharma,info@maxwellrelocations.com,+91 9811195678,https://www.maxwellrelocations.com,20+ Years (Est. 2004),"₹6,000 - ₹48,000","Full-service relocation firm offering specialized packing, factory shifting, and international customs clearance.","Delhi, Mumbai, Bengaluru, Hyderabad, Chennai, Kolkata","Domestic Relocation, Industrial Machinery Relocation, Car Shifting, Warehousing","90+ Container vehicles, hydraulic cranes, and customized car carriers"
Universal Relocations,Sai Dattani,india@universalrelocations.com,+91 44 2661 0101,https://www.universalrelocations.com,26+ Years (Est. 1998),"₹15,000 - ₹1,25,000","International moving specialist handling seamless immigration, shipping, and domestic packing across India and North America.","Chennai, Bengaluru, Hyderabad, Mumbai, New Delhi","International Relocation, Sea & Air Cargo, Door-to-Door Domestic Shifting, Pet Relocation",Multi-axle shipping container transporters and covered city trucks
BOXnMOVE Logistics,Lalit Sharma,support@boxnmove.com,+91 9053999912,https://boxnmove.com,8+ Years (Est. 2016),"₹3,500 - ₹30,000","Tech-backed packers and movers providing transparent pricing, insurance coverage, and end-to-end relocation in North India.","Gurgaon, Delhi, Noida, Faridabad, Ghaziabad, Chandigarh, Jaipur","Home Relocation, Office Shifting, Storage & Warehousing, Vehicle Relocation","100+ Closed container trucks (Tata 407, Eicher 14ft/17ft)"
ShiftinIndia Relocations,Vikram Singh,contact@shiftinindia.com,+91 9355438305,https://www.shiftinindia.com,12+ Years (Est. 2012),"₹3,000 - ₹26,000",Reliable packing and moving service provider with specialized transit insurance and trained packing crews across NCR.,"Gurugram, Delhi, Noida, Greater Noida, Ghaziabad","Local House Shifting, Domestic Relocation, Car Transportation, Bike Shifting",60+ Covered container vehicles and local transit vans
Safe Packers and Movers Delhi,Manoj Kumar,info@safepackersmovers.com,+91 9811442200,https://www.safepackersmovers.com,18+ Years (Est. 2006),"₹4,000 - ₹32,000","Established Delhi-based packing and moving company providing doorstep packaging, bubble wrap protection, and intercity transit.","Delhi NCR, Chandigarh, Ludhiana, Jaipur, Lucknow, Kanpur","Residential Shifting, Commercial Shifting, Packaging Material Supply, Heavy Loading",45+ Eicher container trucks and Tata 207 carriers
Pari Packers and Movers,Rajesh Prajapati,info@paripackersmovers.com,+91 9871188224,https://www.paripackersmovers.com,14+ Years (Est. 2010),"₹3,000 - ₹24,000","Noida Sector 5 based relocation firm known for prompt delivery, furniture dismantling, and assembly services.","Noida, Greater Noida, Delhi, Ghaziabad, Meerut","Household Shifting, Corporate Relocation, Single Item Movement, Furniture Shifting",30+ Mahindra Bolero Maxi Trucks and Tata Ace vehicles
Digital Packers and Movers,Sunil Verma,support@digitalmoversandpackers.in,+91 9654185001,https://www.digitalmoversandpackers.in,10+ Years (Est. 2014),"₹3,500 - ₹28,000",Modern logistics provider utilizing barcode scanning and GPS tracking for seamless domestic goods movement.,"Delhi NCR, Dehradun, Haridwar, Agra, Jaipur","Home Moving, Commercial Relocation, Warehousing, Vehicle Carrier",50+ GPS enabled containerized vehicles
Rohit Relocation Packers & Movers,Rohit Sharma,rohitrelocationchd@gmail.com,+91 9888421000,https://www.rohitrelocation.com,16+ Years (Est. 2008),"₹4,500 - ₹35,000","Chandigarh Transport Nagar pioneer offering express household shifting to Kolkata, Mumbai, Bangalore, and Delhi.","Chandigarh, Mohali, Panchkula, Ludhiana, Jalandhar, Shimla","Long Distance Relocation, Household Shifting, Car Carrier, Packing & Crating",40+ Heavy 17ft/19ft covered trucks and closed carriers
Vijay Packers & Logistics,Vijay Yadav,info@vijaypackersindia.com,+91 9325838488,https://www.vijaypackersindia.com,22+ Years (Est. 2002),"₹5,000 - ₹38,000","ISO certified relocation and logistics enterprise having dedicated branches in Jaipur, Chandigarh, Delhi, and Lucknow.","Jaipur, Jodhpur, Udaipur, Delhi NCR, Chandigarh, Lucknow","Domestic Relocation, Industrial Moving, Car Transport, Secure Storage",75+ Closed body container vehicles
Crown Relocations India (Delhi Branch),Manish Vashisht,delhi@crownrelo.com,+91 11 4712 9900,https://www.crownrelo.com,55+ Years Globally / 25+ in India,"₹22,000 - ₹2,20,000","International moving firm providing white-glove packing, customs brokerage, expatriate destination settling, and corporate mobility.","New Delhi, Gurugram, Noida, Pan-India & Global","Expat Relocation, International Moving, Fine Art Transport, Pet Relocation",Padded high-cube containers and air-ride suspension trucks
Kuber Logistics Movers and Packers,Kuber Nath Singh,info@kuberpackers.com,+91 9312002444,https://www.kuberpackers.com,15+ Years (Est. 2009),"₹4,000 - ₹30,000",Reputed logistics provider in Delhi Mahipalpur offering customized domestic moving and heavy industrial transport.,"Delhi NCR, Rajasthan, Haryana, Punjab, Uttar Pradesh","Household Shifting, Car Shipping, Office Shifting, Heavy Consignments","55+ Trucks including 14ft, 19ft, and 22ft container trucks"
DLF Cargo Packers and Movers,Satish Chand,dlfcargo@gmail.com,+91 9899071340,https://www.dlfcargopackers.com,13+ Years (Est. 2011),"₹3,500 - ₹27,000","Gurgaon DLF Phase based mover specializing in luxury residential apartments, villas, and high-rise shifting.","Gurgaon, South Delhi, Dwarka, Noida Expressway","Residential Shifting, Elevator Friendly Packing, Electronics Handling, Storage",35+ Closed body mini trucks and hydraulic tail-lift vans
Express Cargo Packers and Movers,Anil Rawat,support@expresscargopackers.in,+91 9810885544,https://www.expresscargopackers.in,16+ Years (Est. 2008),"₹4,200 - ₹32,000",Fast and dependable packing and shifting service with express routes across Delhi-Mumbai and Delhi-Bangalore corridors.,"Delhi, Ghaziabad, Faridabad, Jaipur, Ahmedabad, Mumbai","Express Moving, Household Goods, Office Shifting, Cargo Insurance",65+ Multi-capacity container trucks
Allianz Packers and Movers India,Devendra Tyagi,info@allianzpackers.com,+91 9310907134,https://www.allianzpackers.com,14+ Years (Est. 2010),"₹4,000 - ₹31,000","Comprehensive moving solutions for private residences, government employees, and commercial organizations.","Delhi NCR, Meerut, Agra, Bareilly, Moradabad, Lucknow","Home Shifting, Corporate Relocation, Bike Packing, Warehouse Storage",40+ Covered trucks and customized car-carriers
Times Cargo Packers and Movers,Vikas Malhotra,timescargopackers@gmail.com,+91 9873004455,https://www.timescargopackers.com,11+ Years (Est. 2013),"₹3,200 - ₹25,000","Budget-friendly moving service providing corrugated box packing, bubble wrapping, and loading/unloading labor.","Delhi NCR, Sonipat, Panipat, Karnal, Ambala","Budget Shifting, Student Luggage Moving, Local Transit, Packing Services",25+ Tata Ace and Bolero pickup trucks
Galaxy Packers & Movers Pvt Ltd,Gaurav Sehgal,info@galaxypackers.in,+91 9811883311,https://www.galaxypackers.in,17+ Years (Est. 2007),"₹4,500 - ₹36,000",Full-service packing and logistics company offering nationwide container movement and local Delhi shifting.,"Delhi NCR, Punjab, Haryana, Uttarakhand, Uttar Pradesh","House Relocation, Factory Shifting, Corporate Moves, Goods Insurance",50+ Heavy and medium commercial carriers
Packerswala Relocation Services,Kamal Kant,contact@packerswala.com,+91 9310009988,https://www.packerswala.com,10+ Years (Est. 2014),"₹3,500 - ₹29,000","Digital moving aggregator and service provider delivering verified crew, standardized rate cards, and transit warranty.","Delhi, Noida, Gurgaon, Ghaziabad, Jaipur, Chandigarh","House Shifting, Office Moving, Luggage Courier, Car Transportation",Network of 120+ containerized vehicles
Om Packers and Movers India,Om Prakash Sharma,info@ompackersandmovers.com,+91 9811559922,https://www.ompackersandmovers.com,20+ Years (Est. 2004),"₹4,000 - ₹34,000",Pan-India household relocation service offering waterproof packing materials and wooden crating for delicate goods.,"Delhi NCR, Lucknow, Kanpur, Varanasi, Allahabad, Patna","Household Shifting, Furniture Moving, Bike & Car Shifting, Godown Storage",60+ Containerized trucks and open carriers
Pink City Packers and Movers,Mahaveer Choudhary,pinkcitypackersjaipur@gmail.com,+91 9414055566,https://www.pinkcitypackers.com,18+ Years (Est. 2006),"₹3,500 - ₹28,000","Jaipur's premier relocation enterprise managing inter-state household goods shifting, antique furniture handling, and car transport.","Jaipur, Ajmer, Kota, Jodhpur, Bikaner, Delhi NCR","Residential Moving, Heritage Furniture Packing, Car Carrier, Commercial Shifting",35+ Closed body trucks and multi-car transport trailers
Awadh Logistics Packers and Movers,R. K. Shukla,info@awadhpackers.com,+91 9415012345,https://www.awadhpackers.com,15+ Years (Est. 2009),"₹3,500 - ₹27,000","Top moving and packing firm in Lucknow handling residential, banking, and government transfers across Uttar Pradesh.","Lucknow, Kanpur, Ayodhya, Prayagraj, Gorakhpur, Varanasi","House Relocation, Official Transfer Moving, Two-Wheeler Shipping, Warehousing",30+ Covered trucks and localized delivery vans
Doon Express Packers and Movers,Sandeep Negi,doonexpresspackers@gmail.com,+91 9760022334,https://www.doonpackers.com,12+ Years (Est. 2012),"₹4,000 - ₹30,000","Specialized hilly terrain and plains relocation company operating out of Dehradun, catering to Uttarakhand transfers.","Dehradun, Haridwar, Rishikesh, Roorkee, Nainital, Delhi NCR","Hill Region Shifting, Domestic House Relocation, Army Personnel Moving, Crating",25+ Rugged commercial trucks and mini container vehicles
Ludhiana Cargo Movers & Packers,Harpreet Singh,ludhianacargomovers@gmail.com,+91 9872233445,https://www.ludhianapackers.com,16+ Years (Est. 2008),"₹4,000 - ₹32,000","Punjab's industrial hub relocation firm handling heavy machinery shifting, hosiery raw materials, and residential goods.","Ludhiana, Jalandhar, Amritsar, Bathinda, Patiala, Delhi","Industrial Machinery Moving, House Shifting, Car Carrier, Long Distance Transit",45+ Heavy duty trucks and open trailers
Total Packers & Movers Mumbai,Mahesh Sawant,info@totalpackersmovers.com,+91 22 2877 6655,https://www.totalpackersmovers.com,19+ Years (Est. 2005),"₹4,500 - ₹38,000","Renowned Mumbai moving company offering end-to-end packing, high-rise shifting, and interstate transfers.","Mumbai, Thane, Navi Mumbai, Pune, Nashik, Surat","Household Shifting, High-rise Apartment Moving, Office Relocation, Storage","50+ Containerized trucks (Tata 407, Eicher 17ft) with lift assistance"
Kaiser Packers Pvt Ltd,Kaiser Ahmed,support@kaiserpackers.com,+91 22 6733 8060,https://www.kaiserpackers.com,21+ Years (Est. 2003),"₹5,000 - ₹40,000","Navi Mumbai Vashi based logistics specialist providing warehousing, export packaging, and domestic home shifting.","Navi Mumbai, Mumbai, Panvel, Thane, Pune, Goa","Domestic Relocation, Industrial Packaging, Export Crating, Warehousing",40+ Covered dry container trucks and port transit trailers
Bollywood Packer and Mover,Sunil Shetty (Manager),bollywoodpackers@gmail.com,+91 22 6163 9301,https://www.bollywoodpackers.com,15+ Years (Est. 2009),"₹6,000 - ₹50,000","Colaba South Mumbai based boutique mover handling production set equipment, luxury penthouse relocations, and fine arts.","South Mumbai, Bandra, Juhu, Andheri, Pan-India","Film Equipment Transit, Luxury Penthouse Moving, Artwork Packing, Office Shifting",30+ Padded container vans and specialized tail-lift vehicles
Pal Logistics Movers & Packers,Jagjit Singh Pal,pallogisticsmumbai@gmail.com,+91 22 6161 4331,https://www.pallogisticsmovers.com,17+ Years (Est. 2007),"₹4,000 - ₹34,000","Powai / Vikhroli based relocation firm serving corporate executives, IT corridors, and residential complexes in central Mumbai.","Vikhroli, Powai, Kanjurmarg, Thane, Navi Mumbai, Pune","Corporate IT Moving, Household Shifting, Local Shifting, Packing & Unpacking",35+ GPS enabled commercial trucks
Nana Kale Packers & Movers,Nana Kale,nanakalepackers@gmail.com,+91 22 4917 3856,https://www.nanakalepackers.com,25+ Years (Est. 1999),"₹3,500 - ₹28,000","Goregaon West moving veteran known across Western Suburbs for affordable, reliable residential shifting and furniture protection.","Goregaon, Malad, Kandivali, Borivali, Andheri, Mumbai Suburban","Local House Shifting, Furniture Moving, Interstate Relocation, Labor Services",25+ Mahindra Bolero Maxi Trucks and Tata Ace carriers
Entire Packers & Movers,Santosh Patil,entirepackers@gmail.com,+91 22 6163 4664,https://www.entirepackers.com,16+ Years (Est. 2008),"₹4,000 - ₹32,000",Santacruz West based moving agency catering to residential apartments and retail stores across Mumbai and Pune.,"Santacruz, Khar, Bandra, Vile Parle, Mumbai, Pune","Residential Relocation, Commercial Moving, Vehicle Shifting, Storage",30+ Closed box containers
Sadguru Packers & Movers,Ganesh Kadam,sadgurupackers203@gmail.com,+91 22 6161 6474,https://www.sadgurupackers.in,14+ Years (Est. 2010),"₹3,800 - ₹30,000","Sakinaka Andheri East mover providing expert packing for electronics, glassware, heavy wardrobe shifting, and local moves.","Andheri East, Sakinaka, Chandivali, Ghatkopar, Kurla, Mumbai","Local Home Shifting, Industrial Packing, Heavy Goods Moving, Unpacking",28+ Light and medium goods vehicles
Tiwari International Packers & Movers,D. N. Tiwari,tiwaripackersmumbai@gmail.com,+91 22 2833 4455,https://www.tiwaripackers.com,20+ Years (Est. 2004),"₹5,000 - ₹42,000",Comprehensive international and domestic moving specialist offering door-to-door relocation across all major Indian cities.,"Mumbai, Thane, Pune, Ahmedabad, Delhi, Bangalore, Kolkata","Domestic Shifting, International Cargo, Car Carrier, Safe Storage",45+ Containerized trucks and specialized car carriers
Sai Krupa Packers and Movers Pune,Vikas Jagtap,info@saikrupapackerspune.com,+91 9822445566,https://www.saikrupapackerspune.com,15+ Years (Est. 2009),"₹3,500 - ₹30,000","Prominent Pune relocation firm based in Hinjewadi / Wakad, catering to IT professionals and industrial units.","Pune, Hinjewadi, Wakad, Baner, Kothrud, Hadapsar, Mumbai","IT Professional Home Relocation, Office Shifting, Vehicle Moving, Packaging",35+ Closed container trucks (Tata 407 & Eicher 14ft)
Shree Ganesh Packers and Movers Pune,Nitin Shinde,shreeganeshpackerspune@gmail.com,+91 9890112233,https://www.shreeganeshpackerspune.com,18+ Years (Est. 2006),"₹3,200 - ₹28,000","Trusted home moving service offering zero-damage guarantees, bubble wrap packing, and dedicated moving supervisors.","Pune, Pimpri Chinchwad, Viman Nagar, Magarpatta, Mumbai, Nashik","Household Shifting, Corporate Relocation, Bike Transportation, Short-term Storage",30+ Container trucks and pickup vans
Fast Move Packers & Movers Pune,Sachin Gaikwad,fastmovepackerspune@gmail.com,+91 9766001122,https://www.fastmovepackers.in,11+ Years (Est. 2013),"₹3,000 - ₹26,000",Quick response moving company operating across Pune and PCMC with 2-hour packing guarantees for local shifts.,"Pune, PCMC, Talawade, Chakan, Ranjangaon, Mumbai","Express Local Shifting, Plant Machinery Moving, Single Room Moving, Box Packing",22+ Mini trucks and medium tempo carriers
Apex Relocations Mumbai,Hitesh Joshi,info@apexrelocations.co.in,+91 22 2611 9988,https://www.apexrelocations.co.in,16+ Years (Est. 2008),"₹5,000 - ₹45,000",Premium residential and corporate moving company providing wooden box fabrication and climate-controlled storage in Mumbai.,"Mumbai, Thane, Navi Mumbai, Pune, Surat, Vadodara","Corporate Moving, Premium Villa Shifting, Car Carrier, Fine Arts Moving",40+ Heavy container trucks with shock-absorption suspension
Mahalaxmi Packers & Movers,Rajendra Deshmukh,mahalaxmipackersmumbai@gmail.com,+91 22 2430 7788,https://www.mahalaxmipackers.in,22+ Years (Est. 2002),"₹4,000 - ₹35,000","Dadar Central Mumbai pioneer serving generations of families with careful handling of antique furniture, puja units, and appliances.","Dadar, Worli, Parel, Matunga, Thane, Navi Mumbai","Family Home Shifting, Antique Furniture Moving, Temple/Puja Room Packing, Transit Insurance",30+ Medium commercial closed carriers
Nashik City Packers and Movers,Pravin Bhamre,nashikpackers@gmail.com,+91 9422003344,https://www.nashikpackers.com,14+ Years (Est. 2010),"₹3,500 - ₹28,000","Leading relocation service provider in Nashik connecting North Maharashtra with Mumbai, Pune, and Gujarat.","Nashik, Sinnar, Malegaon, Mumbai, Pune, Dhule","Domestic Shifting, Industrial Goods, Winery Equipment Moving, Vehicle Transport",25+ Closed trucks and local carriers
Nagpur Cargo Packers and Movers,Sunil Meshram,nagpurcargopackers@gmail.com,+91 9823004455,https://www.nagpurpackers.com,17+ Years (Est. 2007),"₹4,000 - ₹32,000",Zero Mile Nagpur based central logistics company offering direct freight routes to all four corners of India.,"Nagpur, Wardha, Amravati, Jabalpur, Raipur, Pune, Mumbai","Central India Freight Relocation, Household Shifting, Car Shipping, Warehousing",40+ Multi-axle long-haul container trucks
Goa Express Movers and Packers,Anthony D'Souza,goaexpressmovers@gmail.com,+91 9822114477,https://www.goapackers.com,13+ Years (Est. 2011),"₹4,500 - ₹35,000","Premier relocation service across North and South Goa specializing in villa relocations, resort equipment moving, and inter-state transit.","Panaji, Margao, Vasco, Mapusa, Mumbai, Pune, Bengaluru","Villa Relocation, Hospitality Goods Shifting, Household Moving, Vehicle Transport",20+ Covered transport container vans
Indore Shifting Services (Malwa Packers),Anil Patidar,malwapackersindore@gmail.com,+91 9826001122,https://www.malwapackers.com,18+ Years (Est. 2006),"₹3,500 - ₹29,000","Indore's top rated packers and movers connecting Madhya Pradesh with Gujarat, Maharashtra, and Delhi NCR.","Indore, Ujjain, Dewas, Pithampur, Bhopal, Ahmedabad, Mumbai","Domestic Relocation, Pharma & Commercial Shifting, Bike Carrier, Packaging Materials",35+ Container trucks and local mini tempos
Bhopal Smart City Packers and Movers,Rakesh Chouhan,bhopalsmartpackers@gmail.com,+91 9893002233,https://www.bhopalpackers.com,15+ Years (Est. 2009),"₹3,500 - ₹27,000","Reliable relocation agency serving government quarters, defense personnel, and private residents across Bhopal and MP.","Bhopal, Sehore, Hoshangabad, Vidisha, Indore, Jabalpur","Government Employee Transfer Shifting, Household Goods, Office Shifting, Crating",28+ Covered container vehicles
Omkar Logistics Kandivali,Nilesh Sawant,omkarlogisticss@gmail.com,+91 22 2868 4400,https://www.omkarlogistics.in,12+ Years (Est. 2012),"₹3,500 - ₹27,000","Kandivali West specialist handling local household relocation, apartment shifting, and packing materials supply.","Kandivali, Borivali, Dahisar, Malad, Mumbai","Apartment Shifting, Furniture Moving, Local Cartage, Packing & Unpacking",20+ Local transport vehicles
Royal Packers & Movers Thane,Santosh More,royalpackersthane@gmail.com,+91 22 2544 3322,https://www.royalpackersthane.com,15+ Years (Est. 2009),"₹3,800 - ₹30,000",Thane Ghodbunder Road relocation expert specializing in high-rise township moves and interstate household transit.,"Thane, Ghodbunder Road, Mulund, Dombivli, Kalyan, Navi Mumbai","Township Shifting, Household Goods Moving, Bike Transportation, Warehousing",30+ Covered container vehicles
Vishwakarma Cargo Packers and Movers,Ramesh Vishwakarma,vishwakarmacargopackers@gmail.com,+91 9825091234,https://www.vishwakarmapackers.in,16+ Years (Est. 2008),"₹3,000 - ₹28,000","Top-rated Rajkot-Ahmedabad Highway logistics provider offering reliable household shifting, industrial equipment, and intercity moves.","Rajkot, Ahmedabad, Jamnagar, Morbi, Saurashtra, Pan-India","Household Shifting, Ceramic/Industrial Machinery Moving, Car Carrier, Long Distance Moving","35+ Container trucks (Tata 407, Eicher 17ft/19ft) and local carrier vans"
Agarwal Fastway Packers and Movers Rajkot,Suresh Agarwal,agarwalfastwayrajkot@gmail.com,+91 9924011223,https://www.agarwalfastway.com,14+ Years (Est. 2010),"₹3,200 - ₹29,000","Kuvadava Road Rajkot branch providing expert multi-layer bubble packing, vehicle transportation, and domestic relocation.","Rajkot, Kuvadava, Gondal, Jetpur, Ahmedabad, Surat, Mumbai","Domestic Relocation, Bike and Car Carrier, Office Shifting, Warehousing",25+ Closed body container vehicles
Rajkot Packers & Movers (Yagnik Road),Hitesh Bhai Mansukhani,rajkotpackersmovers@gmail.com,+91 281 246 8899,https://www.rajkotpackers.com,18+ Years (Est. 2006),"₹3,000 - ₹26,000","Pioneer moving enterprise in Rajkot city center known for safe residential moving, furniture disassembly, and Saurashtra transfers.","Rajkot (Yagnik Rd, Kalawad Rd, 150ft Ring Rd), Jamnagar, Junagadh, Bhavnagar","Local Household Shifting, Inter-city Saurashtra Moving, Office Relocation, Heavy Luggage",20+ Tata Ace and Mahindra Bolero Maxi Trucks
ARG Packers and Movers Ahmedabad,Arun Rawat,argpackersahmedabad@gmail.com,+91 9824055667,https://www.argpackers.com,15+ Years (Est. 2009),"₹3,500 - ₹32,000","Verified moving brand in Ahmedabad delivering household goods, luxury cars, and corporate assets across Chennai, Mumbai, and Delhi.","Ahmedabad, Gandhinagar, Sanand, Rajkot, Surat, Vadodara, Pan-India","Interstate Household Shifting, Luxury Car Transport, Commercial Moving, Insurance Coverage",40+ Closed container trucks and custom enclosed car carriers
Utkarsh Packers and Movers Ahmedabad,Utkarsh Sharma,info@utkarshpackersmovers.com,+91 9772111400,https://utkarshpackersmovers.com,12+ Years (Est. 2012),"₹3,200 - ₹28,000","Prompt Ahmedabad-based shifting service providing high-grade corrugated sheets, stretch films, and trained moving crews.","Ahmedabad (Bopal, Satellite, SG Highway, Prahlad Nagar), Gandhinagar, Mehsana","Local Home Shifting, Corporate Relocation, Packing Materials, Dismantling & Assembly",30+ Containerized trucks and local tempos
Rapid Packers and Movers Ahmedabad,Bhavin Patel,rapidpackersgujarat@gmail.com,+91 9825544332,https://www.rapidpackers.in,17+ Years (Est. 2007),"₹3,000 - ₹27,000",Established moving firm covering all of Ahmedabad and Saurashtra with fast turnaround times and verified staff.,"Ahmedabad, Anand, Nadiad, Vadodara, Rajkot, Bhavnagar","Domestic Relocation, Industrial Goods, House Shifting, Car Shipping",25+ Covered freight trucks
Professional Packers & Movers Pvt Ltd (Isanpur),Mukesh Solanki,professionalpackersisanpur@gmail.com,+91 79 2573 1122,https://www.professionalpackers.in,20+ Years (Est. 2004),"₹3,500 - ₹30,000","Isanpur Ahmedabad based enterprise handling domestic relocations, factory asset shifts, and interstate transit across India.","Ahmedabad, Surat, Rajkot, Vadodara, Mumbai, Indore, Jaipur","Residential Shifting, Factory Moving, Heavy Machinery, Full Truckload Transit",45+ Heavy duty and containerized trucks
Shrinath Cargo Movers Surat,Ghanshyam Shrinath,shrinathcargosurat@gmail.com,+91 9825123456,https://www.shrinathpackers.com,19+ Years (Est. 2005),"₹3,500 - ₹30,000","Surat textile & diamond hub moving specialist catering to commercial business moves, household shifting, and raw fabric cargo.","Surat, Vapi, Navsari, Ankleshwar, Bharuch, Mumbai, Ahmedabad","Textile Machinery Moving, Household Relocation, Diamond Safe Moving, Car Transport",35+ Container vehicles with security locking systems
Royal Express Movers Vadodara,Jignesh Shah,royalexpressvadodara@gmail.com,+91 265 233 4455,https://www.royalexpressvadodara.com,16+ Years (Est. 2008),"₹3,200 - ₹28,000","Vadodara based shifting company specializing in chemical industry equipment, engineering firms, and residential complexes.","Vadodara, Halol, Nandesari, Bharuch, Ahmedabad, Surat, Mumbai","Industrial Relocation, Home Shifting, Laboratory Equipment Moving, Storage",30+ Special cargo trucks and closed body tempos
Saurashtra Cargo Packers Rajkot,Paresh Vora,saurashtracargopackers@gmail.com,+91 9824212345,https://www.saurashtrapackers.com,15+ Years (Est. 2009),"₹2,800 - ₹25,000","Dedicated Saurashtra logistics firm handling local shifting in Rajkot, Jamnagar brass industries, and Morbi ceramic units.","Rajkot, Morbi, Jamnagar, Gondal, Junagadh, Porbandar, Somnath","Local Moving, Ceramic & Fragile Goods Transport, Office Relocation, Two-Wheeler Shifting",20+ Medium and light transport vehicles
Gandhinagar Premier Packers & Movers,Kiritbhai Chaudhari,gandhinagarpackers@gmail.com,+91 9879001122,https://www.gandhinagarpackers.in,13+ Years (Est. 2011),"₹3,000 - ₹26,000","State capital relocation provider serving government secretariats, educational institutions (PDPU, IITGN), and residences.","Gandhinagar (Sectors 1-30, GIFT City, Infocity), Ahmedabad, North Gujarat","Government Official Transfer Moving, Student Shifting, Household Relocation, Packing",18+ Enclosed container tempos
Morbi Cargo & Shifting Solutions,Dharmendra Patel,morbishifting@gmail.com,+91 9909001122,https://www.morbicargopackers.com,11+ Years (Est. 2013),"₹3,200 - ₹29,000","Morbi based transport expert specializing in heavy tile machinery, sanitaryware fragile transport, and executive home shifting.","Morbi, Rajkot, Wankaner, Kandla Port, Mundra Port, Pan-India","Ceramic Fragile Packing, Heavy Equipment Transit, Domestic Shifting, Port Transport",30+ Heavy container trucks with wooden flooring
Bhavnagar Ocean Packers & Movers,Nitin Gohil,bhavnagarpackers@gmail.com,+91 278 242 1133,https://www.bhavnagarpackers.com,14+ Years (Est. 2010),"₹3,000 - ₹26,000","Coastal Gujarat relocation company serving ship-breaking executives, diamond cutting units, and residential households.","Bhavnagar, Alang, Sihor, Mahuva, Ahmedabad, Rajkot","Household Shifting, Marine Goods Transport, Bike Shifting, Packaging Material Supply",20+ Covered transport trucks
Anand Vidyanagar Packers & Movers,Jashbhai Patel,anandpackersmovers@gmail.com,+91 9825667788,https://www.anandpackers.in,15+ Years (Est. 2009),"₹3,000 - ₹25,000","Milk capital moving company providing student hostel relocations, Amul dairy vendor moves, and NRI home packing.","Anand, Vallabh Vidyanagar, Nadiad, Borsad, Vadodara, Ahmedabad","NRI Household Shifting, Student Room Moving, Corporate Office Shifting, Crating",18+ Closed body container tempos
Jamnagar Reliance City Movers,Vikram Jadeja,jamnagarcitypackers@gmail.com,+91 288 255 6677,https://www.jamnagarpackers.com,16+ Years (Est. 2008),"₹3,500 - ₹30,000","Relocation firm specialized in refinery township moves (Reliance Greens, Nayara), brass parts shipping, and domestic packing.","Jamnagar, Moti Khavdi, Lalpur, Rajkot, Ahmedabad, Pan-India","Township Relocations, Brass Parts Heavy Transport, Household Shifting, Car Shipping",25+ Containerized trucks with GPS monitoring
Alliance Packers and Movers Bangalore,Naveen Reddy,info@alliancepackersmovers.com,+91 9606242888,https://www.alliancepackersmovers.com,12+ Years (Est. 2012),"₹3,500 - ₹32,000",HSR Layout Bengaluru based premier moving service provider catering to tech corridor professionals with quick packing and transit.,"Bengaluru (HSR Layout, Koramangala, Whitefield, Electronic City, Bellandur)","Home Relocation, Tech Equipment Shifting, Apartment Moving, Vehicle Transport",40+ Covered container vehicles and Tata Ace tempos
Sri Vinayaka Packers and Movers,Venkatesh Murthy,info@srivinayakapackers.com,+91 9980022334,https://www.srivinayakapackers.com,15+ Years (Est. 2009),"₹3,200 - ₹29,000",BTM Layout / Bannerghatta Road moving specialist offering multi-layer bubble wrap protection and door-to-door delivery.,"Bengaluru, Mysuru, Tumakuru, Hosur, Chennai, Hyderabad","Household Shifting, Furniture Assembly, Office Relocation, Warehouse Storage",35+ Closed container trucks
Sharma Packers and Movers Bangalore,Dinesh Sharma,info@sharmapackersmovers.com,+91 9590178555,https://www.sharmapackersmovers.com,18+ Years (Est. 2006),"₹3,500 - ₹31,000","Established Bangalore mover providing verified packing crews, transparent billing, and inter-city moving across South India.","Bengaluru, Indiranagar, Marathahalli, Hebbal, Yelahanka, Chennai","Domestic Relocation, Corporate Shifting, Bike Carrier, Packaging Materials",30+ Medium commercial carriers
Lead Packers And Movers Bangalore,Santhosh Kumar,contact@leadpackers.com,+91 9741002288,https://www.leadpackers.com,11+ Years (Est. 2013),"₹3,000 - ₹28,000","24-hour moving service providing immediate response, apartment moving, and express intercity transit from Bengaluru.","Bengaluru, Electronic City, Sarjapur, Whitefield, Pune, Mumbai","24/7 Shifting Service, Household Goods, Office Relocation, Single Item Courier",25+ Tata Ace and Mahindra Bolero pickup trucks
Perfect Packers And Movers Koramangala,K. R. Rao,perfectpackersblr@gmail.com,+91 80 2553 4455,https://www.perfectpackersbangalore.com,16+ Years (Est. 2008),"₹3,500 - ₹30,000","Koramangala relocation firm serving startups, corporate executives, and luxury apartments with dedicated moving coordinators.","Koramangala, Domlur, Indiranagar, JP Nagar, Bengaluru","Startup Office Relocation, Premium Apartment Shifting, Warehousing, Fragile Handling",28+ Containerized trucks with safety harnesses
Sanjeev Logistics Packers and Movers,Sanjeev Gowda,sanjeevlogisticspackers@gmail.com,+91 9900224466,https://www.sanjeevlogisticspackers.com,14+ Years (Est. 2010),"₹3,200 - ₹28,000","IndiaMART verified relocation service offering specialized packaging, electronic goods handling, and car carrier services.","Bengaluru, Peenya Industrial Area, Rajajinagar, Yeshwanthpur, Mangalore","Industrial Cargo Shifting, Household Goods, Two-Wheeler Transport, Storage",30+ Closed body trucks and multi-car trailers
National Packers and Movers Bengaluru,Anil Kumar Nair,info@nationalpackermovers.com,+91 80 2668 1122,https://www.nationalpackermovers.com,19+ Years (Est. 2005),"₹4,000 - ₹35,000","ISO certified packing and moving firm in Bangalore with direct networks connecting Chennai, Hyderabad, and Delhi NCR.","Bengaluru, Chennai, Hyderabad, Delhi NCR, Kolkata, Mumbai","Full House Relocation, Corporate Shifting, Car/Bike Transport, Insurance",40+ Covered container trucks
Mysore Royal City Movers,Sridhar R.,mysoreroyalmovers@gmail.com,+91 821 244 5566,https://www.mysorepackers.com,15+ Years (Est. 2009),"₹3,000 - ₹26,000","Mysuru's leading packing and shifting company connecting heritage properties, IT professionals, and students to Bangalore.","Mysuru, Mandya, Hassan, Bengaluru, Mangaluru, Coorg","Heritage Furniture Packing, Household Moving, Student Shifting, Vehicle Carrier",20+ Covered tempos and container trucks
Mangalore Coastal Packers and Movers,Prashanth Shetty,mangalorecoastalpackers@gmail.com,+91 824 221 3344,https://www.mangalorepackers.in,16+ Years (Est. 2008),"₹3,500 - ₹29,000","Coastal Karnataka mover managing port cargo, fish processing machinery, and household relocations across Western Ghats.","Mangaluru, Udupi, Manipal, Kasaragod, Bengaluru, Mumbai","Coastal Shifting, Household Goods, University Student Moving, Car Shipping",25+ Weather-proof container vehicles
Kochi Malabar Packers and Movers,Biju Varghese,malabarpackerskochi@gmail.com,+91 484 233 4455,https://www.kochipackers.com,17+ Years (Est. 2007),"₹3,800 - ₹32,000","Kerala's leading relocation brand providing marine plywood packing, moisture-resistant packaging, and Gulf NRI cargo handling.","Kochi, Ernakulam, Thrissur, Kottayam, Thiruvananthapuram, Calicut","NRI Relocation, Household Shifting, Marine Equipment Moving, Vehicle Transport",30+ Fully enclosed weatherproof trucks
Trivandrum Capital Movers,Suresh Pillai,trivandrumpackers@gmail.com,+91 471 244 8899,https://www.trivandrumpackers.com,14+ Years (Est. 2010),"₹3,500 - ₹28,000",Technopark and Secretariat relocation specialist offering secure packing for government employees and IT personnel.,"Thiruvananthapuram, Technopark, Kollam, Attingal, Kochi, Bengaluru","IT Professional Moving, Government Transfer Shifting, Household Packing, Warehousing",22+ Containerized trucks
Coimbatore Royal Cargo Movers,K. Natarajan,coimbatoremoters@gmail.com,+91 422 245 6677,https://www.coimbatorepackers.com,18+ Years (Est. 2006),"₹3,500 - ₹29,000","Textile and pump manufacturing capital mover handling heavy machinery shifting, yarn consignments, and residential moving.","Coimbatore, Tirupur, Erode, Salem, Chennai, Bengaluru","Textile Machinery Shifting, Household Goods, Vehicle Transport, Warehouse Storage",35+ Container trucks and open bed trailers
Madurai Meenakshi Packers & Movers,M. Alagappan,maduraimeenakshipackers@gmail.com,+91 452 233 1122,https://www.maduraipackers.com,15+ Years (Est. 2009),"₹3,200 - ₹26,000","South Tamil Nadu relocation leader providing safe domestic house shifting, temple festival logistics, and hospital equipment shifting.","Madurai, Dindigul, Theni, Virudhunagar, Tirunelveli, Chennai","Household Relocation, Commercial Moving, Two-Wheeler Shifting, Packing & Labor",20+ Covered tempo carriers
A1 Trans Logistics Secunderabad,Chandra Shekar Rao,a1translogisticshyd@gmail.com,+91 40 2780 1122,https://www.a1translogistics.in,16+ Years (Est. 2008),"₹3,500 - ₹30,000","Secunderabad M.G. Road pioneer providing military personnel transfers, railway employee moves, and domestic shifting.","Hyderabad, Secunderabad, Cyberabad, Warangal, Nizamabad, Pan-India","Defense Personnel Relocation, Household Shifting, Car/Bike Carrier, Packing Materials",35+ Container trucks with security seals
Profesional Express Movers Hyderabad,K. Venkateshwarlu,info@professionalexpressmovers.com,+91 9848011223,https://www.professionalexpressmovers.com,14+ Years (Est. 2010),"₹3,200 - ₹28,000",Gachibowli and HITEC City tech corridor moving expert offering 100% damage-free IT hardware and apartment shifting.,"Hyderabad (HITEC City, Gachibowli, Madhapur, Kondapur, Kukatpally), Chennai, Bangalore","IT Corporate Moving, Household Shifting, Server Rack Relocation, Warehousing",30+ Weatherproof container trucks
Sai Balaji Packers & Movers Gachibowli,Balaji Naidu,saibalajipackershyd@gmail.com,+91 9989004455,https://www.saibalajipackers.in,12+ Years (Est. 2012),"₹3,000 - ₹27,000",Premier gated community mover across Hyderabad's financial district with trained packing staff and bubble wrap layering.,"Gachibowli, Nanakramguda, Financial District, Manikonda, Jubilee Hills","Gated Community Shifting, Villa Moving, Household Packing, Furniture Shifting",22+ Tata Ace and Mahindra Bolero pickup vans
Visakha City Packers and Movers,Satyanarayana Murthy,visakhacitypackers@gmail.com,+91 891 255 4433,https://www.visakhapackers.com,17+ Years (Est. 2007),"₹3,500 - ₹29,000","Eastern Naval Command and Port City logistics leader catering to steel plant executives, naval officers, and residential moves.","Visakhapatnam, Gajuwaka, Anakapalle, Vizianagaram, Hyderabad, Bhubaneswar","Naval Personnel Moving, Industrial Cargo, Household Relocation, Car Carrier",30+ Container trucks and heavy flatbeds
Vijayawada Amaravati Movers & Packers,Prasad Raju,amaravatipackers@gmail.com,+91 866 247 1122,https://www.amaravatipackers.com,13+ Years (Est. 2011),"₹3,200 - ₹27,000","Andhra Pradesh capital region moving specialist providing fast transit between Vijayawada, Guntur, and Hyderabad.","Vijayawada, Guntur, Amaravati, Tenali, Hyderabad, Chennai","Capital Region Shifting, Commercial Relocation, Household Goods, Vehicle Transport",25+ Enclosed container tempos
Deccan Relocations Hyderabad,Mohammed Asif,deccanrelocations@gmail.com,+91 40 2320 8899,https://www.deccanrelocations.com,19+ Years (Est. 2005),"₹3,800 - ₹32,000","Old City and Banjara Hills specialist offering wooden packing crates for chandeliers, royal furniture, and domestic goods.","Hyderabad, Banjara Hills, Jubilee Hills, Begumpet, Secunderabad, Mumbai","Luxury Relocation, Antique Packing, Domestic Shifting, Secure Warehousing",30+ High cube container trucks
Global Safe Cargo Packers & Movers Chennai,K. Senthil Kumar,globalsafecargo@gmail.com,+91 44 2659 1122,https://www.globalsafecargo.com,15+ Years (Est. 2009),"₹3,500 - ₹30,000","Puzhal Chennai based transport enterprise with 24-hour service, GPS tracking, and specialized automobile shipping.","Chennai, Puzhal, Anna Nagar, OMR, Tambaram, Bangalore, Hyderabad","24/7 Shifting Service, Household Goods, Auto Component Shifting, Car Shipping",35+ Container trucks and closed body tempos
Swastik Packers & Movers Chennai,R. Ramanathan,swastikpackerschennai@gmail.com,+91 44 2224 5566,https://www.swastikpackerschennai.com,18+ Years (Est. 2006),"₹3,200 - ₹28,000",Anna Salai / Nanganallur moving company offering premium multi-layer packing and seamless household relocations.,"Chennai (Nanganallur, Guindy, Velachery, Adyar, T Nagar), Pan-India","Residential Moving, Office Relocation, Electronics Packaging, Storage Solutions",28+ Covered container vehicles
Essrbee Packers & Movers India Pvt Ltd,Subir Roy,info@essrbee.com,+91 33 2212 7788,https://www.essrbee.com,26+ Years (Est. 1998),"₹4,500 - ₹38,000","Kolkata Dharmatala heritage relocation enterprise handling large government tenders, corporate head offices, and household moves.","Kolkata, Salt Lake, New Town, Howrah, Siliguri, Patna, Guwahati","Government & Corporate Shifting, Household Goods, Fine Arts, Warehousing",45+ Heavy duty and containerized trucks
Bengal Packers & Movers Salt Lake,Debashis Banerjee,bengalpackerssaltlake@gmail.com,+91 33 2358 1122,https://www.bengalpackers.in,16+ Years (Est. 2008),"₹3,500 - ₹29,000","Salt Lake Sector V IT hub specialist providing quick office shifting, IT server moves, and residential apartment relocation.","Kolkata (Salt Lake, Rajarhat, New Town, Alipore, Ballygunge), Pan-India","IT Office Relocation, Household Shifting, Pet Relocation, Warehouse Storage",30+ Covered container trucks
Kalinga Cargo Movers Bhubaneswar,Prafulla Kumar Mohanty,kalingacargopackers@gmail.com,+91 674 254 3322,https://www.kalingapackers.com,17+ Years (Est. 2007),"₹3,500 - ₹30,000","Odisha's top relocation firm serving mining corporations, temple city residences, and defense establishments across Cuttack and Bhubaneswar.","Bhubaneswar, Cuttack, Rourkela, Angul, Sambalpur, Kolkata, Hyderabad","Domestic Relocation, Heavy Industrial Shifting, Bike Carrier, Packaging",30+ Container trucks and specialized trailers
Assam Bengal Cargo Movers Guwahati,Biren Das,assambengalcargo@gmail.com,+91 361 246 8800,https://www.assambengalpackers.com,20+ Years (Est. 2004),"₹4,500 - ₹38,000","Gateway to North-East relocation specialist managing tea estate machinery, oil refinery goods, and household shifting across the 7 sisters.","Guwahati, Dibrugarh, Silchar, Jorhat, Shillong, Kolkata, Delhi","North-East Terrain Relocation, Tea Estate Cargo, Domestic Shifting, Car Shipping",35+ Rugged all-weather container trucks