Developer Company Name,City,State,Short Description,Full Description,Website,Founded Year,Email,Phone,Address,Meta Title,Meta Description,Meta Keywords,Duplicate Check
Shivalik Group,Ahmedabad,Gujarat,Pioneer in sustainable and IGBC green-certified developments.,Shivalik Group has developed over 70 landmark residential and commercial projects across prime Ahmedabad corridors.,https://www.shivalikgroup.com,1998,contact@shivalikgroup.com,91 79 4020 0000,"Shivalik House, Ramdevnagar, Satellite, Ahmedabad, Gujarat, India","Shivalik Group - Projects, New Launches & Reviews in Ahmedabad | MillionFlats","Explore verified RERA projects, luxury apartments, and commercial properties by Shivalik Group in Ahmedabad on MillionFlats. View floor plans, price lists, and brochures.","Shivalik Group, Shivalik Group Ahmedabad, flats in Ahmedabad, apartments by Shivalik Group, buy property Ahmedabad, MillionFlats Ahmedabad",Unique
Sangini Group,Surat,Gujarat,Surat's leading residential and textile commercial infrastructure developer.,Sangini Group has delivered 60+ projects transforming Surat's urban fabric with commercial hubs and luxury towers.,https://www.sanginigroup.com,1984,sales@sanginigroup.com,91 261 225 9999,"Sangini House, Canal Road, Vesu, Surat, Gujarat, India","Sangini Group - Projects, New Launches & Reviews in Surat | MillionFlats","Explore verified RERA projects, luxury apartments, and commercial properties by Sangini Group in Surat on MillionFlats. View floor plans, price lists, and brochures.","Sangini Group, Sangini Group Surat, flats in Surat, apartments by Sangini Group, buy property Surat, MillionFlats Surat",Unique
Happy Home Group,Surat,Gujarat,Largest affordable and luxury housing developer in South Gujarat.,"Happy Home Group has constructed over 50,000 homes across Surat with world-class amenities.",https://www.happyhomegroup.co.in,2001,info@happyhomegroup.co.in,91 261 270 0000,"Happy Excelencia, Vesu Main Road, Vesu, Surat, Gujarat, India","Happy Home Group - Projects, New Launches & Reviews in Surat | MillionFlats","Explore verified RERA projects, luxury apartments, and commercial properties by Happy Home Group in Surat on MillionFlats. View floor plans, price lists, and brochures.","Happy Home Group, Happy Home Group Surat, flats in Surat, apartments by Happy Home Group, buy property Surat, MillionFlats Surat",Unique
Alembic Real Estate,Vadodara,Gujarat,Century-old heritage brand building integrated sustainable townships.,Alembic Real Estate creates art-inspired residential townships and contemporary urban living spaces.,https://www.alembicrealestate.com,1907,sales@alembicrealestate.com,91 265 228 0550,"Alembic City, Gorwa, Vadodara, Gujarat, India","Alembic Real Estate - Projects, New Launches & Reviews in Vadodara | MillionFlats","Explore verified RERA projects, luxury apartments, and commercial properties by Alembic Real Estate in Vadodara on MillionFlats. View floor plans, price lists, and brochures.","Alembic Real Estate, Alembic Real Estate Vadodara, flats in Vadodara, apartments by Alembic Real Estate, buy property Vadodara, MillionFlats Vadodara",Unique
Nilamber Group,Vadodara,Gujarat,Vadodara's benchmark for luxury villas and upscale residential towers.,"Nilamber Group has delivered landmark villa communities, high-end apartments, and commercial complexes.",https://www.nilambergroup.com,1998,info@nilambergroup.com,91 265 298 7777,"Nilamber Palms, Vasna-Bhayli Road, Vadodara, Gujarat, India","Nilamber Group - Projects, New Launches & Reviews in Vadodara | MillionFlats","Explore verified RERA projects, luxury apartments, and commercial properties by Nilamber Group in Vadodara on MillionFlats. View floor plans, price lists, and brochures.","Nilamber Group, Nilamber Group Vadodara, flats in Vadodara, apartments by Nilamber Group, buy property Vadodara, MillionFlats Vadodara",Unique
Hindva Infratech Rajkot,Rajkot,Gujarat,High-rise luxury residential and commercial projects.,Hindva delivers iconic high-rise residential complexes and industrial development projects across Gujarat.,https://www.hindva.com,2008,sales@hindva.com,91 281 258 7777,"Hindva Horizon, 150 Feet Ring Road, Rajkot, Gujarat, India","Hindva Infratech Rajkot - Projects, New Launches & Reviews in Rajkot | MillionFlats","Explore verified RERA projects, luxury apartments, and commercial properties by Hindva Infratech Rajkot in Rajkot on MillionFlats. View floor plans, price lists, and brochures.","Hindva Infratech Rajkot, Hindva Infratech Rajkot Rajkot, flats in Rajkot, apartments by Hindva Infratech Rajkot, buy property Rajkot, MillionFlats Rajkot",Unique
Shilp Group Gandhinagar,Gandhinagar,Gujarat,Major developer in GIFT City and Gandhinagar luxury corridor.,"Shilp Group develops iconic commercial towers, IT spaces, and luxury residential projects near GIFT City.",https://www.shilp.co.in,2004,info@shilp.co.in,91 79 4000 7000,"Shilp House, Gift City Road, Gandhinagar, Gujarat, India","Shilp Group Gandhinagar - Projects, New Launches & Reviews in Gandhinagar | MillionFlats","Explore verified RERA projects, luxury apartments, and commercial properties by Shilp Group Gandhinagar in Gandhinagar on MillionFlats. View floor plans, price lists, and brochures.","Shilp Group Gandhinagar, Shilp Group Gandhinagar Gandhinagar, flats in Gandhinagar, apartments by Shilp Group Gandhinagar, buy property Gandhinagar, MillionFlats Gandhinagar",Unique
Adani Estate Management,Gandhinagar,Gujarat,Integrated master township developer on Gandhinagar highway.,Adani Estate Management develops integrated residential and golf townships connecting Ahmedabad and Gandhinagar.,https://www.adanirealty.com,2011,estates@adani.com,91 79 2555 6666,"Adani Shantigram, Vaishno Devi Circle, Gandhinagar, Gujarat, India","Adani Estate Management - Projects, New Launches & Reviews in Gandhinagar | MillionFlats","Explore verified RERA projects, luxury apartments, and commercial properties by Adani Estate Management in Gandhinagar on MillionFlats. View floor plans, price lists, and brochures.","Adani Estate Management, Adani Estate Management Gandhinagar, flats in Gandhinagar, apartments by Adani Estate Management, buy property Gandhinagar, MillionFlats Gandhinagar",Unique
Madhav Infra Bhavnagar,Bhavnagar,Gujarat,Premier luxury residential and commercial developer in Bhavnagar.,Madhav Infra has developed prime residential complexes and commercial business centers on Waghawadi Road.,https://www.madhavinfrabhv.com,2003,info@madhavinfrabhv.com,91 278 256 1122,"Madhav Plaza, Waghawadi Road, Bhavnagar, Gujarat, India","Madhav Infra Bhavnagar - Projects, New Launches & Reviews in Bhavnagar | MillionFlats","Explore verified RERA projects, luxury apartments, and commercial properties by Madhav Infra Bhavnagar in Bhavnagar on MillionFlats. View floor plans, price lists, and brochures.","Madhav Infra Bhavnagar, Madhav Infra Bhavnagar Bhavnagar, flats in Bhavnagar, apartments by Madhav Infra Bhavnagar, buy property Bhavnagar, MillionFlats Bhavnagar",Unique
Nilkanth Developers Bhavnagar,Bhavnagar,Gujarat,Trusted builder of gated residential communities and affordable apartments.,Nilkanth Developers delivers well-planned family homes and lifestyle amenities across Kaliyabid.,https://www.nilkanthbhv.com,1999,sales@nilkanthbhv.com,91 278 244 5566,"Nilkanth Complex, Kaliyabid, Bhavnagar, Gujarat, India","Nilkanth Developers Bhavnagar - Projects, New Launches & Reviews in Bhavnagar | MillionFlats","Explore verified RERA projects, luxury apartments, and commercial properties by Nilkanth Developers Bhavnagar in Bhavnagar on MillionFlats. View floor plans, price lists, and brochures.","Nilkanth Developers Bhavnagar, Nilkanth Developers Bhavnagar Bhavnagar, flats in Bhavnagar, apartments by Nilkanth Developers Bhavnagar, buy property Bhavnagar, MillionFlats Bhavnagar",Unique
Devraj Infracon Jamnagar,Jamnagar,Gujarat,Flagship residential and commercial developer in Jamnagar.,Devraj Infracon builds luxury residential towers and corporate complexes catering to refinery and brass industries.,https://www.devrajinfracon.com,2002,info@devrajinfracon.com,91 288 267 1122,"Devraj House, Patel Colony, Jamnagar, Gujarat, India","Devraj Infracon Jamnagar - Projects, New Launches & Reviews in Jamnagar | MillionFlats","Explore verified RERA projects, luxury apartments, and commercial properties by Devraj Infracon Jamnagar in Jamnagar on MillionFlats. View floor plans, price lists, and brochures.","Devraj Infracon Jamnagar, Devraj Infracon Jamnagar Jamnagar, flats in Jamnagar, apartments by Devraj Infracon Jamnagar, buy property Jamnagar, MillionFlats Jamnagar",Unique
Shree Hari Infracon Jamnagar,Jamnagar,Gujarat,Trusted builder of modern apartments and commercial retail outlets.,Shree Hari Infracon has completed over 20 projects across Jamnagar with quality construction standards.,https://www.shreeharijamnagar.com,2005,sales@shreeharijamnagar.com,91 288 255 4455,"Shree Hari Arcade, Digjam Plot, Jamnagar, Gujarat, India","Shree Hari Infracon Jamnagar - Projects, New Launches & Reviews in Jamnagar | MillionFlats","Explore verified RERA projects, luxury apartments, and commercial properties by Shree Hari Infracon Jamnagar in Jamnagar on MillionFlats. View floor plans, price lists, and brochures.","Shree Hari Infracon Jamnagar, Shree Hari Infracon Jamnagar Jamnagar, flats in Jamnagar, apartments by Shree Hari Infracon Jamnagar, buy property Jamnagar, MillionFlats Jamnagar",Unique
Amod Group Anand,Anand,Gujarat,Flagship residential and commercial developer in the Milk City.,Amod Group delivers premium residential apartments and commercial retail arcades across Anand.,https://www.amodgroup.com,2001,info@amodgroup.com,91 2692 245 112,"Amod Plaza, Amul Dairy Road, Anand, Gujarat, India","Amod Group Anand - Projects, New Launches & Reviews in Anand | MillionFlats","Explore verified RERA projects, luxury apartments, and commercial properties by Amod Group Anand in Anand on MillionFlats. View floor plans, price lists, and brochures.","Amod Group Anand, Amod Group Anand Anand, flats in Anand, apartments by Amod Group Anand, buy property Anand, MillionFlats Anand",Unique
Charotar Infracon,Anand,Gujarat,Modern housing for educational and NRI families in Charotar.,Charotar Infracon specializes in luxury NRI villas and premium student/faculty residences in Vallabh Vidyanagar.,https://www.charotarinfracon.in,2004,sales@charotarinfracon.in,91 2692 233 445,"Charotar Complex, Anand-Vidhyanagar Road, Anand, Gujarat, India","Charotar Infracon - Projects, New Launches & Reviews in Anand | MillionFlats","Explore verified RERA projects, luxury apartments, and commercial properties by Charotar Infracon in Anand on MillionFlats. View floor plans, price lists, and brochures.","Charotar Infracon, Charotar Infracon Anand, flats in Anand, apartments by Charotar Infracon, buy property Anand, MillionFlats Anand",Unique
Macrotech Developers (Lodha),Mumbai,Maharashtra,India's largest real estate developer known for luxury and integrated townships.,Lodha Group is a premier residential developer delivering world-class developments across MMR and Pune.,https://www.lodhagroup.in,1980,sales@lodhagroup.com,91 22 6133 4400,"Lodha Excelus, N.M. Joshi Marg, Mahalaxmi, Mumbai, Maharashtra, India","Macrotech Developers (Lodha) - Projects, New Launches & Reviews in Mumbai | MillionFlats","Explore verified RERA projects, luxury apartments, and commercial properties by Macrotech Developers (Lodha) in Mumbai on MillionFlats. View floor plans, price lists, and brochures.","Macrotech Developers (Lodha), Macrotech Developers (Lodha) Mumbai, flats in Mumbai, apartments by Macrotech Developers (Lodha), buy property Mumbai, MillionFlats Mumbai",Unique
Oberoi Realty,Mumbai,Maharashtra,"Ultra-luxury residential, commercial, and hospitality developer in Mumbai.",Oberoi Realty specializes in premium developments focusing on contemporary architecture and luxury finishes.,https://www.oberoirealty.com,1980,contact@oberoirealty.com,91 22 6677 3333,"Commerz, International Business Park, Goregaon East, Mumbai, Maharashtra, India","Oberoi Realty - Projects, New Launches & Reviews in Mumbai | MillionFlats","Explore verified RERA projects, luxury apartments, and commercial properties by Oberoi Realty in Mumbai on MillionFlats. View floor plans, price lists, and brochures.","Oberoi Realty, Oberoi Realty Mumbai, flats in Mumbai, apartments by Oberoi Realty, buy property Mumbai, MillionFlats Mumbai",Unique
Kolte-Patil Developers,Pune,Maharashtra,Pune's largest publicly listed real estate developer with integrated townships.,Kolte-Patil has created over 25 million sq.ft of landmark residential and commercial spaces across Pune and Bengaluru.,https://www.koltepatil.com,1991,sales@koltepatil.com,91 20 6622 6500,"2nd Floor, City Point, Dhole Patil Road, Pune, Maharashtra, India","Kolte-Patil Developers - Projects, New Launches & Reviews in Pune | MillionFlats","Explore verified RERA projects, luxury apartments, and commercial properties by Kolte-Patil Developers in Pune on MillionFlats. View floor plans, price lists, and brochures.","Kolte-Patil Developers, Kolte-Patil Developers Pune, flats in Pune, apartments by Kolte-Patil Developers, buy property Pune, MillionFlats Pune",Unique
Kumar Properties,Pune,Maharashtra,Pioneer in trustworthy township living and commercial IT hubs.,"Kumar Properties has delivered over 35,000 homes across Pune, known for construction excellence and reliability.",https://www.kumarworld.com,1966,info@kumarworld.com,91 20 4000 6000,"Kumar Capital, 2413 East Street, Camp, Pune, Maharashtra, India","Kumar Properties - Projects, New Launches & Reviews in Pune | MillionFlats","Explore verified RERA projects, luxury apartments, and commercial properties by Kumar Properties in Pune on MillionFlats. View floor plans, price lists, and brochures.","Kumar Properties, Kumar Properties Pune, flats in Pune, apartments by Kumar Properties, buy property Pune, MillionFlats Pune",Unique
Dosti Realty,Thane,Maharashtra,Four-decade pioneer of luxury township living in Thane and Mumbai.,Dosti Realty has delivered over 127 properties creating sustainable community living across Thane and Wadala.,https://www.dostirealty.com,1980,sales@dostirealty.com,91 22 2219 8500,"Dosti Imperia, Ghodbunder Road, Thane, Maharashtra, India","Dosti Realty - Projects, New Launches & Reviews in Thane | MillionFlats","Explore verified RERA projects, luxury apartments, and commercial properties by Dosti Realty in Thane on MillionFlats. View floor plans, price lists, and brochures.","Dosti Realty, Dosti Realty Thane, flats in Thane, apartments by Dosti Realty, buy property Thane, MillionFlats Thane",Unique
Rustomjee Thane,Thane,Maharashtra,Award-winning integrated township developer in Majiwada.,"Rustomjee Urbania is a 127-acre integrated township in Thane with schools, sports academies, and retail zones.",https://www.rustomjee.com,1996,urbania@rustomjee.com,91 22 6676 6900,"Rustomjee Urbania, Majiwada Junction, Thane, Maharashtra, India","Rustomjee Thane - Projects, New Launches & Reviews in Thane | MillionFlats","Explore verified RERA projects, luxury apartments, and commercial properties by Rustomjee Thane in Thane on MillionFlats. View floor plans, price lists, and brochures.","Rustomjee Thane, Rustomjee Thane Thane, flats in Thane, apartments by Rustomjee Thane, buy property Thane, MillionFlats Thane",Unique
Paradise Group,Navi Mumbai,Maharashtra,Pioneer in themed luxury residential towers in Kharghar and Panvel.,Paradise Group crafts luxury Roman and neo-classical themed residential skyscrapers in Navi Mumbai.,https://www.paradisegroup.co.in,1990,sales@paradisegroup.co.in,91 22 2774 9000,"Paradise Mall, Sector 35, Kharghar, Navi Mumbai, Maharashtra, India","Paradise Group - Projects, New Launches & Reviews in Navi Mumbai | MillionFlats","Explore verified RERA projects, luxury apartments, and commercial properties by Paradise Group in Navi Mumbai on MillionFlats. View floor plans, price lists, and brochures.","Paradise Group, Paradise Group Navi Mumbai, flats in Navi Mumbai, apartments by Paradise Group, buy property Navi Mumbai, MillionFlats Navi Mumbai",Unique
Indiabulls Real Estate Navi Mumbai,Navi Mumbai,Maharashtra,Integrated township developer near Navi Mumbai International Airport.,Indiabulls Real Estate develops self-contained residential townships with world-class sporting and lifestyle amenities.,https://www.indiabullsrealestate.com,2006,sales@indiabulls.com,91 22 6189 1000,"Indiabulls Park, Panvel, Navi Mumbai, Maharashtra, India","Indiabulls Real Estate Navi Mumbai - Projects, New Launches & Reviews in Navi Mumbai | MillionFlats","Explore verified RERA projects, luxury apartments, and commercial properties by Indiabulls Real Estate Navi Mumbai in Navi Mumbai on MillionFlats. View floor plans, price lists, and brochures.","Indiabulls Real Estate Navi Mumbai, Indiabulls Real Estate Navi Mumbai Navi Mumbai, flats in Navi Mumbai, apartments by Indiabulls Real Estate Navi Mumbai, buy property Navi Mumbai, MillionFlats Navi Mumbai",Unique
Moraj Group Nagpur,Nagpur,Maharashtra,Township and high-rise luxury developer in MIHAN economic zone.,Moraj Group builds modern residential townships catering to aerospace and IT professionals in MIHAN.,https://www.morajgroup.com,1995,nagpur@morajgroup.com,91 712 255 1122,"Moraj Waterfall, MIHAN, Nagpur, Maharashtra, India","Moraj Group Nagpur - Projects, New Launches & Reviews in Nagpur | MillionFlats","Explore verified RERA projects, luxury apartments, and commercial properties by Moraj Group Nagpur in Nagpur on MillionFlats. View floor plans, price lists, and brochures.","Moraj Group Nagpur, Moraj Group Nagpur Nagpur, flats in Nagpur, apartments by Moraj Group Nagpur, buy property Nagpur, MillionFlats Nagpur",Unique
Sandesh Infrastructure,Nagpur,Maharashtra,Integrated smart township developer on Wardha Road.,Sandesh Infrastructure delivers large integrated residential townships with schools and healthcare facilities.,https://www.sandeshgroup.com,2002,info@sandeshgroup.com,91 712 244 5566,"Sandesh City, Wardha Road, Nagpur, Maharashtra, India","Sandesh Infrastructure - Projects, New Launches & Reviews in Nagpur | MillionFlats","Explore verified RERA projects, luxury apartments, and commercial properties by Sandesh Infrastructure in Nagpur on MillionFlats. View floor plans, price lists, and brochures.","Sandesh Infrastructure, Sandesh Infrastructure Nagpur, flats in Nagpur, apartments by Sandesh Infrastructure, buy property Nagpur, MillionFlats Nagpur",Unique
Archit Group,Nashik,Maharashtra,Nashik's premier luxury housing and commercial real estate builder.,Archit Group has delivered 40+ landmark residential and commercial projects across College Road and Gangapur Road.,https://www.architgroup.com,1989,sales@architgroup.com,91 253 231 1122,"Archit Pride, College Road, Nashik, Maharashtra, India","Archit Group - Projects, New Launches & Reviews in Nashik | MillionFlats","Explore verified RERA projects, luxury apartments, and commercial properties by Archit Group in Nashik on MillionFlats. View floor plans, price lists, and brochures.","Archit Group, Archit Group Nashik, flats in Nashik, apartments by Archit Group, buy property Nashik, MillionFlats Nashik",Unique
Thakkers Developers,Nashik,Maharashtra,"Six-decade legacy in township, commercial, and agro-tech real estate.",Thakkers Developers is Nashik's pioneering publicly listed builder creating integrated residential townships.,https://www.thakkers.com,1962,info@thakkers.com,91 253 257 8899,"Thakker House, Model Colony, College Road, Nashik, Maharashtra, India","Thakkers Developers - Projects, New Launches & Reviews in Nashik | MillionFlats","Explore verified RERA projects, luxury apartments, and commercial properties by Thakkers Developers in Nashik on MillionFlats. View floor plans, price lists, and brochures.","Thakkers Developers, Thakkers Developers Nashik, flats in Nashik, apartments by Thakkers Developers, buy property Nashik, MillionFlats Nashik",Unique
DLF Limited,Delhi,Delhi NCR,Pioneer of modern commercial and luxury residential real estate in India.,DLF has over 75 years of track record shaping India's skyline with iconic commercial hubs and luxury residential towers.,https://www.dlf.in,1946,customercare@dlf.in,91 11 2371 9300,"DLF Centre, Sansad Marg, Connaught Place, Delhi, Delhi NCR, India","DLF Limited - Projects, New Launches & Reviews in Delhi | MillionFlats","Explore verified RERA projects, luxury apartments, and commercial properties by DLF Limited in Delhi on MillionFlats. View floor plans, price lists, and brochures.","DLF Limited, DLF Limited Delhi, flats in Delhi, apartments by DLF Limited, buy property Delhi, MillionFlats Delhi",Unique
Anant Raj Limited,Delhi,Delhi NCR,Five-decade infrastructure and luxury real estate conglomerate in Delhi.,"Anant Raj develops data centers, IT parks, hotel properties, and master-planned residential estates.",https://www.anantrajlimited.com,1969,info@anantrajlimited.com,91 11 4303 4400,"H-65, Connaught Circus, Delhi, Delhi NCR, India","Anant Raj Limited - Projects, New Launches & Reviews in Delhi | MillionFlats","Explore verified RERA projects, luxury apartments, and commercial properties by Anant Raj Limited in Delhi on MillionFlats. View floor plans, price lists, and brochures.","Anant Raj Limited, Anant Raj Limited Delhi, flats in Delhi, apartments by Anant Raj Limited, buy property Delhi, MillionFlats Delhi",Unique
M3M India,Gurugram,Haryana,Luxury and ultra-luxury skyscraper and retail corridor developer.,"M3M India has transformed Golf Course Extension and SPR with ultra-luxury Trump Towers, luxury condos, and high-street retail.",https://www.m3mindia.com,2010,info@m3mindia.com,91 124 477 7300,"M3M Cosmopolitan, Golf Course Extension Road, Sector 66, Gurugram, Haryana, India","M3M India - Projects, New Launches & Reviews in Gurugram | MillionFlats","Explore verified RERA projects, luxury apartments, and commercial properties by M3M India in Gurugram on MillionFlats. View floor plans, price lists, and brochures.","M3M India, M3M India Gurugram, flats in Gurugram, apartments by M3M India, buy property Gurugram, MillionFlats Gurugram",Unique
Smartworld Developers,Gurugram,Haryana,Next-gen tech-enabled luxury low-rise and high-rise residences.,"Smartworld Developers delivers modern, design-forward homes with smart home automation and expansive clubhouses.",https://www.smartworlddevelopers.com,2021,sales@smartworlddevelopers.com,91 124 689 0000,"Smartworld Hub, Sector 61, Golf Course Extension Road, Gurugram, Haryana, India","Smartworld Developers - Projects, New Launches & Reviews in Gurugram | MillionFlats","Explore verified RERA projects, luxury apartments, and commercial properties by Smartworld Developers in Gurugram on MillionFlats. View floor plans, price lists, and brochures.","Smartworld Developers, Smartworld Developers Gurugram, flats in Gurugram, apartments by Smartworld Developers, buy property Gurugram, MillionFlats Gurugram",Unique
Gaursons India (Gaur Group),Noida,Uttar Pradesh,Mega township and luxury high-rise residential developer in NCR.,"Gaur Group has built over 65,000 homes across Gaur City, Gaur Saundaryam, and premium sports townships.",https://www.gaursonsindia.com,1995,customercare@gaursonsindia.com,91 120 434 3333,"Gaur Biz Park, Plot-1, Abhay Khand II, Indirapuram, Noida, Uttar Pradesh, India","Gaursons India (Gaur Group) - Projects, New Launches & Reviews in Noida | MillionFlats","Explore verified RERA projects, luxury apartments, and commercial properties by Gaursons India (Gaur Group) in Noida on MillionFlats. View floor plans, price lists, and brochures.","Gaursons India (Gaur Group), Gaursons India (Gaur Group) Noida, flats in Noida, apartments by Gaursons India (Gaur Group), buy property Noida, MillionFlats Noida",Unique
Supertech Limited Noida,Noida,Uttar Pradesh,Major developer of high-rise residential townships and retail complexes.,"Supertech has developed integrated townships, shopping malls, and residential towers across Noida Expressway.",https://www.supertechlimited.com,1988,info@supertechlimited.com,91 120 457 2600,"Supertech House, B 28-29, Sector 58, Noida, Uttar Pradesh, India","Supertech Limited Noida - Projects, New Launches & Reviews in Noida | MillionFlats","Explore verified RERA projects, luxury apartments, and commercial properties by Supertech Limited Noida in Noida on MillionFlats. View floor plans, price lists, and brochures.","Supertech Limited Noida, Supertech Limited Noida Noida, flats in Noida, apartments by Supertech Limited Noida, buy property Noida, MillionFlats Noida",Unique
Bhutani Infra,Greater Noida,Uttar Pradesh,Iconic futuristic commercial IT hubs and luxury retail parks.,"Bhutani Group constructs architectural marvels like Grandthum, Cyberthum, and Alphathum across Greater Noida West.",https://www.bhutanigroup.com,2005,info@bhutanigroup.com,91 120 490 9000,"Bhutani Alphathum, Sector 90 / Techzone 4, Greater Noida, Uttar Pradesh, India","Bhutani Infra - Projects, New Launches & Reviews in Greater Noida | MillionFlats","Explore verified RERA projects, luxury apartments, and commercial properties by Bhutani Infra in Greater Noida on MillionFlats. View floor plans, price lists, and brochures.","Bhutani Infra, Bhutani Infra Greater Noida, flats in Greater Noida, apartments by Bhutani Infra, buy property Greater Noida, MillionFlats Greater Noida",Unique
Gaur Group Greater Noida,Greater Noida,Uttar Pradesh,237-acre integrated smart township pioneer in Greater Noida West.,"Gaur City houses over 150,000 residents with schools, multi-specialty hospitals, malls, and sports complexes.",https://www.gaursonsindia.com,1995,gaurcity@gaursonsindia.com,91 120 434 3300,"Gaur City, Char Murti Chowk, Greater Noida West, Greater Noida, Uttar Pradesh, India","Gaur Group Greater Noida - Projects, New Launches & Reviews in Greater Noida | MillionFlats","Explore verified RERA projects, luxury apartments, and commercial properties by Gaur Group Greater Noida in Greater Noida on MillionFlats. View floor plans, price lists, and brochures.","Gaur Group Greater Noida, Gaur Group Greater Noida Greater Noida, flats in Greater Noida, apartments by Gaur Group Greater Noida, buy property Greater Noida, MillionFlats Greater Noida",Unique
KW Group,Ghaziabad,Uttar Pradesh,Leader in high-street retail malls and luxury residential living.,KW Group delivers high-impact commercial retail destinations like KW Delhi 6 and luxury residences like KW Srishti.,https://www.kwgroup.in,2006,info@kwgroup.in,91 120 480 4700,"KW Srishti, NH-58, Raj Nagar Extension, Ghaziabad, Uttar Pradesh, India","KW Group - Projects, New Launches & Reviews in Ghaziabad | MillionFlats","Explore verified RERA projects, luxury apartments, and commercial properties by KW Group in Ghaziabad on MillionFlats. View floor plans, price lists, and brochures.","KW Group, KW Group Ghaziabad, flats in Ghaziabad, apartments by KW Group, buy property Ghaziabad, MillionFlats Ghaziabad",Unique
SVP Group,Ghaziabad,Uttar Pradesh,Ghaziabad's pioneering builder of residential townships and universities.,SVP Group has delivered landmark projects like Gulmohur Greens and Krishna Garden across Ghaziabad.,https://www.svpgroup.in,1995,sales@svpgroup.in,91 120 439 8888,"SVP House, A-3, South Side GT Road, Ghaziabad, Uttar Pradesh, India","SVP Group - Projects, New Launches & Reviews in Ghaziabad | MillionFlats","Explore verified RERA projects, luxury apartments, and commercial properties by SVP Group in Ghaziabad on MillionFlats. View floor plans, price lists, and brochures.","SVP Group, SVP Group Ghaziabad, flats in Ghaziabad, apartments by SVP Group, buy property Ghaziabad, MillionFlats Ghaziabad",Unique
BPTP Limited,Faridabad,Haryana,Pioneer of Greater Faridabad (Neharpar) master-planned city development.,"BPTP has developed over 1,500 acres of integrated townships, luxury villas, high-rise apartments, and commercial parks.",https://www.bptp.com,2003,sales@bptp.com,91 129 418 0000,"BPTP Parklands, Sector 75, Greater Faridabad, Faridabad, Haryana, India","BPTP Limited - Projects, New Launches & Reviews in Faridabad | MillionFlats","Explore verified RERA projects, luxury apartments, and commercial properties by BPTP Limited in Faridabad on MillionFlats. View floor plans, price lists, and brochures.","BPTP Limited, BPTP Limited Faridabad, flats in Faridabad, apartments by BPTP Limited, buy property Faridabad, MillionFlats Faridabad",Unique
Puri Construction Faridabad,Faridabad,Haryana,Benchmark for ultra-luxury residential landscaping and architecture.,"Puri Constructions creates landmark residential communities like Pranayam, Diplomatic Greens, and Anand Vilas.",https://www.puriconstructions.com,1971,sales@puriconstructions.com,91 129 428 1111,"Puri Pranayam, Sector 82, Greater Faridabad, Faridabad, Haryana, India","Puri Construction Faridabad - Projects, New Launches & Reviews in Faridabad | MillionFlats","Explore verified RERA projects, luxury apartments, and commercial properties by Puri Construction Faridabad in Faridabad on MillionFlats. View floor plans, price lists, and brochures.","Puri Construction Faridabad, Puri Construction Faridabad Faridabad, flats in Faridabad, apartments by Puri Construction Faridabad, buy property Faridabad, MillionFlats Faridabad",Unique
Omaxe Limited Lucknow,Lucknow,Uttar Pradesh,140-acre integrated smart township developer on Shaheed Path.,"Omaxe City Lucknow features luxury villas, apartments, clubhouses, schools, and commercial malls.",https://www.omaxe.com,1989,lucknow@omaxe.com,91 522 405 5555,"Omaxe City, Amar Shaheed Path, Lucknow, Uttar Pradesh, India","Omaxe Limited Lucknow - Projects, New Launches & Reviews in Lucknow | MillionFlats","Explore verified RERA projects, luxury apartments, and commercial properties by Omaxe Limited Lucknow in Lucknow on MillionFlats. View floor plans, price lists, and brochures.","Omaxe Limited Lucknow, Omaxe Limited Lucknow Lucknow, flats in Lucknow, apartments by Omaxe Limited Lucknow, buy property Lucknow, MillionFlats Lucknow",Unique
Shalimar Corp,Lucknow,Uttar Pradesh,Lucknow's undisputed luxury real estate and commercial icon.,"Shalimar Corp has crafted Lucknow's skyline with landmark corporate towers, Shalimar Grand luxury homes, and malls.",https://www.shalimarcorp.com,1988,sales@shalimarcorp.com,91 522 403 0444,"Shalimar Titanium, Vibhuti Khand, Gomti Nagar, Lucknow, Uttar Pradesh, India","Shalimar Corp - Projects, New Launches & Reviews in Lucknow | MillionFlats","Explore verified RERA projects, luxury apartments, and commercial properties by Shalimar Corp in Lucknow on MillionFlats. View floor plans, price lists, and brochures.","Shalimar Corp, Shalimar Corp Lucknow, flats in Lucknow, apartments by Shalimar Corp, buy property Lucknow, MillionFlats Lucknow",Unique
Ratan Housing Development,Kanpur,Uttar Pradesh,Kanpur's largest and most trusted residential and commercial builder.,Ratan Housing has delivered over 40 landmark housing projects and commercial centers across Civil Lines and Swaroop Nagar.,https://www.ratanhousing.com,1990,sales@ratanhousing.com,91 512 230 4455,"Ratan House, The Mall, Kanpur, Uttar Pradesh, India","Ratan Housing Development - Projects, New Launches & Reviews in Kanpur | MillionFlats","Explore verified RERA projects, luxury apartments, and commercial properties by Ratan Housing Development in Kanpur on MillionFlats. View floor plans, price lists, and brochures.","Ratan Housing Development, Ratan Housing Development Kanpur, flats in Kanpur, apartments by Ratan Housing Development, buy property Kanpur, MillionFlats Kanpur",Unique
Riddhi Siddhi Developers Kanpur,Kanpur,Uttar Pradesh,Luxury apartments and modern commercial retail spaces.,Riddhi Siddhi Developers constructs high-end residential condominiums with modern fitness and community amenities.,https://www.riddhisiddhikanpur.com,2004,info@riddhisiddhikanpur.com,91 512 255 1122,"Riddhi Siddhi Towers, Tilak Nagar, Kanpur, Uttar Pradesh, India","Riddhi Siddhi Developers Kanpur - Projects, New Launches & Reviews in Kanpur | MillionFlats","Explore verified RERA projects, luxury apartments, and commercial properties by Riddhi Siddhi Developers Kanpur in Kanpur on MillionFlats. View floor plans, price lists, and brochures.","Riddhi Siddhi Developers Kanpur, Riddhi Siddhi Developers Kanpur Kanpur, flats in Kanpur, apartments by Riddhi Siddhi Developers Kanpur, buy property Kanpur, MillionFlats Kanpur",Unique
Pushpanjali Constructions,Agra,Uttar Pradesh,Agra's premier real estate developer of integrated townships and malls.,"Pushpanjali has built over 30 residential townships, luxury villas, and commercial shopping centers in Agra.",https://www.pushpanjali.co.in,1989,info@pushpanjali.co.in,91 562 252 1122,"Pushpanjali Corporate, Delhi-Agra Highway, Agra, Uttar Pradesh, India","Pushpanjali Constructions - Projects, New Launches & Reviews in Agra | MillionFlats","Explore verified RERA projects, luxury apartments, and commercial properties by Pushpanjali Constructions in Agra on MillionFlats. View floor plans, price lists, and brochures.","Pushpanjali Constructions, Pushpanjali Constructions Agra, flats in Agra, apartments by Pushpanjali Constructions, buy property Agra, MillionFlats Agra",Unique
Ganpati Infrabuild,Agra,Uttar Pradesh,Modern residential townships and lifestyle apartment complexes.,Ganpati Infrabuild delivers spacious apartments with green landscapes and clubhouses in Sikandra.,https://www.ganpatiworld.com,2001,sales@ganpatiworld.com,91 562 264 4455,"Ganpati World, Sikandra, Agra, Uttar Pradesh, India","Ganpati Infrabuild - Projects, New Launches & Reviews in Agra | MillionFlats","Explore verified RERA projects, luxury apartments, and commercial properties by Ganpati Infrabuild in Agra on MillionFlats. View floor plans, price lists, and brochures.","Ganpati Infrabuild, Ganpati Infrabuild Agra, flats in Agra, apartments by Ganpati Infrabuild, buy property Agra, MillionFlats Agra",Unique
Roma Builders,Varanasi,Uttar Pradesh,Varanasi's premier luxury housing and commercial real estate builder.,Roma Builders has constructed landmark residential apartment towers and retail complexes across Sigra and Mahmoorganj.,https://www.romabuilders.com,2002,sales@romabuilders.com,91 542 222 1122,"Roma House, Sigra, Varanasi, Uttar Pradesh, India","Roma Builders - Projects, New Launches & Reviews in Varanasi | MillionFlats","Explore verified RERA projects, luxury apartments, and commercial properties by Roma Builders in Varanasi on MillionFlats. View floor plans, price lists, and brochures.","Roma Builders, Roma Builders Varanasi, flats in Varanasi, apartments by Roma Builders, buy property Varanasi, MillionFlats Varanasi",Unique
Awasthi Construction Varanasi,Varanasi,Uttar Pradesh,Trusted builder of gated residential communities and commercial offices.,Awasthi Construction delivers high-quality family homes with modern amenities in central Varanasi.,https://www.awasthiconstruction.in,1998,info@awasthiconstruction.in,91 542 236 4455,"Awasthi Complex, Mahmoorganj, Varanasi, Uttar Pradesh, India","Awasthi Construction Varanasi - Projects, New Launches & Reviews in Varanasi | MillionFlats","Explore verified RERA projects, luxury apartments, and commercial properties by Awasthi Construction Varanasi in Varanasi on MillionFlats. View floor plans, price lists, and brochures.","Awasthi Construction Varanasi, Awasthi Construction Varanasi Varanasi, flats in Varanasi, apartments by Awasthi Construction Varanasi, buy property Varanasi, MillionFlats Varanasi",Unique
Omaxe Limited Prayagraj,Prayagraj,Uttar Pradesh,500-acre mega waterfront integrated township on Triveni Sangam bank.,"Omaxe Waterfront offers riverfront villas, apartments, clubhouses, and education institutions in Naini.",https://www.omaxe.com,1989,prayagraj@omaxe.com,91 532 405 1122,"Omaxe Waterfront, Naini, Prayagraj, Uttar Pradesh, India","Omaxe Limited Prayagraj - Projects, New Launches & Reviews in Prayagraj | MillionFlats","Explore verified RERA projects, luxury apartments, and commercial properties by Omaxe Limited Prayagraj in Prayagraj on MillionFlats. View floor plans, price lists, and brochures.","Omaxe Limited Prayagraj, Omaxe Limited Prayagraj Prayagraj, flats in Prayagraj, apartments by Omaxe Limited Prayagraj, buy property Prayagraj, MillionFlats Prayagraj",Unique
Tulsi Developers Prayagraj,Prayagraj,Uttar Pradesh,Pioneer in luxury residential towers and commercial centers in Civil Lines.,"Tulsi Developers has delivered high-end residences for judges, lawyers, and elite professionals.",https://www.tulsidevelopersprayagraj.com,1996,sales@tulsidevelopersprayagraj.com,91 532 242 4455,"Tulsi House, Civil Lines, Prayagraj, Uttar Pradesh, India","Tulsi Developers Prayagraj - Projects, New Launches & Reviews in Prayagraj | MillionFlats","Explore verified RERA projects, luxury apartments, and commercial properties by Tulsi Developers Prayagraj in Prayagraj on MillionFlats. View floor plans, price lists, and brochures.","Tulsi Developers Prayagraj, Tulsi Developers Prayagraj Prayagraj, flats in Prayagraj, apartments by Tulsi Developers Prayagraj, buy property Prayagraj, MillionFlats Prayagraj",Unique
Supertech Limited Meerut,Meerut,Uttar Pradesh,High-rise residential townships near Delhi-Meerut Expressway / RRTS corridor.,Supertech has built integrated residential townships with sports facilities and commercial plazas in Meerut.,https://www.supertechlimited.com,1988,meerut@supertechlimited.com,91 121 405 1122,"Supertech Palm Green, Delhi-Meerut Expressway, Meerut, Uttar Pradesh, India","Supertech Limited Meerut - Projects, New Launches & Reviews in Meerut | MillionFlats","Explore verified RERA projects, luxury apartments, and commercial properties by Supertech Limited Meerut in Meerut on MillionFlats. View floor plans, price lists, and brochures.","Supertech Limited Meerut, Supertech Limited Meerut Meerut, flats in Meerut, apartments by Supertech Limited Meerut, buy property Meerut, MillionFlats Meerut",Unique
Ansal Housing Meerut,Meerut,Uttar Pradesh,Four-decade developer of integrated townships and commercial malls.,Ansal Housing delivers master-planned townships with landscaped gardens and commercial plazas near RRTS stations.,https://www.ansalhousing.com,1983,meerut@ansalhousing.com,91 121 257 4455,"Ansal Courtyard, Modipuram, Meerut, Uttar Pradesh, India","Ansal Housing Meerut - Projects, New Launches & Reviews in Meerut | MillionFlats","Explore verified RERA projects, luxury apartments, and commercial properties by Ansal Housing Meerut in Meerut on MillionFlats. View floor plans, price lists, and brochures.","Ansal Housing Meerut, Ansal Housing Meerut Meerut, flats in Meerut, apartments by Ansal Housing Meerut, buy property Meerut, MillionFlats Meerut",Unique
Mahima Group,Jaipur,Rajasthan,Jaipur's largest real estate developer with 30+ years of trust.,"Mahima Group has delivered over 10 million sq.ft of landmark residential towers, luxury villas, and commercial parks.",https://www.mahimagroup.org,1990,sales@mahimagroup.org,91 141 405 0606,"Mahima Trinity, Swej Farm, New Sanganer Road, Jaipur, Rajasthan, India","Mahima Group - Projects, New Launches & Reviews in Jaipur | MillionFlats","Explore verified RERA projects, luxury apartments, and commercial properties by Mahima Group in Jaipur on MillionFlats. View floor plans, price lists, and brochures.","Mahima Group, Mahima Group Jaipur, flats in Jaipur, apartments by Mahima Group, buy property Jaipur, MillionFlats Jaipur",Unique
Manglam Group,Jaipur,Rajasthan,"Pioneer in integrated townships, commercial plazas, and luxury housing.",Manglam Group has constructed over 70 projects across Rajasthan including luxury apartments and Grand City townships.,https://www.manglamgroup.com,1995,info@manglamgroup.com,91 141 431 1100,"Manglam Building, Apex Mall, Tonk Road, Jaipur, Rajasthan, India","Manglam Group - Projects, New Launches & Reviews in Jaipur | MillionFlats","Explore verified RERA projects, luxury apartments, and commercial properties by Manglam Group in Jaipur on MillionFlats. View floor plans, price lists, and brochures.","Manglam Group, Manglam Group Jaipur, flats in Jaipur, apartments by Manglam Group, buy property Jaipur, MillionFlats Jaipur",Unique
Ashapurna Buildcon,Jodhpur,Rajasthan,Jodhpur's largest and most trusted real estate developer.,"Ashapurna Buildcon has developed over 40 integrated townships, heritage villas, and luxury residential projects.",https://www.ashapurna.com,1996,info@ashapurna.com,91 291 251 1122,"Ashapurna House, Circuit House Road, Jodhpur, Rajasthan, India","Ashapurna Buildcon - Projects, New Launches & Reviews in Jodhpur | MillionFlats","Explore verified RERA projects, luxury apartments, and commercial properties by Ashapurna Buildcon in Jodhpur on MillionFlats. View floor plans, price lists, and brochures.","Ashapurna Buildcon, Ashapurna Buildcon Jodhpur, flats in Jodhpur, apartments by Ashapurna Buildcon, buy property Jodhpur, MillionFlats Jodhpur",Unique
Umaid Heritage (Shree Ram),Jodhpur,Rajasthan,Ultra-luxury heritage architectural villa community developer.,Umaid Heritage is a prestigious residential enclave featuring royal Rajputana architecture and modern lifestyle amenities.,https://www.umaidheritage.com,2001,sales@umaidheritage.com,91 291 254 4455,"Umaid Heritage, Near Umaid Bhawan Palace, Jodhpur, Rajasthan, India","Umaid Heritage (Shree Ram) - Projects, New Launches & Reviews in Jodhpur | MillionFlats","Explore verified RERA projects, luxury apartments, and commercial properties by Umaid Heritage (Shree Ram) in Jodhpur on MillionFlats. View floor plans, price lists, and brochures.","Umaid Heritage (Shree Ram), Umaid Heritage (Shree Ram) Jodhpur, flats in Jodhpur, apartments by Umaid Heritage (Shree Ram), buy property Jodhpur, MillionFlats Jodhpur",Unique
Miraj Developers,Udaipur,Rajasthan,Southern Rajasthan's premier conglomerate building luxury residences and malls.,Miraj Developers has delivered landmark commercial malls like Miraj Mall and luxury residential towers in Udaipur.,https://www.mirajdevelopers.com,2001,sales@mirajdevelopers.com,91 294 242 1122,"Miraj House, Panchwati, Udaipur, Rajasthan, India","Miraj Developers - Projects, New Launches & Reviews in Udaipur | MillionFlats","Explore verified RERA projects, luxury apartments, and commercial properties by Miraj Developers in Udaipur on MillionFlats. View floor plans, price lists, and brochures.","Miraj Developers, Miraj Developers Udaipur, flats in Udaipur, apartments by Miraj Developers, buy property Udaipur, MillionFlats Udaipur",Unique
Shubhashish Homes Udaipur,Udaipur,Rajasthan,Nature-centric luxury resort-style residences and villas.,"Shubhashish Homes develops smart, sustainable residential communities with expansive resort-inspired clubhouses.",https://www.shubhashishhomes.com,2008,udaipur@shubhashishhomes.com,91 294 256 4455,"Shubhashish Geeta, Sukher, Udaipur, Rajasthan, India","Shubhashish Homes Udaipur - Projects, New Launches & Reviews in Udaipur | MillionFlats","Explore verified RERA projects, luxury apartments, and commercial properties by Shubhashish Homes Udaipur in Udaipur on MillionFlats. View floor plans, price lists, and brochures.","Shubhashish Homes Udaipur, Shubhashish Homes Udaipur Udaipur, flats in Udaipur, apartments by Shubhashish Homes Udaipur, buy property Udaipur, MillionFlats Udaipur",Unique
Omaxe Limited Chandigarh,Chandigarh,Chandigarh / Punjab,"1,000-acre mega integrated township developer in New Chandigarh.","Omaxe New Chandigarh offers luxury villas, penthouses, commercial business parks, and sporting clubs.",https://www.omaxe.com,1989,chandigarh@omaxe.com,91 172 405 1122,"Omaxe New Chandigarh, Mullanpur, Chandigarh, Chandigarh / Punjab, India","Omaxe Limited Chandigarh - Projects, New Launches & Reviews in Chandigarh | MillionFlats","Explore verified RERA projects, luxury apartments, and commercial properties by Omaxe Limited Chandigarh in Chandigarh on MillionFlats. View floor plans, price lists, and brochures.","Omaxe Limited Chandigarh, Omaxe Limited Chandigarh Chandigarh, flats in Chandigarh, apartments by Omaxe Limited Chandigarh, buy property Chandigarh, MillionFlats Chandigarh",Unique
DLF Hyde Park,Chandigarh,Chandigarh / Punjab,Premier luxury plotted estate and independent floors developer.,DLF Hyde Park is an exclusive luxury residential township with Shivalik foothill views and 5-star clubhouses.,https://www.dlf.in,1946,hydepark@dlf.in,91 172 433 4200,"DLF Hyde Park, New Chandigarh, Mullanpur, Chandigarh, Chandigarh / Punjab, India","DLF Hyde Park - Projects, New Launches & Reviews in Chandigarh | MillionFlats","Explore verified RERA projects, luxury apartments, and commercial properties by DLF Hyde Park in Chandigarh on MillionFlats. View floor plans, price lists, and brochures.","DLF Hyde Park, DLF Hyde Park Chandigarh, flats in Chandigarh, apartments by DLF Hyde Park, buy property Chandigarh, MillionFlats Chandigarh",Unique
Hero Homes Ludhiana,Ludhiana,Punjab,Eco-friendly luxury residential high-rises by Hero Group.,"Hero Homes Ludhiana features world-class sports amenities, landscaped greens, and EV charging stations.",https://www.herohomes.in,2012,ludhiana@herohomes.in,91 161 460 7777,"Hero Homes, Sidhwan Canal Road, Ludhiana, Punjab, India","Hero Homes Ludhiana - Projects, New Launches & Reviews in Ludhiana | MillionFlats","Explore verified RERA projects, luxury apartments, and commercial properties by Hero Homes Ludhiana in Ludhiana on MillionFlats. View floor plans, price lists, and brochures.","Hero Homes Ludhiana, Hero Homes Ludhiana Ludhiana, flats in Ludhiana, apartments by Hero Homes Ludhiana, buy property Ludhiana, MillionFlats Ludhiana",Unique
Omaxe Limited Ludhiana,Ludhiana,Punjab,Luxury residential apartments and commercial shopping plazas.,Omaxe has created iconic residential towers like Royal Residency and modern commercial arcades on Pakhowal Road.,https://www.omaxe.com,1989,ludhiana@omaxe.com,91 161 405 1122,"Omaxe Royal Residency, Pakhowal Road, Ludhiana, Punjab, India","Omaxe Limited Ludhiana - Projects, New Launches & Reviews in Ludhiana | MillionFlats","Explore verified RERA projects, luxury apartments, and commercial properties by Omaxe Limited Ludhiana in Ludhiana on MillionFlats. View floor plans, price lists, and brochures.","Omaxe Limited Ludhiana, Omaxe Limited Ludhiana Ludhiana, flats in Ludhiana, apartments by Omaxe Limited Ludhiana, buy property Ludhiana, MillionFlats Ludhiana",Unique
Impact Projects Amritsar,Amritsar,Punjab,Amritsar's premier master-planned township developer.,"Impact Projects delivers integrated residential townships, shopping avenues, and luxury villa estates.",https://www.impactprojects.in,2002,sales@impactprojects.in,91 183 256 1122,"Impact Garden City, GT Road, Amritsar, Punjab, India","Impact Projects Amritsar - Projects, New Launches & Reviews in Amritsar | MillionFlats","Explore verified RERA projects, luxury apartments, and commercial properties by Impact Projects Amritsar in Amritsar on MillionFlats. View floor plans, price lists, and brochures.","Impact Projects Amritsar, Impact Projects Amritsar Amritsar, flats in Amritsar, apartments by Impact Projects Amritsar, buy property Amritsar, MillionFlats Amritsar",Unique
Omaxe Limited Amritsar,Amritsar,Punjab,Pioneering commercial mall and luxury residential developer.,Omaxe has constructed landmark shopping malls and premium residential towers on Mall Road.,https://www.omaxe.com,1989,amritsar@omaxe.com,91 183 405 4455,"Omaxe Mall, Mall Road, Amritsar, Punjab, India","Omaxe Limited Amritsar - Projects, New Launches & Reviews in Amritsar | MillionFlats","Explore verified RERA projects, luxury apartments, and commercial properties by Omaxe Limited Amritsar in Amritsar on MillionFlats. View floor plans, price lists, and brochures.","Omaxe Limited Amritsar, Omaxe Limited Amritsar Amritsar, flats in Amritsar, apartments by Omaxe Limited Amritsar, buy property Amritsar, MillionFlats Amritsar",Unique
Pacific Development Corporation,Dehradun,Uttarakhand,Developer of Dehradun's flagship shopping mall and luxury residences.,Pacific Group creates iconic retail destinations and luxury mountain-view residential towers on Rajpur Road.,https://www.pacificindia.in,2004,dehradun@pacificindia.in,91 135 274 1122,"Pacific Mall, Rajpur Road, Dehradun, Uttarakhand, India","Pacific Development Corporation - Projects, New Launches & Reviews in Dehradun | MillionFlats","Explore verified RERA projects, luxury apartments, and commercial properties by Pacific Development Corporation in Dehradun on MillionFlats. View floor plans, price lists, and brochures.","Pacific Development Corporation, Pacific Development Corporation Dehradun, flats in Dehradun, apartments by Pacific Development Corporation, buy property Dehradun, MillionFlats Dehradun",Unique
Supertech Limited Dehradun,Dehradun,Uttarakhand,Modern commercial IT spaces and residential apartments.,Supertech Doon Square provides corporate workspaces and modern studio residences in Sahastradhara IT Park.,https://www.supertechlimited.com,1988,dehradun@supertechlimited.com,91 135 405 4455,"Supertech Doon Square, SIDCUL, IT Park, Dehradun, Uttarakhand, India","Supertech Limited Dehradun - Projects, New Launches & Reviews in Dehradun | MillionFlats","Explore verified RERA projects, luxury apartments, and commercial properties by Supertech Limited Dehradun in Dehradun on MillionFlats. View floor plans, price lists, and brochures.","Supertech Limited Dehradun, Supertech Limited Dehradun Dehradun, flats in Dehradun, apartments by Supertech Limited Dehradun, buy property Dehradun, MillionFlats Dehradun",Unique
Prestige Estates Projects,Bengaluru,Karnataka,"South India's premier diversified developer across residential, retail, and commercial.",Prestige Group has completed 300+ projects covering 180+ million sq.ft of developed area in Bengaluru and pan-India.,https://www.prestigeconstructions.com,1986,properties@prestigeconstructions.com,91 80 2559 1080,"Prestige Falcon Towers, 19 Brunton Road, Bengaluru, Karnataka, India","Prestige Estates Projects - Projects, New Launches & Reviews in Bengaluru | MillionFlats","Explore verified RERA projects, luxury apartments, and commercial properties by Prestige Estates Projects in Bengaluru on MillionFlats. View floor plans, price lists, and brochures.","Prestige Estates Projects, Prestige Estates Projects Bengaluru, flats in Bengaluru, apartments by Prestige Estates Projects, buy property Bengaluru, MillionFlats Bengaluru",Unique
Sobha Limited,Bengaluru,Karnataka,Backward integrated real estate developer focused on international quality and luxury.,"Sobha Limited has in-house design, engineering, and manufacturing capabilities delivering world-class residences.",https://www.sobha.com,1995,marketing@sobha.com,91 80 4932 0000,"SOBHA Corporate Office, Sarjapur-Marathahalli ORR, Bellandur, Bengaluru, Karnataka, India","Sobha Limited - Projects, New Launches & Reviews in Bengaluru | MillionFlats","Explore verified RERA projects, luxury apartments, and commercial properties by Sobha Limited in Bengaluru on MillionFlats. View floor plans, price lists, and brochures.","Sobha Limited, Sobha Limited Bengaluru, flats in Bengaluru, apartments by Sobha Limited, buy property Bengaluru, MillionFlats Bengaluru",Unique
Brigade Group Mysuru,Mysuru,Karnataka,Premier luxury apartments and commercial real estate builder.,"Brigade Group has developed landmark projects like Brigade Mountain View, Symphony, and Horizon in Mysuru.",https://www.brigadegroup.com,1986,mysore@brigadegroup.com,91 821 400 1200,"Brigade Mountain View, Ooty Road, Mysuru, Karnataka, India","Brigade Group Mysuru - Projects, New Launches & Reviews in Mysuru | MillionFlats","Explore verified RERA projects, luxury apartments, and commercial properties by Brigade Group Mysuru in Mysuru on MillionFlats. View floor plans, price lists, and brochures.","Brigade Group Mysuru, Brigade Group Mysuru Mysuru, flats in Mysuru, apartments by Brigade Group Mysuru, buy property Mysuru, MillionFlats Mysuru",Unique
Sobha Limited Mysuru,Mysuru,Karnataka,Luxury villa communities and contractual construction excellence.,Sobha Limited delivers world-class luxury villas with clubhouse facilities and manicured gardens in Bogadi.,https://www.sobha.com,1995,mysore@sobha.com,91 821 241 5566,"Sobha Gardenia, Bogadi Road, Mysuru, Karnataka, India","Sobha Limited Mysuru - Projects, New Launches & Reviews in Mysuru | MillionFlats","Explore verified RERA projects, luxury apartments, and commercial properties by Sobha Limited Mysuru in Mysuru on MillionFlats. View floor plans, price lists, and brochures.","Sobha Limited Mysuru, Sobha Limited Mysuru Mysuru, flats in Mysuru, apartments by Sobha Limited Mysuru, buy property Mysuru, MillionFlats Mysuru",Unique
Rohan Corporation Mangalore,Mangalore,Karnataka,Three-decade pioneer of luxury skyscrapers and commercial malls.,Rohan Corporation has transformed Mangalore's skyline with over 25 completed residential and commercial landmarks.,https://www.rohancorporation.in,1994,info@rohancorporation.in,91 824 222 1122,"Rohan Square, Capitanio, Pumpwell, Mangalore, Karnataka, India","Rohan Corporation Mangalore - Projects, New Launches & Reviews in Mangalore | MillionFlats","Explore verified RERA projects, luxury apartments, and commercial properties by Rohan Corporation Mangalore in Mangalore on MillionFlats. View floor plans, price lists, and brochures.","Rohan Corporation Mangalore, Rohan Corporation Mangalore Mangalore, flats in Mangalore, apartments by Rohan Corporation Mangalore, buy property Mangalore, MillionFlats Mangalore",Unique
Landmark Infratech,Mangalore,Karnataka,Luxury residential apartments and commercial IT complexes.,Landmark Infratech builds high-rise residential towers like Landmark Oxygen and Grand City with infinity pools.,https://www.landmarkinfratech.com,2005,sales@landmarkinfratech.com,91 824 245 4455,"Landmark Grand City, Bejai, Mangalore, Karnataka, India","Landmark Infratech - Projects, New Launches & Reviews in Mangalore | MillionFlats","Explore verified RERA projects, luxury apartments, and commercial properties by Landmark Infratech in Mangalore on MillionFlats. View floor plans, price lists, and brochures.","Landmark Infratech, Landmark Infratech Mangalore, flats in Mangalore, apartments by Landmark Infratech, buy property Mangalore, MillionFlats Mangalore",Unique
My Home Group,Hyderabad,Telangana,Hyderabad's benchmark for mega integrated smart gated communities.,My Home Group has delivered over 33 million sq.ft of landmark residential gated communities and commercial IT parks like My Home Bhooja.,https://www.myhomeconstructions.com,1981,sales@myhomeconstructions.com,91 40 6688 8888,"My Home Hub, Hitec City, Madhapur, Hyderabad, Telangana, India","My Home Group - Projects, New Launches & Reviews in Hyderabad | MillionFlats","Explore verified RERA projects, luxury apartments, and commercial properties by My Home Group in Hyderabad on MillionFlats. View floor plans, price lists, and brochures.","My Home Group, My Home Group Hyderabad, flats in Hyderabad, apartments by My Home Group, buy property Hyderabad, MillionFlats Hyderabad",Unique
Aparna Constructions,Hyderabad,Telangana,Flagship gated community and integrated township developer in Hyderabad.,Aparna Constructions & Estates has built over 45+ projects covering 30 million sq.ft of high-end gated communities.,https://www.aparnaconstructions.com,1996,info@aparnaconstructions.com,91 40 2335 2708,"Astral Heights, Road No. 1, Banjara Hills, Hyderabad, Telangana, India","Aparna Constructions - Projects, New Launches & Reviews in Hyderabad | MillionFlats","Explore verified RERA projects, luxury apartments, and commercial properties by Aparna Constructions in Hyderabad on MillionFlats. View floor plans, price lists, and brochures.","Aparna Constructions, Aparna Constructions Hyderabad, flats in Hyderabad, apartments by Aparna Constructions, buy property Hyderabad, MillionFlats Hyderabad",Unique
MK Builders and Developers,Visakhapatnam,Andhra Pradesh,Vizag's largest and most trusted luxury real estate developer.,MK Builders has developed landmark oceanfront high-rise residential towers and commercial complexes across Yendada and Madhurawada.,https://www.mkbuilders.in,1998,sales@mkbuilders.in,91 891 270 1122,"MK Gold Coast, Yendada, Visakhapatnam, Andhra Pradesh, India","MK Builders and Developers - Projects, New Launches & Reviews in Visakhapatnam | MillionFlats","Explore verified RERA projects, luxury apartments, and commercial properties by MK Builders and Developers in Visakhapatnam on MillionFlats. View floor plans, price lists, and brochures.","MK Builders and Developers, MK Builders and Developers Visakhapatnam, flats in Visakhapatnam, apartments by MK Builders and Developers, buy property Visakhapatnam, MillionFlats Visakhapatnam",Unique
MVV Builders,Visakhapatnam,Andhra Pradesh,"Mega township developer with over 5,000 completed family homes.","MVV Builders creates sprawling residential townships like MVV City with clubhouses, schools, and shopping plazas.",https://www.mvvbuilders.com,2000,info@mvvbuilders.com,91 891 254 4455,"MVV City, Madhurawada, Visakhapatnam, Andhra Pradesh, India","MVV Builders - Projects, New Launches & Reviews in Visakhapatnam | MillionFlats","Explore verified RERA projects, luxury apartments, and commercial properties by MVV Builders in Visakhapatnam on MillionFlats. View floor plans, price lists, and brochures.","MVV Builders, MVV Builders Visakhapatnam, flats in Visakhapatnam, apartments by MVV Builders, buy property Visakhapatnam, MillionFlats Visakhapatnam",Unique
Vertex Homes Vijayawada,Vijayawada,Andhra Pradesh,Three-decade pioneer of luxury gated communities in Andhra Pradesh.,"Vertex Homes has constructed landmark residential townships, premium villas, and commercial retail malls in Amaravati CRDA region.",https://www.vertexhomes.com,1994,sales@vertexhomes.com,91 866 248 1122,"Vertex Siris Capital, Guntur-Vijayawada Highway, Vijayawada, Andhra Pradesh, India","Vertex Homes Vijayawada - Projects, New Launches & Reviews in Vijayawada | MillionFlats","Explore verified RERA projects, luxury apartments, and commercial properties by Vertex Homes Vijayawada in Vijayawada on MillionFlats. View floor plans, price lists, and brochures.","Vertex Homes Vijayawada, Vertex Homes Vijayawada Vijayawada, flats in Vijayawada, apartments by Vertex Homes Vijayawada, buy property Vijayawada, MillionFlats Vijayawada",Unique
LEPL Projects,Vijayawada,Andhra Pradesh,"Pioneer of luxury malls, 5-star hotels, and residential townships.","LEPL Projects has delivered iconic developments like Trendset Mall, commercial complexes, and luxury housing in Vijayawada.",https://www.lepl.in,1999,info@lepl.in,91 866 247 4455,"LEPL Centro, MG Road, Vijayawada, Andhra Pradesh, India","LEPL Projects - Projects, New Launches & Reviews in Vijayawada | MillionFlats","Explore verified RERA projects, luxury apartments, and commercial properties by LEPL Projects in Vijayawada on MillionFlats. View floor plans, price lists, and brochures.","LEPL Projects, LEPL Projects Vijayawada, flats in Vijayawada, apartments by LEPL Projects, buy property Vijayawada, MillionFlats Vijayawada",Unique
Casagrand Builder,Chennai,Tamil Nadu,"South India's leading residential developer delivering over 38,000 homes.","Casagrand develops luxury gated communities and high-rise apartments across Chennai, Bengaluru, and Hyderabad.",https://www.casagrand.co.in,2004,sales@casagrand.co.in,91 44 4411 1111,"NPL Devi, No. 111, LB Road, Thiruvanmiyur, Chennai, Tamil Nadu, India","Casagrand Builder - Projects, New Launches & Reviews in Chennai | MillionFlats","Explore verified RERA projects, luxury apartments, and commercial properties by Casagrand Builder in Chennai on MillionFlats. View floor plans, price lists, and brochures.","Casagrand Builder, Casagrand Builder Chennai, flats in Chennai, apartments by Casagrand Builder, buy property Chennai, MillionFlats Chennai",Unique
Appaswamy Real Estates,Chennai,Tamil Nadu,Six-decade pioneer of luxury apartments and commercial hospitality.,Appaswamy Real Estates has built over 10 million sq.ft of landmark residential and commercial towers like Trellis.,https://www.appaswamy.com,1959,info@appaswamy.com,91 44 2434 6333,"3, Mangesh Street, T. Nagar, Chennai, Tamil Nadu, India","Appaswamy Real Estates - Projects, New Launches & Reviews in Chennai | MillionFlats","Explore verified RERA projects, luxury apartments, and commercial properties by Appaswamy Real Estates in Chennai on MillionFlats. View floor plans, price lists, and brochures.","Appaswamy Real Estates, Appaswamy Real Estates Chennai, flats in Chennai, apartments by Appaswamy Real Estates, buy property Chennai, MillionFlats Chennai",Unique
G Square Housing Coimbatore,Coimbatore,Tamil Nadu,South India's largest plotted developer with 100+ acre smart townships.,G Square City develops large-scale gated communities with 100+ world-class amenities in Coimbatore.,https://www.gsquarehousing.com,2012,coimbatore@gsquarehousing.com,91 422 441 1111,"G Square City, Trichy Road, Coimbatore, Tamil Nadu, India","G Square Housing Coimbatore - Projects, New Launches & Reviews in Coimbatore | MillionFlats","Explore verified RERA projects, luxury apartments, and commercial properties by G Square Housing Coimbatore in Coimbatore on MillionFlats. View floor plans, price lists, and brochures.","G Square Housing Coimbatore, G Square Housing Coimbatore Coimbatore, flats in Coimbatore, apartments by G Square Housing Coimbatore, buy property Coimbatore, MillionFlats Coimbatore",Unique
Sreevatsa Homes,Coimbatore,Tamil Nadu,Three-decade trusted builder of luxury apartments and gated villas.,Sreevatsa Homes has delivered over 30 residential communities across Race Course and RS Puram.,https://www.sreevatsa.com,1995,sales@sreevatsa.com,91 422 244 5566,"Sreevatsa Square, 7/2 Mettupalayam Road, Coimbatore, Tamil Nadu, India","Sreevatsa Homes - Projects, New Launches & Reviews in Coimbatore | MillionFlats","Explore verified RERA projects, luxury apartments, and commercial properties by Sreevatsa Homes in Coimbatore on MillionFlats. View floor plans, price lists, and brochures.","Sreevatsa Homes, Sreevatsa Homes Coimbatore, flats in Coimbatore, apartments by Sreevatsa Homes, buy property Coimbatore, MillionFlats Coimbatore",Unique
Vishaal Promoters,Madurai,Tamil Nadu,Developer of Madurai's iconic Vishaal de Mal and luxury residences.,Vishaal Promoters has shaped Madurai's modern commercial retail and residential real estate landscape.,https://www.vishaalde-mal.com,1998,info@vishaalpromoters.com,91 452 253 1122,"Vishaal de Mal, Gokhale Road, Chinna Chokkikulam, Madurai, Tamil Nadu, India","Vishaal Promoters - Projects, New Launches & Reviews in Madurai | MillionFlats","Explore verified RERA projects, luxury apartments, and commercial properties by Vishaal Promoters in Madurai on MillionFlats. View floor plans, price lists, and brochures.","Vishaal Promoters, Vishaal Promoters Madurai, flats in Madurai, apartments by Vishaal Promoters, buy property Madurai, MillionFlats Madurai",Unique
Agrini Developers (Ananya),Madurai,Tamil Nadu,Madurai's largest master-planned residential township.,"Agrini Enclave houses over 1,500 families with multi-tier security, parks, and clubhouses.",https://www.agrinidevelopers.com,2004,sales@agrinidevelopers.com,91 452 245 4455,"Agrini Enclave, Andalpuram, Madurai, Tamil Nadu, India","Agrini Developers (Ananya) - Projects, New Launches & Reviews in Madurai | MillionFlats","Explore verified RERA projects, luxury apartments, and commercial properties by Agrini Developers (Ananya) in Madurai on MillionFlats. View floor plans, price lists, and brochures.","Agrini Developers (Ananya), Agrini Developers (Ananya) Madurai, flats in Madurai, apartments by Agrini Developers (Ananya), buy property Madurai, MillionFlats Madurai",Unique
Asset Homes,Kochi,Kerala,Kerala's leading CRISIL DA2-rated builder with 100+ delivered projects.,"Asset Homes is renowned for innovative themed residences, life-long customer service, and on-time completion.",https://www.assethomes.in,2007,sales@assethomes.in,91 484 675 6756,"Asset House, G-129, Panampilly Nagar, Kochi, Kerala, India","Asset Homes - Projects, New Launches & Reviews in Kochi | MillionFlats","Explore verified RERA projects, luxury apartments, and commercial properties by Asset Homes in Kochi on MillionFlats. View floor plans, price lists, and brochures.","Asset Homes, Asset Homes Kochi, flats in Kochi, apartments by Asset Homes, buy property Kochi, MillionFlats Kochi",Unique
Skyline Builders,Kochi,Kerala,Three-decade pioneer of luxury skyscrapers and gated communities across Kerala.,"Skyline Builders has built over 150 residential landmarks with 10,000+ satisfied NRI and local families.",https://www.skylinebuilders.com,1989,marketing@skylinebuilders.com,91 484 276 0000,"Skyline House, Rajaji Road, Kochi, Kerala, India","Skyline Builders - Projects, New Launches & Reviews in Kochi | MillionFlats","Explore verified RERA projects, luxury apartments, and commercial properties by Skyline Builders in Kochi on MillionFlats. View floor plans, price lists, and brochures.","Skyline Builders, Skyline Builders Kochi, flats in Kochi, apartments by Skyline Builders, buy property Kochi, MillionFlats Kochi",Unique
Skyline Builders Trivandrum,Thiruvananthapuram,Kerala,Premier luxury residential high-rise developer in prestigious Kowdiar.,Skyline Builders delivers ultra-luxury residential towers with world-class clubhouse amenities.,https://www.skylinebuilders.com,1989,trivandrum@skylinebuilders.com,91 471 276 0000,"Skyline House, Kowdiar, Thiruvananthapuram, Kerala, India","Skyline Builders Trivandrum - Projects, New Launches & Reviews in Thiruvananthapuram | MillionFlats","Explore verified RERA projects, luxury apartments, and commercial properties by Skyline Builders Trivandrum in Thiruvananthapuram on MillionFlats. View floor plans, price lists, and brochures.","Skyline Builders Trivandrum, Skyline Builders Trivandrum Thiruvananthapuram, flats in Thiruvananthapuram, apartments by Skyline Builders Trivandrum, buy property Thiruvananthapuram, MillionFlats Thiruvananthapuram",Unique
Asset Homes Trivandrum,Thiruvananthapuram,Kerala,Eco-smart luxury residences near Technopark and central city.,Asset Homes builds luxury high-rises equipped with automated waste management and rooftop amenities.,https://www.assethomes.in,2007,trivandrum@assethomes.in,91 471 675 6756,"Asset House, Vellayambalam, Thiruvananthapuram, Kerala, India","Asset Homes Trivandrum - Projects, New Launches & Reviews in Thiruvananthapuram | MillionFlats","Explore verified RERA projects, luxury apartments, and commercial properties by Asset Homes Trivandrum in Thiruvananthapuram on MillionFlats. View floor plans, price lists, and brochures.","Asset Homes Trivandrum, Asset Homes Trivandrum Thiruvananthapuram, flats in Thiruvananthapuram, apartments by Asset Homes Trivandrum, buy property Thiruvananthapuram, MillionFlats Thiruvananthapuram",Unique
HiLITE Builders,Kozhikode,Kerala,Creators of South India's premier integrated township and HiLITE Mall.,"HiLITE City is a 100-acre mega township combining Kerala's largest shopping mall, tech parks, and luxury towers.",https://www.hilitebuilders.com,2003,sales@hilitebuilders.com,91 495 281 1122,"HiLITE City, Thondayad Bypass, NH-66, Kozhikode, Kerala, India","HiLITE Builders - Projects, New Launches & Reviews in Kozhikode | MillionFlats","Explore verified RERA projects, luxury apartments, and commercial properties by HiLITE Builders in Kozhikode on MillionFlats. View floor plans, price lists, and brochures.","HiLITE Builders, HiLITE Builders Kozhikode, flats in Kozhikode, apartments by HiLITE Builders, buy property Kozhikode, MillionFlats Kozhikode",Unique
Skyline Builders Calicut,Kozhikode,Kerala,Luxury residential apartments and commercial corporate spaces.,Skyline Builders has built over 25 landmark residential complexes across Wayanad Road and Mavoor Road.,https://www.skylinebuilders.com,1989,calicut@skylinebuilders.com,91 495 276 0000,"Skyline House, Mavoor Road, Kozhikode, Kerala, India","Skyline Builders Calicut - Projects, New Launches & Reviews in Kozhikode | MillionFlats","Explore verified RERA projects, luxury apartments, and commercial properties by Skyline Builders Calicut in Kozhikode on MillionFlats. View floor plans, price lists, and brochures.","Skyline Builders Calicut, Skyline Builders Calicut Kozhikode, flats in Kozhikode, apartments by Skyline Builders Calicut, buy property Kozhikode, MillionFlats Kozhikode",Unique
Ambuja Neotia,Kolkata,West Bengal,"Pioneer in holistic urban architecture, integrated townships, and hospitality.","Ambuja Neotia has created cultural landmarks like City Centre Malls, Udayan, and luxury high-rises in New Town.",https://www.ambujaneotia.com,1993,customercare@ambujaneotia.com,91 33 4040 6060,"Ecospace Business Park, New Town, Rajarhat, Kolkata, West Bengal, India","Ambuja Neotia - Projects, New Launches & Reviews in Kolkata | MillionFlats","Explore verified RERA projects, luxury apartments, and commercial properties by Ambuja Neotia in Kolkata on MillionFlats. View floor plans, price lists, and brochures.","Ambuja Neotia, Ambuja Neotia Kolkata, flats in Kolkata, apartments by Ambuja Neotia, buy property Kolkata, MillionFlats Kolkata",Unique
PS Group,Kolkata,West Bengal,Four-decade pioneer delivering over 100 green buildings in Eastern India.,"PS Group builds luxury high-rises like The Reserve, Anassa, and modern IT parks in Salt Lake Sector V.",https://www.psgroup.in,1985,sales@psgroup.in,91 33 6767 6767,"PS Srijan Corporate Park, Sector V, Salt Lake, Kolkata, West Bengal, India","PS Group - Projects, New Launches & Reviews in Kolkata | MillionFlats","Explore verified RERA projects, luxury apartments, and commercial properties by PS Group in Kolkata on MillionFlats. View floor plans, price lists, and brochures.","PS Group, PS Group Kolkata, flats in Kolkata, apartments by PS Group, buy property Kolkata, MillionFlats Kolkata",Unique
DN Homes,Bhubaneswar,Odisha,Odisha's premier real estate developer of luxury townships and malls.,"DN Homes has created landmark developments like DN Regalia Mall, DN Pallacio luxury villas, and smart high-rises.",https://www.dnhomes.net,2003,sales@dnhomes.net,91 674 247 1122,"DN Regalia, Patrapada, NH-16, Bhubaneswar, Odisha, India","DN Homes - Projects, New Launches & Reviews in Bhubaneswar | MillionFlats","Explore verified RERA projects, luxury apartments, and commercial properties by DN Homes in Bhubaneswar on MillionFlats. View floor plans, price lists, and brochures.","DN Homes, DN Homes Bhubaneswar, flats in Bhubaneswar, apartments by DN Homes, buy property Bhubaneswar, MillionFlats Bhubaneswar",Unique
Mani Tribhuvan (Mani Group),Bhubaneswar,Odisha,Ultra-luxury high-rise residential towers and clubhouses.,Mani Tribhuvan is a 20-acre luxury residential community offering world-class sporting and lifestyle amenities.,https://www.mani-group.com,1980,bhubaneswar@mani-group.com,91 674 232 4455,"Mani Tribhuvan, Raghunathpur, Bhubaneswar, Odisha, India","Mani Tribhuvan (Mani Group) - Projects, New Launches & Reviews in Bhubaneswar | MillionFlats","Explore verified RERA projects, luxury apartments, and commercial properties by Mani Tribhuvan (Mani Group) in Bhubaneswar on MillionFlats. View floor plans, price lists, and brochures.","Mani Tribhuvan (Mani Group), Mani Tribhuvan (Mani Group) Bhubaneswar, flats in Bhubaneswar, apartments by Mani Tribhuvan (Mani Group), buy property Bhubaneswar, MillionFlats Bhubaneswar",Unique
Saakaar Constructions,Patna,Bihar,Bihar's premier real estate developer of integrated green townships.,Saakaar Constructions has delivered over 25 landmark projects including Bihar's first green-rated township Saakaar Aquacity.,https://www.saakaar.com,1996,sales@saakaar.com,91 612 222 1122,"Saakaar Aquacity, Danapur-Khagaul Road, Patna, Bihar, India","Saakaar Constructions - Projects, New Launches & Reviews in Patna | MillionFlats","Explore verified RERA projects, luxury apartments, and commercial properties by Saakaar Constructions in Patna on MillionFlats. View floor plans, price lists, and brochures.","Saakaar Constructions, Saakaar Constructions Patna, flats in Patna, apartments by Saakaar Constructions, buy property Patna, MillionFlats Patna",Unique
Kashyap Green Homes,Patna,Bihar,Mega township and affordable luxury housing leader in Patna.,"Kashyap Green Homes develops expansive residential communities with schools, sports clubs, and shopping plazas.",https://www.kashyapgreenhomes.com,2004,sales@kashyapgreenhomes.com,91 612 254 4455,"Kashyap Green City, Bailey Road, Patna, Bihar, India","Kashyap Green Homes - Projects, New Launches & Reviews in Patna | MillionFlats","Explore verified RERA projects, luxury apartments, and commercial properties by Kashyap Green Homes in Patna on MillionFlats. View floor plans, price lists, and brochures.","Kashyap Green Homes, Kashyap Green Homes Patna, flats in Patna, apartments by Kashyap Green Homes, buy property Patna, MillionFlats Patna",Unique
Pranami Group,Ranchi,Jharkhand,Jharkhand's premier luxury residential and commercial developer.,Pranami Group has constructed landmark luxury towers and commercial complexes across Circular Road and Lalpur.,https://www.pranamigroup.com,2003,sales@pranamigroup.com,91 651 256 1122,"Pranami Heights, Circular Road, Ranchi, Jharkhand, India","Pranami Group - Projects, New Launches & Reviews in Ranchi | MillionFlats","Explore verified RERA projects, luxury apartments, and commercial properties by Pranami Group in Ranchi on MillionFlats. View floor plans, price lists, and brochures.","Pranami Group, Pranami Group Ranchi, flats in Ranchi, apartments by Pranami Group, buy property Ranchi, MillionFlats Ranchi",Unique
Rungta Projects Ranchi,Ranchi,Jharkhand,"Conglomerate building integrated townships, commercial malls, and housing.",Rungta Projects has developed extensive commercial and residential infrastructure across Ranchi.,https://www.rungtaprojects.com,1996,info@rungtaprojects.com,91 651 245 4455,"Rungta House, Main Road, Ranchi, Jharkhand, India","Rungta Projects Ranchi - Projects, New Launches & Reviews in Ranchi | MillionFlats","Explore verified RERA projects, luxury apartments, and commercial properties by Rungta Projects Ranchi in Ranchi on MillionFlats. View floor plans, price lists, and brochures.","Rungta Projects Ranchi, Rungta Projects Ranchi Ranchi, flats in Ranchi, apartments by Rungta Projects Ranchi, buy property Ranchi, MillionFlats Ranchi",Unique
DCHL (Dhanlaxmi),Indore,Madhya Pradesh,Pioneer in grade-A commercial IT parks and luxury residential towers.,Dhanlaxmi delivers landmark corporate business centers and luxury apartments along AB Road and Vijay Nagar.,https://www.dchlrealty.com,2002,sales@dchlrealty.com,91 731 256 1122,"Dhanlaxmi Corporate, AB Road, Indore, Madhya Pradesh, India","DCHL (Dhanlaxmi) - Projects, New Launches & Reviews in Indore | MillionFlats","Explore verified RERA projects, luxury apartments, and commercial properties by DCHL (Dhanlaxmi) in Indore on MillionFlats. View floor plans, price lists, and brochures.","DCHL (Dhanlaxmi), DCHL (Dhanlaxmi) Indore, flats in Indore, apartments by DCHL (Dhanlaxmi), buy property Indore, MillionFlats Indore",Unique
Apollo DB City (DB Group),Indore,Madhya Pradesh,100-acre mega luxury township in prime Nipania corridor.,"Apollo DB City is Indore's prestigious residential township offering luxury apartments, villas, and 5-star clubhouses.",https://www.apollodbcity.com,2006,sales@apollodbcity.com,91 731 245 4455,"Apollo DB City, Nipania, Indore, Madhya Pradesh, India","Apollo DB City (DB Group) - Projects, New Launches & Reviews in Indore | MillionFlats","Explore verified RERA projects, luxury apartments, and commercial properties by Apollo DB City (DB Group) in Indore on MillionFlats. View floor plans, price lists, and brochures.","Apollo DB City (DB Group), Apollo DB City (DB Group) Indore, flats in Indore, apartments by Apollo DB City (DB Group), buy property Indore, MillionFlats Indore",Unique