Business Name,Contact Person,Email,Phone,Website,Years of Experience,Pricing Range,Business Description,Service Areas,Solutions,Integration or Product Type,
Searce Inc. / Searce Technologies,Hardik Parekh (Founder & CEO),sales@searce.com,+91-20-6725-6600,https://www.searce.com,Founded 2004 (22 years),$50 - $99 / hr,"Searce is a modern technology consulting firm specializing in cloud modernization, data engineering, AI solutions, and managed cloud infrastructure across Google Cloud and AWS.","Cloud Migration, Cloud Native Architecture, Data Engineering & Analytics, DevOps & SRE, Managed Cloud Services","GenAI & ML Workflows, Enterprise Data Lakehouse, Kubernetes Modernization, FinOps Cost Governance, Workspace Collaboration","Google Cloud Premier Partner, AWS Advanced Tier Services Partner",
Blazeclan Technologies,Varoon Rajani (Founder & CEO),contact@blazeclan.com,+91-20-6761-4600,https://www.blazeclan.com,Founded 2011 (15 years),$50 - $99 / hr,"Blazeclan is a dedicated cloud consulting company delivering end-to-end cloud migration, digital transformation, and DevOps automation services worldwide.","Cloud Migration & Modernization, DevOps & DevSecOps, 24/7 Managed Cloud Services, Cloud Security, Big Data & Analytics","FinOps Cloud Cost Management, Serverless Architecture, Cloud Automation, Microservices Transformation, Enterprise Data Platforms","AWS Premier Tier Services Partner, Microsoft Solutions Partner, Snowflake Partner",
CloudThat Technologies,Bhavesh Goswami (Founder & CEO),contactus@cloudthat.com,+91-80-4122-5400,https://www.cloudthat.com,Founded 2012 (14 years),$25 - $49 / hr,"CloudThat is a pioneering cloud consulting, architecture modernization, DevOps implementation, and corporate cloud enablement service provider in India.","Cloud Architecture & Migration, DevOps Automation, Cloud Security & Governance, AI/ML Enablement, 24x7 Managed Services","Kubernetes & Container Orchestration, Multi-Cloud Well-Architected Framework, Cloud Disaster Recovery, CI/CD Pipeline Automation","AWS Advanced Tier Services Partner, Microsoft Azure Expert MSP, Google Cloud Partner, VMware Principal Partner",
Minfy Technologies,Vikram Sankaranarayanan (Co-Founder & CEO),info@minfytech.com,+91-40-6733-4400,https://www.minfytech.com,Founded 2016 (10 years),$50 - $99 / hr,"Minfy is a digital transformation company helping commercial enterprises and public sector organizations transition smoothly to agile, cloud-native architectures.","Cloud Migration, Cloud Managed Services, DevOps Engineering, Application Modernization, Cloud Security & Compliance","Autonomous Cloud Management, SAP on Cloud Migration, Microservices Modernization, Cloud Data Platforms, FinOps","AWS Premier Tier Services Partner, Microsoft Solutions Partner, Google Cloud Partner",
Rapyder Cloud Solutions,Amit Rohatgi (CEO & Managing Director),info@rapyder.com,+91-73386-86660,https://www.rapyder.com,Founded 2016 (10 years),$25 - $49 / hr,"Rapyder is an agile, born-in-the-cloud consulting partner providing comprehensive cloud migration, automated CI/CD pipelines, and 24/7 managed infrastructure support.","Cloud Migration, DevOps Automation, Managed Cloud Services, Cloud Security, Database & Serverless Migration","AWS Well-Architected Reviews, CI/CD Automated Pipelines, Cloud Disaster Recovery (DRaaS), Cost Optimization & FinOps",AWS Premier Tier Services Partner,
Quantiphi,Asif Hasan (Co-Founder),contact@quantiphi.com,+91-22-6194-9200,https://www.quantiphi.com,Founded 2013 (13 years),$50 - $99 / hr,"Quantiphi is an AI-first digital engineering and cloud transformation company solving complex industry challenges through cutting-edge data, AI, and cloud modernization.","Applied AI & GenAI, Cloud Modernization, Data Engineering, DevOps & MLOps, Infrastructure Engineering","baioniq Enterprise GenAI, Document AI Platforms, Real-Time Computer Vision, Cloud Data Lakehouse, SRE & Observability","Google Cloud Premier Partner, AWS Premier Tier Services Partner, NVIDIA Elite Partner, Snowflake Partner",
Locuz Enterprise Solutions,Uttam Majumdar (Co-Founder & President),contact@locuz.com,+91-40-4475-4475,https://www.locuz.com,Founded 1999 (27 years),$50 - $99 / hr,"Locuz is a specialized cybersecurity, High Performance Computing (HPC), and hybrid digital infrastructure transformation company.","HPC on Cloud, Hybrid Cloud Operations, Cybersecurity & SecOps, DevOps Automation, Data Center Transformation","ClouTor (HPC Cloud Platform), Cynapto (Managed SOC/SecOps), Infrastructure as Code (IaC), Enterprise Backup & Resiliency","AWS Advanced Tier Services Partner, Microsoft Solutions Partner, Cisco Premier Certified Partner, NetApp Star Partner",
Progressive Infotech,Prateek Garg (Founder & Managing Director),info@progressive.in,+91-120-406-8100,https://www.progressive.in,Founded 1998 (28 years),$25 - $49 / hr,"Progressive Infotech delivers 24x7 managed cloud, digital workplace, and automated IT infrastructure operations across hybrid enterprise environments.","Managed Cloud Operations, Digital Workplace Services, DevOps Enablement, 24x7 NOC/SOC Monitoring, IT Infrastructure Modernization","CentrCircle Managed Cloud Platform, Multi-Cloud Governance, Automated Disaster Recovery, SRE & Proactive IT Ops","AWS Advanced Tier Services Partner, Microsoft Solutions Partner, Nutanix Master Partner",
Umbrella Infocare,Gurprit Singh (Founder & Director),info@umbrellainfocare.com,+91-120-456-4240,https://www.umbrellainfocare.com,Founded 2013 (13 years),$25 - $49 / hr,"Umbrella Infocare (a Noventiq company) specializes in AWS cloud migration, DevOps automation, cloud security governance, and big data engineering.","Cloud Migration, DevOps & Continuous Delivery, Cloud Managed Services, Big Data Engineering, Cloud Security","AWS Well-Architected Implementation, Container Orchestration with Kubernetes, Cloud Governance, Real-Time Analytics Lakehouse",AWS Premier Tier Services Partner,
Niveus Solutions,Suyog Shetty (CEO & Co-Founder),hello@niveussolutions.com,+91-824-222-3456,https://www.niveussolutions.com,Founded 2013 (13 years),$50 - $99 / hr,"Niveus Solutions is a cloud engineering firm delivering large-scale cloud migrations, app modernization, and data/AI solutions primarily on Google Cloud.","Cloud Engineering & Architecture, Application Modernization, Data Engineering & Analytics, DevOps & SRE, Managed Cloud Services","Banking & Financial Cloud Modernization, API-First Digital Architecture, Multi-Cloud Orchestration, Enterprise GenAI Solutions","Google Cloud Premier Partner, Google Cloud MSP",
Trianz,Sri Manchala (Chairman & CEO),info@trianz.com,+91-80-4036-4000,https://www.trianz.com,Founded 2001 (25 years),$50 - $99 / hr,"Trianz accelerates digital execution by guiding enterprises through cloud strategy, data-driven modernization, and infrastructure management platforms.","Cloud Strategy & Migration, DevSecOps Implementation, Digital Workplace Management, Data Architecture & Analytics, Managed Infrastructure","Concierto.cloud (Multi-Cloud Lifecycle Platform), Zero-Touch Autonomous IT Ops, FinOps Governance, Cloud-Native App Engineering","AWS Premier Tier Services Partner, Microsoft Solutions Partner, Google Cloud Partner, Snowflake Partner",
Intuitive.Cloud,Jay Modh (Founder & CEO),info@intuitive.cloud,+91-79-4890-1080,https://www.intuitive.cloud,Founded 2012 (14 years),$50 - $99 / hr,"Intuitive.Cloud is a global cloud, DevOps, SRE, and cybersecurity engineering firm delivering transformation on enterprise multi-cloud platforms.","Cloud Modernization & Migration, DevOps & SRE Engineering, DataOps & AI/ML, Cloud Security & Governance, Software Defined Networking (SD-WAN)","Zero-Trust Architecture, Kubernetes & GitOps Modernization, FinOps as a Service, Cyber Resilience & Threat Intelligence","AWS Premier Tier Services Partner, Microsoft Solutions Partner, Google Cloud Partner, HashiCorp Partner",
InfoBeans,Avinash Sethi (Co-Founder & CEO),contactus@infobeans.com,+91-731-716-2000,https://www.infobeans.com,Founded 2000 (26 years),$25 - $49 / hr,"InfoBeans is a digital transformation software engineering firm building customized cloud architectures, DevOps pipelines, and enterprise software platforms.","Cloud Enablement & Migration, DevOps Implementation, Enterprise App Modernization, Quality Engineering, Product Design","Enterprise ServiceNow Integration, Salesforce Cloud Solutions, Cloud-Native Microservices, Automated CI/CD Testing Frameworks","Microsoft Solutions Partner, AWS Advanced Tier Services Partner, Salesforce Summit Partner, ServiceNow Partner",
Microland,Pradeep Kar (Founder,Chairman & Managing Director),info@microland.com,-9905,https://www.microland.com,Founded 1989 (37 years),$50 - $99 / hr,"Microland is an IT infrastructure services provider making digital infrastructure stable, reliable, and predictable through automated cloud and network management.","Cloud & Data Center Transformation, Digital Networks & SD-WAN, Digital Workplace, Cybersecurity & SRE, AIOps Operations","Intelligeni (AIOps Modernization Platform), SmartBranch Networking, Cloud HybridOps, Microresilience SRE Framework","AWS Premier Tier Services Partner, Microsoft Azure Expert MSP, Cisco Gold Certified Partner"
Sonata Software,Samir Dhir (Managing Director & CEO),info@sonata-software.com,+91-80-6778-1999,https://www.sonata-software.com,Founded 1986 (40 years),$50 - $99 / hr,"Sonata Software delivers modernization engineering services, cloud orchestration, and AI-powered enterprise software transformation.","Cloud Modernization & Migration, Enterprise Data Strategy & AI, DevOps & SRE, Application Engineering, Managed Infrastructure","Harmoni.AI Suite, Modernization Pathways Framework, Lightning Platform Engineering, Platformation Cloud Architecture","Microsoft Azure Expert MSP, AWS Advanced Tier Services Partner, Google Cloud Partner, Snowflake Partner",
Happiest Minds Technologies,Ashok Soota (Executive Chairman),business@happiestminds.com,+91-80-6196-0300,https://www.happiestminds.com,Founded 2011 (15 years),$50 - $99 / hr,"Happiest Minds is a digital transformation IT services company providing cloud infrastructure management, product engineering, and cybersecurity services.","Cloud Infrastructure Management, DevOps Automation, Product Engineering Services, Cyber Security (SOC/SecOps), Analytics & AI","ELLIPSE Cloud Managed Operations, Zero-Trust Cyber Defense, IoT Cloud Integration, Enterprise GenAI Acceleration","Microsoft Solutions Partner, AWS Advanced Tier Services Partner, Google Cloud Partner",
Zensar Technologies,Manish Tandon (CEO & Managing Director),info@zensar.com,+91-20-6607-4000,https://www.zensar.com,Founded 1991 (35 years),$50 - $99 / hr,"Zensar is an engineering and technology solutions company conceptualizing, building, and managing cloud-native software and digital infrastructure.","Cloud Strategy & Engineering, DevOps & Continuous Delivery, Digital Foundation Services, Enterprise App Modernization, Data Engineering","AIOps-Driven Cloud Foundation, Digital Experience Engineering, FinOps Cloud Spend Optimization, Containerized Microservices","Microsoft Azure Expert MSP, AWS Advanced Tier Services Partner, Google Cloud Partner",
Persistent Systems,Sandeep Kalra (CEO & Executive Director),info@persistent.com,+91-20-6703-0000,https://www.persistent.com,Founded 1990 (36 years),$50 - $99 / hr,"Persistent Systems provides digital engineering, enterprise modernization, and next-gen cloud and AI platform development services.","Digital Engineering, Cloud & Infrastructure Modernization, Enterprise DevOps & SRE, Data & Applied AI Engineering, CX Modernization","Persistent SASVA (AI-driven software delivery), Cloud Automation Framework, SRE Platform Engineering, Healthcare & Life Sciences Cloud","AWS Premier Tier Services Partner, Google Cloud Premier Partner, Microsoft Solutions Partner, IBM Platinum Business Partner",
Birlasoft,Angan Guha (CEO & Managing Director),contactus@birlasoft.com,+91-20-6652-5000,https://www.birlasoft.com,Founded 1990 (36 years),$50 - $99 / hr,"Birlasoft combines domain, enterprise, and digital technologies to modernize applications, cloud infrastructure, and operational processes.","Cloud Modernization & Migration, DevOps & Agile Enablement, Enterprise ERP Cloud Transformation, Infrastructure Management Services","Cogito AI Platform, Cloud Migration Factory, Smart Connected Infrastructure, SAP S/4HANA Cloud Integration","Microsoft Solutions Partner, AWS Advanced Tier Services Partner, Oracle Cloud Partner, SAP Gold Partner",
Cybage Software,Arun Nathani (CEO & Managing Director),contactus@cybage.com,+91-20-6604-1700,https://www.cybage.com,Founded 1995 (31 years),$25 - $49 / hr,Cybage is a technology consulting and product engineering firm utilizing data-driven digital operations to drive cloud and DevOps transformation.,"Cloud Engineering & Architecture, DevOps Implementation, Managed Cloud Operations, Quality Engineering, Enterprise App Modernization","DecisionMines Platform for Data-Driven IT, Microservices Architecture, SRE Implementation, Multi-Tenant SaaS Cloud Framework","AWS Advanced Tier Services Partner, Microsoft Solutions Partner, Google Cloud Partner",
Hexaware Technologies,Srikrishna Ramakarthikeyan (CEO & Executive Director),marketing@hexaware.com,+91-22-6859-5000,https://www.hexaware.com,Founded 1990 (36 years),$50 - $99 / hr,Hexaware is an IT and cloud automation service provider delivering autonomous operations and rapid legacy-to-cloud transformation.,"Cloud & Infrastructure Transformation, DevOps & Automation, Enterprise Data Management, Application Modernization, Digital Workplace","Amaze for Cloud (Cloud Replatforming Automation), Tensai (AIOps Platform), FinOps Cost Intelligence, Cyber Security Operations","AWS Premier Tier Services Partner, Microsoft Azure Expert MSP, Google Cloud Premier Partner, Snowflake Elite Partner",
Coforge,Sudhir Singh (CEO & Executive Director),contactus@coforge.com,+91-120-459-2300,https://www.coforge.com,Founded 1992 (34 years),$50 - $99 / hr,"Coforge is a global digital services and solutions provider leveraging cloud, AI, and DevOps to deliver business impact across key industries.","Cloud Infrastructure Services, DevOps & Site Reliability Engineering, Data & Analytics Modernization, Application Transformation","Coforge Quasar AI Platform, Cloud Microservices Transformation, Core Banking & Aviation Cloud Platforms, Hybrid Cloud Ops","Microsoft Azure Expert MSP, AWS Premier Tier Services Partner, Google Cloud Premier Partner",
Mastek,Umang Nahata (CEO),info@mastek.com,+91-22-6695-6888,https://www.mastek.com,Founded 1982 (44 years),$50 - $99 / hr,"Mastek is an enterprise digital and cloud engineering partner delivering digital modernization, cloud infrastructure, and data platforms.","Digital & Cloud Engineering, DevOps & Continuous Delivery, Cloud Migration & Re-architecture, Data Engineering & Analytics","icxPro AI Platform, Cloud Decomplex (Legacy Modernization), Oracle Cloud Transformation, Agile DevSecOps Framework","AWS Advanced Tier Services Partner, Microsoft Solutions Partner, Oracle Cloud Premier Partner, Snowflake Partner",
CitiusTech,Rajan Kohli (CEO),info@citiustech.com,+91-22-6153-6300,https://www.citiustech.com,Founded 2005 (21 years),$50 - $99 / hr,"CitiusTech provides specialized healthcare technology services, cloud modernization, DevOps, and data analytics to global healthcare organizations.","Healthcare Cloud Engineering, DevOps Automation, Healthcare Interoperability & FHIR, Medical Data & AI Modernization, Managed Cloud Ops","Perform+ Suite, Fluid-C (Healthcare Cloud Migration Framework), Healthcare SRE & Resiliency, MedTech Cloud Infrastructure","AWS Advanced Tier Services Partner, Microsoft Solutions Partner, Google Cloud Partner",
LTIMindtree,Debashis Chatterjee (CEO & Managing Director),info@ltimindtree.com,+91-22-6776-6776,https://www.ltimindtree.com,Founded 1996 (30 years),$50 - $99 / hr,"LTIMindtree is a global technology consulting and digital solutions company delivering enterprise-wide cloud modernization, DevOps, and AI.","Cloud Strategy & Migration, DevOps & Platform Engineering, Hybrid Infrastructure Management, Enterprise Data & AI, Cyber Resilience","Infinity Hybrid Cloud Management Platform, Canvas Modernization Platform, Fosfor Decision Cloud, Enterprise FinOps","AWS Premier Tier Services Partner, Microsoft Azure Expert MSP, Google Cloud Premier Partner, Snowflake Elite Partner",
Cynoteck Technology Solutions,Udit Handa (Founder & CEO),sales@cynoteck.com,+91-74548-00099,https://www.cynoteck.com,Founded 2008 (18 years),$25 - $49 / hr,Cynoteck Technology Solutions is a CRM and ERP consulting firm delivering customized digital solutions across Microsoft Dynamics 365 and Salesforce platforms.,"Salesforce Consulting, Microsoft Dynamics 365 CRM & ERP, Power Platform Solutions, Web & Mobile App Development, AI/ML Services","CRM Transformation, Enterprise Workflow Automation, Cloud Migration, Custom Business Application Development","Microsoft Solutions Partner, Salesforce Crest Partner, Adobe Bronze Partner",
Algoworks Technologies,Ajeet Singh (Co-Founder & Director),sales@algoworks.com,+91-120-413-8727,https://www.algoworks.com,Founded 2006 (20 years),$25 - $49 / hr,"Algoworks is a technology consulting company specializing in end-to-end Salesforce CRM implementations, mobile app development, and enterprise cloud integration.","Salesforce Consulting & Implementation, Cloud Infrastructure, Mobile & Web App Development, DevOps Consulting, UI/UX Design","Omni-channel Customer Engagement, Custom CRM Architecture, Enterprise Application Modernization, Digital Process Automation","Salesforce Summit Partner, AWS Advanced Tier Services Partner, Microsoft Partner",
Girikon Solutions,Alok Anibha (Director & Head of Salesforce Practice),sales@girikon.com,+91-98114-00594,https://www.girikon.com,Founded 2015 (11 years),$25 - $49 / hr,"Girikon provides enterprise IT consulting and software development services, focusing on multi-cloud Salesforce integrations and AI-driven CRM solutions.","Salesforce Consulting & Support, AI Agent Integration, Microsoft Dynamics 365, Atlassian Consulting, Web & Mobile Development","CRM Optimization, Multi-Cloud Architecture, Contact Center AI Automation, Enterprise System Integration","Salesforce Crest Partner, Microsoft Gold Partner, Atlassian Gold Solution Partner",
Damco Solutions,Mohit Gupta (CEO & Managing Director),info@damcogroup.com,+91-120-453-3500,https://www.damcogroup.com,Founded 1996 (30 years),$50 - $99 / hr,"Damco Solutions is a technology partner delivering enterprise software engineering, CRM/ERP modernization, and AI-enabled digital transformation services.","Salesforce & Microsoft Dynamics CRM, ERP Modernization, Cloud Transformation (Azure/AWS), Legacy AS/400 Modernization, Custom Software Engineering","InsurTech Automation (BrokerEdge/InsureEdge), Enterprise Workflow Automation, Supply Chain Modernization, Cognitive Data Analytics","Microsoft Solutions Partner, Salesforce Partner, CMMI Level 3 Certified Partner",
Jade Global,Karan Yaramada (Founder & CEO),info@jadeglobal.com,+91-20-6612-8200,https://www.jadeglobal.com,Founded 2003 (23 years),$50 - $99 / hr,"Jade Global provides advisory, integration, and cloud consulting services driving digital transformation across enterprise CRM, ERP, and analytics ecosystems.","Oracle Cloud ERP/SCM/HCM, Salesforce Consulting, ServiceNow Implementation, Microsoft Azure Cloud Services, Data & AI Engineering","Lead-to-Cash Transformation, Supply Chain Orchestration, IT Service Management Modernization, Enterprise Data Warehousing","Salesforce Crest Partner, Oracle Cloud Excellence Partner, ServiceNow Elite Partner, Snowflake Partner",
DemandBlue,Pramod Alluru (CEO),sales@demandblue.com,+91-44-4694-8888,https://www.demandblue.com,Founded 2018 (8 years),$25 - $49 / hr,DemandBlue provides On-Demand Salesforce consulting and advisory services through continuous value delivery and flexible CRM engagement models.,"Salesforce Multi-Cloud Consulting (Sales, Service, Marketing, Revenue, Data Cloud), Agentforce AI Deployment, CPQ Implementation, System Integration","Customer 360 Transformation, Revenue Operations Optimization, AI-Driven Customer Service, Banking Relationship Management","Salesforce Summit Partner, Agentforce Implementation Partner",
Cloud Analogy,Ajay Dubedi (Founder & CEO),info@cloudanalogy.com,+91-120-438-8541,https://www.cloudanalogy.com,Founded 2015 (11 years),$25 - $49 / hr,"Cloud Analogy is a digital transformation and cloud consulting partner delivering full-stack CRM implementation, customization, and cloud app development.","Salesforce Implementation & Customization, AppExchange Product Development, HubSpot & Zoho Integration, Full-Stack Web Development, Data Analytics","CRM Cloud Modernization, Custom API Integration, Marketing Automation Funnels, Field Service Management","Salesforce Summit Partner, HubSpot Certified Solutions Partner",
Dhyey Consulting,Chirag Shah (Managing Director),contact@dhyey.com,+91-265-298-0055,https://www.dhyey.com,Founded 2014 (12 years),$25 - $49 / hr,Dhyey Consulting (a DEV IT company) is an enterprise ERP and CRM consulting firm providing specialized Microsoft Dynamics 365 implementation and industry vertical solutions.,"Microsoft Dynamics 365 Business Central, Dynamics 365 Finance & Operations, Dynamics CRM, Power BI Analytics, Cloud Hosting & Azure Migration","Quality Control Vertical, Vendor & Customer Portal Integration, Indent Management & RFQ, Digital Supply Chain Modernization","Microsoft Solutions Partner, Gold Partner (Business Applications)",
TechForce Services,Vamsi Krishna Gosu (Founder & Director),hello@techforceservices.com,+91-120-422-5400,https://www.techforceservices.com,Founded 2015 (11 years),$50 - $99 / hr,"TechForce Services is a Salesforce Summit partner offering architecture, customization, and system integration services across enterprise cloud platforms.","Salesforce Consulting & Architecture, Salesforce Industries (Vlocity), Agentforce AI Integration, AWS Cloud Integration, Enterprise DevOps","Public Sector & Higher Education Transformation, Financial Services Cloud Deployment, OmniStudio Workflow Automation, Agentic AI Operations","Salesforce Summit Partner, AWS Partner Network",
Grazitti Interactive,Alok Ramsisaria (CEO),info@grazitti.com,+91-172-504-8200,https://www.grazitti.com,Founded 2008 (18 years),$25 - $49 / hr,"Grazitti Interactive is a digital innovation provider delivering enterprise CRM consulting, marketing automation, cognitive search products, and custom cloud integrations.","Salesforce Consulting & Community Cloud, HubSpot & Marketo Automation, Enterprise Search (SearchUnify), Web & Mobile Engineering, BI & Analytics","Cognitive Self-Service Portals, Unified Customer Experience Management, Marketing Attribution Modeling, Data Analytics Dashboards","Salesforce Crest Partner, HubSpot Diamond Partner, Adobe Bronze Partner",
TechMatrix Consulting,Dharamvir Sharma (Founder & Managing Director),contact@techmatrixconsulting.com,+91-120-415-8963,https://www.techmatrixconsulting.com,Founded 2010 (16 years),$25 - $49 / hr,"TechMatrix Consulting is an enterprise cloud and CRM advisory company delivering end-to-end Salesforce implementations, customizations, and digital process workflows.","Salesforce Consulting & Implementation, Einstein AI & Data Cloud, Multi-Cloud Integration, Custom App Development, Managed Support Services","Automotive & FinTech CRM Systems, Higher Ed Student Lifecycle Management, Omnichannel Customer Support, Enterprise Sales Automation",Salesforce Summit Partner,
Aethereus Consulting,Vijay Rayapati / Praveen Sengar (Co-Founders & Leadership),contactus@aethereus.com,+91-20-6723-5500,https://www.aethereus.com,Founded 2019 (7 years),$50 - $99 / hr,"Aethereus Consulting is an award-winning Salesforce Summit consulting partner specializing in multi-cloud architecture, Industry Clouds, and Data Cloud transformations.","Salesforce Industry Clouds (Financial Services, Health Cloud, Manufacturing), Data Cloud & AI, CRM Modernization, Integration Architecture","Multi-Cloud Ecosystem Consolidation, Intelligent Customer Journey Orchestration, Automated Claims & Policy Workflows, Real-time Customer Data Platforms",Salesforce Summit Partner,
ABSYZ Software Consulting,Balesh Lakhani (Co-Founder & CEO),sales@absyz.com,+91-7997-966-174,https://www.absyz.com,Founded 2011 (15 years),$25 - $49 / hr,"ABSYZ (a Youngsoft company) is a pure-play Salesforce consulting firm providing end-to-end CRM implementation, CPQ, Service Cloud, and custom engineering.","Salesforce Implementation & Customization, Salesforce CPQ & Billing, Service Cloud Voice & CTI, DevOps & QA Automation, Managed Support","Enterprise Quote-to-Cash Automation, Contact Center Telephony Modernization, Field Service Lightning Optimization, Cloud Data Migration","Salesforce Crest Partner, Youngsoft Strategic Integration Partner",
Adactin Group,Navin J (CEO & Managing Director),info@adactin.com,+91-120-435-0900,https://www.adactin.com,Founded 2011 (15 years),$50 - $99 / hr,"Adactin Group is an enterprise IT consulting and software engineering firm delivering Microsoft Business Applications, Salesforce integrations, and AI-driven quality engineering.","Microsoft Dynamics 365 & Power Platform, Salesforce Consulting, Quality Engineering & Test Automation, Cloud Application Development, Gen-AI Testing","Enterprise Process Automation, Regulated Industry Software Testing, Microsoft Cloud Transformation, Agile CRM Delivery","Microsoft Solutions Partner, Salesforce Partner, AWS Partner",
Keste,Sri Ayyeppen (Co-Founder & CTO),sales@keste.com,+91-40-6610-8800,https://www.keste.com,Founded 2004 (22 years),$100 - $149 / hr,"Keste (an Argano company) designs, builds, and deploys complex enterprise architectures integrating Oracle ERP, Salesforce CRM, and cloud CPQ platforms.","Oracle ERP Cloud & E-Business Suite, Salesforce Multi-Cloud Consulting, Enterprise CPQ & Billing, B2B Commerce, Hybrid Cloud Integration","Complex Configure-Price-Quote (CPQ) Automation, Enterprise Order-to-Cash Integration, Digital Supply Chain Visibility, B2B Portal Modernization","Oracle Platinum Partner, Salesforce Crest Partner, Argano Digital Platform",
Emtec,Sunil Misra (President & CEO),info@emtecinc.com,+91-20-6604-5000,https://www.emtecinc.com,Founded 1997 (29 years),$50 - $99 / hr,"Emtec is a global IT consulting firm delivering enterprise applications, cloud migration, data analytics, and intelligent automation across Oracle and Salesforce ecosystems.","Oracle Cloud Applications (ERP/HCM/EPM), Salesforce Consulting, Intelligent Automation & RPA, Cloud Migration (AWS/Azure), Cyber Security","OptimateIQ Logistics Automation, Enterprise Resource Planning Migration, Healthcare Data Analytics & BI Center of Excellence, IT Modernization","Oracle Platinum Partner, Salesforce Consulting Partner, Microsoft Gold Partner, Automation Anywhere Partner",
Yash Technologies,Manoj Baheti (Founder & CEO),info@yash.com,+91-731-660-3000,https://www.yash.com,Founded 1996 (30 years),$50 - $99 / hr,"YASH Technologies is a global technology integrator delivering enterprise-grade SAP implementations, Microsoft solutions, and digital infrastructure services.","SAP S/4HANA Implementation & Migration, Microsoft Dynamics 365, Cloud & Infrastructure Managed Services, Salesforce Consulting, Enterprise AI & Automation","Global ERP Modernization, Next-Gen Supply Chain Management, Smart Manufacturing Solutions, Enterprise Digital Core Transformation","SAP Platinum Partner, Microsoft Solutions Partner, AWS Premier Tier Services Partner",
Bristlecone,Nirav Patel (President & CEO),info@bcone.com,+91-20-6623-8888,https://www.bristlecone.com,Founded 1998 (28 years),$100 - $149 / hr,"Bristlecone (a Mahindra Group company) is a leading provider of AI-powered supply chain transformation, enterprise system integration, and digital operations consulting.","SAP Digital Supply Chain (IBP, S/4HANA, Ariba), Snowflake & Data Cloud, Supply Chain Analytics, Enterprise AI Consulting, Cloud Integration","End-to-End Supply Chain Planning & Visibility, Autonomous Procurement, Antifragile Operations, Connected Logistics Platforms","SAP Gold Partner, Snowflake Premier Partner, AWS Advanced Partner",
Nihilent,L.C. Singh (Founder & Director),corpcomm@nihilent.com,+91-20-3984-6100,https://www.nihilent.com,Founded 2000 (26 years),$50 - $99 / hr,Nihilent is a global consulting and services company using design thinking to deliver enterprise SAP/Microsoft ERP integrations and customer experience platforms.,"SAP S/4HANA & SuccessFactors, Microsoft Dynamics 365, Digital Experience & Design Thinking, Data Science & AI, Enterprise Cloud Architecture","Human-Centered Digital Transformation, Intelligent Enterprise ERP Rollout, Media & Entertainment Systems, Banking & Insurance Process Orchestration","SAP Gold Partner, Microsoft Solutions Partner, CMMI Level 5 Certified",
Clover Infotech,Javed Tapia (Founder & Chairman),marketing@cloverinfotech.com,+91-22-6802-2000,https://www.cloverinfotech.com,Founded 1994 (32 years),$25 - $49 / hr,"Clover Infotech is an IT services provider specializing in Oracle ERP/database consulting, Microsoft technologies, cloud managed services, and enterprise integration.","Oracle ERP Cloud & E-Business Suite, Database Administration & Migration, Microsoft 365 & Azure, DevOps & Automation, Cybersecurity Operations","Core Banking IT Operations, Enterprise Database Modernization, Managed Cloud Infrastructure, Automated ERP Maintenance","Oracle Platinum Partner, Microsoft Gold Partner, AWS Consulting Partner",
Inspirisys Solutions,Malcolm F. Mehta (Chairman & CEO),reachus@inspirisys.com,+91-44-4225-2000,https://www.inspirisys.com,Founded 1991 (35 years),$25 - $49 / hr,"Inspirisys Solutions (a CAC Holdings Group company) provides enterprise IT infrastructure, cloud computing, IoT, security, and systems integration services across Asia and the US.","Enterprise System Integration, Cloud Infrastructure (AWS/Azure), Cybersecurity & SOC, Banking & Financial Solutions, Warranty & Lifecycle Management","Smart Banking Branch Automation, Enterprise Infrastructure Modernization, Zero-Trust Cyber Defense, Industrial IoT Remote Monitoring","Microsoft Solutions Partner, Oracle Partner Network, Cisco Gold Certified Partner",
Datamatics Global Services,Rahul L. Kanodia (Vice Chairman & CEO),business@datamatics.com,+91-22-6102-0000,https://www.datamatics.com,Founded 1975 (51 years),$50 - $99 / hr,"Datamatics is a global digital technologies and operations firm delivering intelligent automation, enterprise ERP/CRM integration, and AI-powered document processing platforms.","Robotic Process Automation (TruBot), Intelligent Document Processing (TruCap+), Salesforce & Microsoft Dynamics Integration, Cloud Engineering, BI & Analytics","Automated Financial Reconciliation, Automated Fare Collection (Transit), Cognitive Enterprise Content Management, AI Speech-to-Text Analytics","Microsoft Solutions Partner, Salesforce Partner, SAP Partner, AWS Advanced Partner",
Kellton Tech Solutions,Krishna Chintam (Global CEO & Managing Director),info@kellton.com,+91-40-4433-3000,https://www.kellton.com,Founded 2009 (17 years),$25 - $49 / hr,"Kellton is a global digital transformation and enterprise systems integration firm providing comprehensive SAP ERP, Salesforce CRM, and AI modernization services.","SAP S/4HANA Implementation & Support, Salesforce Multi-Cloud Solutions, Cloud Engineering & DevOps, Legacy Modernization (Phoenix.AI), IoT & Custom Apps","AI-Powered Legacy Modernization, Connected Enterprise IoT, Omni-channel Commerce Platforms, Enterprise Cloud Migration","SAP Gold Partner, Salesforce Summit Partner, AWS Premier Tier Partner, MuleSoft Partner",
Rolta India,Kamal K. Singh (Chairman & Managing Director),roltacorp@rolta.com,+91-22-2926-6666,https://www.rolta.com,Founded 1989 (37 years),$50 - $99 / hr,"Rolta India provides specialized IP-led enterprise IT solutions, geospatial system integration, and engineering ERP transformation for defense, government, and heavy industries.","Geospatial Enterprise Integration, SAP ERP & Oracle E-Business Integration, Big Data Analytics (Rolta OneView), Infrastructure Engineering, Cyber Security","Operational Intelligence & Asset Management, Smart City Geospatial Integration, Critical Infrastructure Defense, Enterprise Fusion Analytics","Oracle Platinum Partner, SAP Strategic Partner, Hexagon Geospatial Partner",
3i Infotech,Thompson P. Gnanam (Managing Director & Global CEO),corporate@3i-infotech.com,+91-22-7123-8000,https://www.3i-infotech.com,Founded 1993 (33 years),$25 - $49 / hr,"3i Infotech is an IT solutions and digital transformation company offering proprietary financial software platforms, enterprise cloud orchestration, and ERP integrations.","Core Banking & Insurance Software (Kastle/Premia), Oracle & SAP ERP Integration, Cloud-Native Infrastructure (NuRe), Application Modernization, QA & Testing","Universal Lending & Credit Automation, InsurTech Claims & Policy Administration, Fraud Risk Analytics, Multi-Cloud Hybrid Integration","Oracle Gold Partner, Microsoft Solutions Partner, AWS Consulting Partner",
Bacancy Technology,Chandresh Patel (Founder & Managing Director),solutions@bacancy.com,+91-79-4005-5074,https://www.bacancytechnology.com,Founded 2011 (15 years),$25 - $49 / hr,"Bacancy Technology is an agile software development, product engineering, and digital transformation company providing dedicated development teams and enterprise software solutions.","Custom Software Development, Web & Mobile App Development, Product Engineering, Cloud & DevOps, Dedicated Developer Teams","SaaS Platform Development, Enterprise Mobility, IoT Integration, AI & Bot Solutions, Legacy Modernization","Full-Stack Custom Engineering, React/Node.js/Python Ecosystem, AWS/Azure Integration, Flutter & React Native",
Simform,Prayaag Kasundra (Co-Founder & CEO),contactus@simform.com,+91-79-6617-2000,https://www.simform.com,Founded 2010 (16 years),$25 - $49 / hr,Simform is a digital product engineering company and AWS Premier Tier Services Partner that helps enterprises and startups build scalable digital products and cloud-native applications.,"Custom Software Development, Digital Product Engineering, Cloud & DevOps, AI/ML Engineering, Quality Engineering","Cloud Modernization & Migration, Enterprise Mobility, Microservices Architecture, Generative AI & Machine Learning, SaaS Engineering","AWS/Azure Cloud-Native Engineering, Python/Node.js/Go Full-Stack, React/Next.js, Cross-Platform Mobile (Flutter/React Native)",
Radixweb,Divyesh Patel (Co-Founder & CEO),biz@radixweb.in,+91-79-3520-0685,https://radixweb.com,Founded 2000 (26 years),$25 - $49 / hr,"Radixweb is a custom software development and digital transformation consultancy that builds scalable, secure, and enterprise-grade software platforms for global clients.","Custom Software Development, Web Application Development, Mobile App Development, Cloud Modernization, Dedicated Engineering Teams","Enterprise Application Modernization, Embedded AI & Analytics, CRM/ERP Integration, SaaS Product Engineering, Digital Experience Platforms","Microsoft .NET Core & Azure Ecosystem, Full-Stack Angular/React/Node.js, Mobile iOS/Android, Cloud-Native Microservices",
Hidden Brains InfoTech,Vishal Chhawchharia (Co-Founder & CEO),biz@hiddenbrains.com,+91-989-802-1433,https://www.hiddenbrains.com,Founded 2003 (23 years),$25 - $49 / hr,"Hidden Brains is an enterprise software and IT consulting company delivering digital product engineering, enterprise mobility, and AI-driven solutions across global markets.","Custom Software Development, Mobile Application Development, Web Development, Cloud & DevOps, UI/UX Design, IT Staff Augmentation","Enterprise Mobility, IoT & Smart Devices, AI & Cognitive Solutions, Smart City Solutions, Supply Chain & Logistics Automation","Cross-Platform Mobile Engineering (Flutter/React Native), Java/Spring Boot & Python Backends, AWS/Google Cloud Integrations",
TatvaSoft,Manish Patel (Founder & CEO),info@tatvasoft.com,+91-960-142-1472,https://www.tatvasoft.com,Founded 2001 (25 years),< $25 / hr,"TatvaSoft is a CMMI Level 3 and Microsoft Solutions Partner offering bespoke software development, product engineering, and enterprise mobility solutions across diverse domains.","Custom Software Development, Web Development, Mobile App Development, Dedicated Development Center, Software Testing & QA, UI/UX Design","Enterprise Mobility, Cloud Integration, Big Data & Analytics, Legacy Application Modernization, eCommerce & Retail Platforms","Microsoft .NET & Java Frameworks, React/Angular/Node.js, Native iOS/Android & Flutter, Microsoft Azure Cloud",
Mindinventory,Mehul Rajput (Co-Founder & CEO),sales@mindinventory.com,+91-951-229-3490,https://www.mindinventory.com,Founded 2011 (15 years),$25 - $49 / hr,"Mindinventory is a digital product engineering and mobility agency that designs and builds cutting-edge mobile apps, web platforms, and AI-driven software for startups and enterprises.","Custom Software Development, Mobile App Development, UI/UX Design, Cloud & DevOps, AI/ML Engineering, Dedicated Team Extension","Enterprise Mobility, SaaS Product Engineering, Generative AI & Computer Vision, IoT & Wearable Tech, Blockchain & FinTech Solutions","Flutter & React Native Cross-Platform, Golang/Node.js/Python Backends, Cloud Infrastructure (AWS/GCP), Modern Frontend Frameworks",
Hyperlink InfoSystem,Harnil Oza (Founder & CEO),info@hyperlinkinfosystem.com,+91-800-016-1161,https://www.hyperlinkinfosystem.com,Founded 2011 (15 years),< $25 / hr,"Hyperlink InfoSystem is a prominent IT consulting and custom software development company specializing in mobile app development, web solutions, AI, and blockchain applications.","Custom Software Development, Mobile App Development (iOS/Android), Game Development, Web Development, AI & Big Data, Blockchain Development","Enterprise Mobility, On-Demand App Solutions, AR/VR Experiences, AI Chatbots & Automation, Metaverse & NFT Platforms","Native iOS/Android (Swift/Kotlin), Flutter & React Native, Node.js/PHP/Laravel Frameworks, AWS Cloud Solutions",
Specbee,Ashirwad Shetty (Co-Founder & CEO),prash@specbee.com,+91-80-8434-2167,https://www.specbee.com,Founded 2015 (11 years),$50 - $99 / hr,"Specbee is a digital engineering consultancy specializing in enterprise Drupal development, digital experience platforms (DXP), and custom web and cloud software architectures.","Enterprise Drupal Development, Custom Web Application Development, Digital Strategy & Consulting, UX/UI Design, Continuous Support & Maintenance","Digital Experience Platforms (DXP), Headless CMS Architecture, Enterprise Content Management, High-Traffic Portal Engineering, Multi-Site Architectures","Drupal & Acquia Ecosystem, Decoupled/Headless React & Next.js Frontends, PHP/Symfony Backend, AWS Cloud Infrastructure",
ValueCoders,Parvesh Aggarwal (Founder & CEO),partners@valuecoders.com,+91-888-210-8080,https://www.valuecoders.com,Founded 2004 (22 years),< $25 / hr,ValueCoders is an Indian offshore software development and IT staff augmentation company providing dedicated development teams and custom application engineering globally.,"Custom Software Development, Dedicated Developer Teams, Mobile App Development, Web Application Development, Quality Assurance & Testing","SaaS Platform Development, Business Process Automation, Multi-Agent AI Solutions, Application Modernization, eCommerce Engineering","Full-Stack JavaScript (React/Angular/Node.js), Python & Django, Java/Spring Boot, Cross-Platform Mobile (React Native/Flutter)",
Cabot Technology Solutions,Venkatesh Thyagarajan (Co-Founder & Director),venkatesh@cabotsolutions.com,+91-484-406-0300,https://www.cabotsolutions.com,Founded 2006 (20 years),$25 - $49 / hr,"Cabot Technology Solutions is a specialized product engineering and digital consulting company focusing on healthcare IT, enterprise mobility, and custom cloud applications.","Custom Software Development, Healthcare IT Engineering, Mobile App Development, UI/UX Strategy, Quality Engineering, Cloud Solutions","Healthcare Interoperability (HIPAA/FHIR), Telehealth Platforms, Enterprise Mobility, IoT Connected Health, Cloud-Native Architectures","React/React Native Ecosystem, Python/Django, Node.js, Microsoft .NET, AWS/Azure Cloud Integrations",
Net Solutions,Sameer Jain (Founder & CEO),sameer@netsolutions.co.in,+91-172-506-5000,https://www.netsolutions.com,Founded 2000 (26 years),$25 - $49 / hr,"Net Solutions is a full-cycle software development and product design agency that builds human-centric digital products, mobile apps, and enterprise platforms.","Custom Software Development, Product Engineering, Digital Experience Design (UI/UX), Cloud & DevOps Engineering, Mobile App Development","Enterprise Mobility, eCommerce Platform Modernization, Data Analytics & AI, SaaS Product Architecture, Legacy Transformation","Full-Stack Node.js/React/Angular, Mobile iOS/Android/Flutter, Cloud Architectures on AWS/GCP, Headless Commerce Platforms",
Fingent,Varghese Samuel (Founder,CEO & Managing Director),contact@fingent.com,-5111,https://www.fingent.com,Founded 2003 (23 years),$25 - $49 / hr,"Fingent is an enterprise software development and technology consulting company delivering end-to-end digital transformation, cloud applications, and AI solutions.","Custom Software Development, Enterprise Application Modernization, Mobile App Development, SAP Consulting & Integration, AI/ML Solutions","Enterprise Mobility, Cloud Migration, Supply Chain & Logistics Platforms, Real Estate Tech, FinTech & InsurTech Platforms","Microsoft .NET/Azure, Java/Spring Boot, SAP S/4HANA Integrations, React Native & Flutter Mobile Apps, Python/AI Frameworks"
Promact Infotech,Chintan Shah (Founder & Chairman),info@promactinfo.com,+91-265-268-0808,https://promactinfo.com,Founded 2003 (23 years),$25 - $49 / hr,"Promact Infotech is a boutique product engineering and custom software development company building high-performance web, mobile, and cloud applications.","Custom Software Development, Product Engineering, Mobile Application Development, Cloud Architecture & DevOps, UI/UX Engineering","Enterprise Mobility, SaaS Product Development, Microservices Architectures, Data Pipeline Engineering, Agile Team Augmentation","Full-Stack TypeScript/Node.js, React/Angular Ecosystems, Python/FastAPI, AWS/Azure Infrastructure, Native/Hybrid Mobile",
eSparkBiz Technologies,Harikrishna Kundariya (Founder & CEO),solutions@esparkinfo.com,+91-806-844-2330,https://www.esparkinfo.com,Founded 2010 (16 years),< $25 / hr,"eSparkBiz is a CMMI Level 3 custom software and web development firm delivering agile digital solutions, mobile apps, and dedicated engineering teams to SMEs and enterprises.","Custom Software Development, Web Development, Mobile App Development, Dedicated Development Teams, DevOps & Cloud Services, QA Testing","Enterprise Mobility, SaaS Platform Engineering, AI & Chatbot Integration, FinTech Platforms, IoT Application Development","Node.js/React/Angular Full-Stack, Python/Django, Cross-Platform Flutter & React Native, AWS Cloud Hosting",
Brainvire Infotech,Chintan Shah (Founder & CEO),info@brainvire.com,+91-22-6116-3300,https://www.brainvire.com,Founded 2000 (26 years),$25 - $49 / hr,"Brainvire Infotech is a global digital transformation and IT consulting firm offering full-funnel custom software engineering, enterprise mobility, and omnichannel commerce.","Custom Software Development, Enterprise Mobility, Omnichannel eCommerce (Adobe Commerce/Shopify/Odoo), Cloud & DevOps, AI/ML Solutions","ERP/CRM Modernization, Omnichannel Retail Solutions, Supply Chain Automation, FinTech & Healthcare Mobility, Generative AI Workflows","Adobe Commerce/Magento, Odoo ERP, Microsoft .NET, Node.js/Python, React Native & Flutter Mobile Apps, AWS/Azure",
Clarion Technologies,Ankur Agarwal (Founder & President),info@clariontech.com,+91-20-6725-7000,https://www.clariontech.com,Founded 2000 (26 years),$25 - $49 / hr,Clarion Technologies delivers dedicated software engineering teams and custom technology solutions through its unique agile engagement and talent curation model.,"Custom Software Development, Dedicated Developer Teams, Web & Mobile App Development, Cloud Strategy & DevOps, Software QA & Testing","Enterprise Mobility, Application Modernization, Content Management Systems, Analytics & BI Dashboards, SaaS Platform Development","Full-Stack .NET Core/Java/Python, React/Angular/Vue.js Frontends, Mobile iOS/Android, Cloud Deployment (AWS/Azure)",
Maruti Techlabs,Mitul Makadia (Founder & CEO),mitul.makadia@marutitech.com,+91-987-910-1067,https://marutitech.com,Founded 2009 (17 years),$25 - $49 / hr,"Maruti Techlabs is an award-winning product strategy, design, and engineering partner specializing in custom software, generative AI, bot development, and cloud systems.","Custom Software Development, Product Engineering & Strategy, AI & Machine Learning Development, Chatbot/Conversational AI Development, Cloud & DevOps","Conversational AI & Chatbots (WotNot), Generative AI Integration, Enterprise Mobility, Robotic Process Automation (RPA), SaaS Product Engineering","Python/Node.js Backend Architecture, React/Next.js Frontends, AWS/Google Cloud Ecosystems, Native & Hybrid Mobile Frameworks",
QBurst Technologies,Prathapan Sethu (Co-Founder & CEO),info@qburst.com,+91-471-270-0084,https://www.qburst.com,Founded 2004 (22 years),$25 - $49 / hr,"QBurst is a full-lifecycle product engineering and consulting company providing enterprise web, mobile, cloud-native, and advanced data/AI solutions to global clients.","Custom Software Development, Mobile App Engineering, Cloud Computing & DevOps, Data Analytics & Big Data, AI/ML Engineering, UI/UX Design","Enterprise Mobility, Big Data Engineering, Industrial IoT Solutions, AI & Computer Vision, Serverless Microservices Architectures","Python/Java/Node.js Full-Stack, Flutter & React Native, AWS/Azure/GCP Cloud Architecture, Salesforce & Cloud Integrations",
Intuz,Kamal Rupareliya (Co-Founder & CEO),getstarted@intuz.com,+91-79-4032-1111,https://www.intuz.com,Founded 2008 (18 years),$25 - $49 / hr,"Intuz is a premier custom software and AI development company specializing in cloud infrastructure, IoT connectivity, enterprise mobility, and custom digital platforms.","Custom Software Development, Mobile App Development, AI & Generative AI Solutions, IoT & Hardware Integration, Cloud Consulting (AWS)","Enterprise Mobility, IoT Remote Monitoring & Management, Custom Generative AI Applications, SaaS Product Engineering, AWS Cloud Automation","AWS Cloud-Native Serverless, Flutter/React Native Mobile Apps, Python/Node.js Backends, React/Vue.js Frontends",
Konstant Infosolutions,Vipin Jain (Co-Founder & CEO),mail@konstantinfo.com,+91-141-229-1398,https://www.konstantinfo.com,Founded 2003 (23 years),< $25 / hr,"Konstant Infosolutions is an established mobile app and custom software development company creating innovative digital solutions for startups, SMBs, and Fortune 500 enterprises.","Custom Software Development, Mobile App Development (iOS/Android), Cross-Platform App Development, Web Development, UI/UX Design, IT Consulting","Enterprise Mobility, On-Demand Delivery Solutions, Wearable & IoT Apps, eCommerce & Marketplace Platforms, Cloud & DevOps Infrastructure","React Native & Flutter Mobile Apps, Swift/Kotlin Native Apps, Node.js/PHP/Python Frameworks, AWS Cloud Solutions",
Appinventiv,Saurabh Singh (Co-Founder & CEO),info@appinventiv.com,+91-120-410-3200,https://appinventiv.com,Founded 2015 (11 years),$25 - $49 / hr,"Appinventiv is a global digital product engineering and mobility leader helping enterprises and high-growth startups design, build, and scale transformative digital products.","Custom Software Development, Mobile App Development, Digital Product Engineering, Cloud & DevOps, AI/ML Development, Blockchain & Web3","Enterprise Mobility, FinTech & Digital Banking Platforms, HealthTech & Telemedicine, Supply Chain & Logistics Automation, Generative AI Platforms","Full-Stack Microservices (Java/Node.js/Go), iOS & Android Native/Hybrid (Flutter/React Native), AWS/Azure/GCP Cloud Architecture",
Space-O Technologies,Rakesh Patel (Founder & CEO),sales@spaceotechnologies.com,+91-982-411-5099,https://www.spaceotechnologies.com,Founded 2010 (16 years),$25 - $49 / hr,"Space-O Technologies is a custom software and mobile app development company that develops AI-powered software, enterprise mobility solutions, and high-performance digital apps.","Custom Software Development, Mobile App Development, AI/ML Development, Web Application Development, Dedicated Developer Teams, UI/UX Design","Enterprise Mobility, On-Demand Transportation & Delivery, Health & Fitness Applications, Generative AI & Chatbots, SaaS Product Development","Swift & Kotlin Native Mobile, Flutter & React Native, Python/Node.js/PHP Backend APIs, AWS & Google Cloud Infrastructure",
PixelCrayons,Parvesh Aggarwal (Founder & CEO),sales@pixelcrayons.com,+91-888-210-8080,https://www.pixelcrayons.com,Founded 2004 (22 years),< $25 / hr,PixelCrayons is an award-winning digital consulting and custom software engineering company delivering offshore software development and dedicated engineering teams worldwide.,"Custom Software Development, Mobile App Development, Web Development, Dedicated Developer Teams, Digital Transformation Consulting, DevOps","Enterprise Mobility, eCommerce Solutions, Business Process Automation, CMS & Portal Development, AI & Machine Learning Integration","Full-Stack JavaScript (React/Angular/Node.js), PHP & Laravel, Python/Django, Hybrid & Native Mobile (Flutter/React Native)",
Volansys Technologies,Manan Patel (Founder & CEO),business@volansys.com,+91-79-4004-1994,https://volansys.com,Founded 2008 (18 years),$25 - $49 / hr,"Volansys Technologies (an ACL Digital Company) is a product engineering services leader delivering end-to-end hardware, embedded software, cloud, and IoT mobility solutions.","Product Engineering, Embedded Systems & Hardware Engineering, IoT Solutions, Cloud & DevOps, Custom Software Development, QA & Test Automation","Connected IoT Devices & Gateways, Edge AI & Machine Learning, Automotive & Industrial Automation, Healthcare Mobility & Medical Devices, Smart Home Systems","Embedded C/C++, RTOS, Linux Kernel, AWS IoT Core & Azure IoT Hub, Python/Node.js, Mobile IoT Companion Apps (iOS/Android)",
Indium Software,Ram Sukumar (Co-Founder & CEO),info@indiumsoftware.com,+91-44-6606-9101,https://www.indium.tech,Founded 1999 (27 years),$25 - $49 / hr,"Indium Software (Indium) is a digital engineering and data solutions provider specializing in application engineering, generative AI, advanced analytics, and digital QA.","Application Engineering, Digital Assurance & QA Testing, Advanced Analytics & Big Data, AI/ML Engineering, Cloud Migration & DevOps","Enterprise Mobility, Generative AI & Data Platforms (teX.ai), Low-Code Development, Cloud Modernization, Gaming & Immersive Tech","Python & Big Data Ecosystems (Spark/Databricks), Modern Web Frameworks (React/Angular), AWS/Azure/GCP Data Platforms, Mobile & Low-Code Platforms",
Tiger Analytics,Mahesh Kumar (Founder & CEO),info@tigeranalytics.com,+91-44-6740-4000,https://www.tigeranalytics.com,Founded 2011 (15 years),$50 - $99 / hr,"Tiger Analytics is an AI and advanced analytics consulting firm helping Fortune 500 enterprises solve complex operational challenges through data science, machine learning, and data engineering.","Advanced AI & Machine Learning, Data Engineering, MLOps, Business Intelligence Roadmap, Decision Sciences, Data Governance","Predictive Maintenance, Customer Analytics & Personalization, Supply Chain Optimization, Pricing & Revenue Management, AI Model Risk Governance","Microsoft Solutions Partner, Databricks Elite Partner, Snowflake Premier Partner, AWS Advanced Tier Partner",
Tredence,Shub Bhowmick (Co-Founder & CEO),info@tredence.com,+91-80-4965-0100,https://www.tredence.com,Founded 2013 (13 years),$50 - $99 / hr,"Tredence is a global data science and AI solutions provider focused on solving the last-mile adoption problem of enterprise analytics across retail, CPG, healthcare, and industrials.","Enterprise AI & GenAI, Data Engineering, Last-Mile AI Adoption, MLOps, Business Analytics, Composable Data Architecture","Supply Chain Real-Time Control Tower, Retail Customer Cosmos, Healthcare & Life Sciences AI, Revenue Growth Management (RGM), Agentic AI Accelerators","Databricks Elite Partner, Snowflake Premier Partner, Google Cloud Premier Partner, AWS Advanced Tier Partner",
LatentView Analytics,Rajan Sethuraman (CEO) / Venkat Viswanathan (Founder & Chairman),sales@latentview.com,+91-44-6650-5000,https://www.latentview.com,Founded 2006 (20 years),$50 - $99 / hr,"LatentView Analytics is a publicly listed digital analytics consultancy that provides end-to-end data science, data engineering, and business advisory services to empower data-driven growth.","Marketing Analytics, Customer Analytics, Supply Chain Analytics, Data Engineering & Cloud Modernization, GenAI Solutions","Aura (Retail Media Intelligence), BeagleGPT (AI Analytics Assistant), ConnectedView (Supply Chain Visibility), MatchView (Retail Optimization), OneCustomerView","Microsoft Gold Partner, Snowflake Elite Partner, Databricks Partner, AWS Advanced Consulting Partner",
Saras Analytics,Krishna Poda (Co-Founder & CEO),contact@sarasanalytics.com,+91-40-4853-4853,https://www.sarasanalytics.com,Founded 2016 (10 years),$25 - $49 / hr,Saras Analytics is an enterprise data management and predictive analytics firm that accelerates multichannel sales and profitability for high-growth e-commerce and D2C brands.,"E-commerce Data Integration, Customer Data Platform (CDP), Marketing Attribution, Predictive Analytics, Cloud Data Warehousing","Daton (Automated ETL/ELT E-commerce Pipeline), Saras Pulse (D2C Growth & Analytics Platform), Amazon Brand Advertising & Inventory Optimization","Google Cloud Partner, Snowflake Partner, BigQuery & Databricks Integrated, Shopify & Amazon Selling Partner",
Mu Sigma,Dhiraj Rajaram (Founder & CEO),info@mu-sigma.com,+91-80-6712-4000,https://www.mu-sigma.com,Founded 2004 (22 years),$50 - $99 / hr,"Mu Sigma is a pioneer in decision sciences and big data analytics, helping Fortune 500 enterprises institutionalize data-driven decision-making across complex business ecosystems.","Decision Sciences, Big Data Architecture, Advanced Analytics-as-a-Service, Supply Chain & Risk Analytics, AI & ML Consulting","muUniverse (Decision Orchestration Platform), Customer Lifetime Value Optimization, Demand Sensing & Inventory Forecasting, Marketing ROI Maximization","Enterprise Big Data & Cloud Solutions Partner (AWS, Microsoft Azure, Google Cloud, Apache Spark Ecosystem)",
Affine Analytics,Vineet Kumar (Co-Founder & CEO),info@affine.ai,+91-80-4122-4467,https://affine.ai,Founded 2011 (15 years),$25 - $49 / hr,"Affine is an AI and data engineering consultancy that delivers transformative analytics solutions across gaming, manufacturing, retail, and CPG enterprises globally.","Artificial Intelligence, Data Engineering, Generative AI, Computer Vision, Cloud Migration & BI","Gaming Player Analytics & Monetization, Smart Factory Predictive Quality AI, Dynamic Pricing Engines, Retail Customer Lifetime Value Analysis","AWS Advanced Consulting Partner, Microsoft Gold Partner, Databricks Partner, Snowflake Partner",
Krish TechnoLabs,Jitesh Keswani (Founder & CEO),info@krishtechnolabs.com,+91-79-2640-5000,https://www.krishtechnolabs.com,Founded 2003 (23 years),$50 - $99 / hr,"Krish TechnoLabs is a digital commerce agency delivering enterprise eCommerce transformation, headless architectures, and omnichannel digital experiences for global brands.","Enterprise E-commerce Development, Composable/Headless Commerce, Omnichannel Strategy, Cloud Migration, CRO & Performance Marketing","B2B/B2C Multi-Store Commerce, Adobe Experience Platform Integrations, Headless PWA Frontends, ERP/CRM Marketplace Middleware","Adobe Specialized Partner (Commerce / Magento Gold Partner), Shopify Plus Partner, commercetools Partner, Spryker Partner",
CedCommerce,Abhishek Jaiswal (Co-Founder & CEO),support@cedcommerce.com,+91-723-497-6892,https://cedcommerce.com,Founded 2010 (16 years),$25 - $49 / hr,"CedCommerce is a global multichannel commerce enabler providing marketplace integration tools, store development, and custom e-commerce automation for merchants and enterprises.","Multichannel Marketplace Integration, Headless Commerce Development, Custom Extension Development, Mobile App Commerce, SaaS Platform Engineering","CedCommerce Multi-Channel Integration Hub, Walmart / eBay / Amazon Connectors, Magento Multi-Vendor Marketplace Suite, Shopify Plus Automation Apps","Shopify Plus Partner, Adobe Commerce Bronze Partner, BigCommerce Elite Partner, Meta & Google Shopping Partner",
Embitel Technologies,Sharad Bairathi (Managing Director & CEO),sales@embitel.com,+91-80-4169-4200,https://www.embitel.com,Founded 2006 (20 years),$50 - $99 / hr,"Embitel Technologies is a digital transformation consultancy delivering end-to-end digital commerce platforms, cloud solutions, and automotive IoT engineering.","Digital Commerce Engineering, Composable Architecture, Cloud & DevOps, IoT & Embedded Systems, UI/UX Design","Omnichannel B2B/B2C Retail Platforms, Connected Vehicle & Mobility Solutions, PIM/DAM Integrations, Headless API-First Commerce","Adobe Commerce Silver Partner, SAP Silver Partner, Shopify Plus Partner, Acquia Partner",
Aureate Labs,Jaymin Bhuptani (Founder & CEO),hello@aureatelabs.com,+91-997-909-7756,https://aureatelabs.com,Founded 2014 (12 years),$25 - $49 / hr,"Aureate Labs is a performance-focused digital commerce agency specializing in headless frontends, Hyvä theme implementations, and scalable Magento & Shopify architectures.","Headless E-commerce Development, Magento/Adobe Commerce Engineering, Hyvä Theme Development, Performance Optimization & Core Web Vitals, Shopify Plus Builds","Hyvä-Powered High-Speed E-commerce, PWA Mobile Commerce Solutions, Custom B2B Commerce Portals, Third-Party ERP/Payment Integrations","Adobe Certified Commerce Solution Partner, Official Hyvä Theme Partner, Shopify Partner",
Webkul Software,Vipin Sahu (Co-Founder & CEO),sales@webkul.com,+91-999-006-4874,https://webkul.com,Founded 2010 (16 years),$25 - $49 / hr,"Webkul is an enterprise e-commerce product and solution engineering company renowned for creating marketplace, ERP/CRM, and headless commerce extensions globally.","Marketplace Development, Mobile App Commerce, ERP & CRM Integration, Headless & PWA Engineering, Open Source Commerce Development","Multi-Vendor Marketplace Modules, Bagisto (Open-Source Laravel E-commerce Platform), Krayin CRM, Odoo & Salesforce Enterprise Connectors","Adobe Commerce Bronze Partner, Salesforce Partner, Shopify Plus Partner, Odoo Ready Partner",
Elsner Technologies,Harshal Shah (Founder & CEO),sales@elsner.com,+91-79-4006-2525,https://www.elsner.com,Founded 2006 (20 years),$25 - $49 / hr,"Elsner Technologies is an AI-driven digital transformation and web development company providing custom e-commerce stores, cloud solutions, and digital marketing services.","E-commerce Development, Custom Web Application Engineering, Mobile App Development, AI Integration & Consulting, SEO & Digital Marketing","Custom Magento & Shopify Stores, WooCommerce B2B Systems, Enterprise Cloud Migration, AI-Driven Product Recommendation Engines","Adobe Certified Partner, Shopify Partner, BigCommerce Certified Partner, Google Partner",
Magneto IT Solutions,Nitesh Behani (Founder & CEO),info@magnetoitsolutions.com,+91-909-906-6101,https://magnetoitsolutions.com,Founded 2009 (17 years),$25 - $49 / hr,"Magneto IT Solutions is an AI-led digital commerce agency delivering enterprise-grade B2B and D2C platforms, headless architectures, and growth marketing for market leaders.","B2B/D2C E-commerce Development, Composable & Headless Commerce, Custom Mobile App Development, UI/UX Strategy, Conversion Rate Optimization (CRO)","OroCommerce B2B Portals, Magento Enterprise Transformations, Composable PWA Storefronts, Multi-Channel Commerce Integration","Adobe Bronze Solution Partner, OroCommerce Certified Partner, Shopify Plus Partner, commercetools Partner",
Softura,Kabir Mahendru (CEO),info@softura.com,+91-44-6663-8888,https://www.softura.com,Founded 1995 (31 years),$50 - $99 / hr,"Softura is a digital engineering and technology consulting company delivering custom enterprise software, AI/ML platforms, cloud modernization, and IoT solutions.","Custom Software Engineering, Enterprise Cloud Modernization, AI & Machine Learning, Data Analytics & Power BI, Robotic Process Automation (RPA)","Legacy Application Modernization, Smart Manufacturing & IoT Platforms, Enterprise Business Intelligence Portals, Automated Workflow Systems","Microsoft Solutions Partner, AWS Select Tier Partner, ISO 27001 / CMMI Level 3 Certified",
Techuz InfoWeb,Kamal Rayani (Co-Founder & CEO),sales@techuz.com,+91-951-255-9090,https://www.techuz.com,Founded 2013 (13 years),< $25 / hr,"Techuz InfoWeb is a web and mobile development agency specializing in modern JavaScript stack engineering, cloud architecture, and full-scale MVP delivery.","Full-Stack Web Development, Mobile App Development, Cloud Architecture & DevOps, UI/UX Design, Custom API & Backend Development","FinTech & EdTech Custom Web Platforms, On-Demand Delivery Mobile Apps, SaaS Application Engineering, Scalable RESTful & GraphQL Microservices","AWS Select Tier Partner, MongoDB Partner, Node.js & Angular/React Specialized Partner",
OpenXcell,Jayneel Patel (Founder & CEO),sales@openxcell.com,+91-999-822-2929,https://www.openxcell.com,Founded 2009 (17 years),$25 - $49 / hr,"OpenXcell is an AI-driven software development and IT consulting firm offering custom AI agents, web & mobile applications, blockchain solutions, and dedicated engineering teams.","Generative AI & Agent Development, Custom Software Engineering, Mobile App Development, Blockchain & Web3, Cloud & DevOps","Autonomous AI Enterprise Agents, Secure Web3 & DeFi Platforms, Scalable SaaS Product Architecture, Cross-Platform Mobile Applications","CMMI Level 3 Certified, AWS Advanced Consulting Partner, Microsoft Solutions Partner",
Third Rock Techkno,Krupesh Bhatt (Founder & CEO),contact@thirdrocktechkno.com,+91-79-4008-0105,https://www.thirdrocktechkno.com,Founded 2012 (14 years),$25 - $49 / hr,"Third Rock Techkno is a full-cycle software development and AI engineering partner helping FinTech, EdTech, and Healthcare IT companies build secure, data-driven applications.","AI & GenAI Integration, Web & Mobile App Development, Custom SaaS Engineering, Cloud Infrastructure & DevOps, Dedicated Tech Teams","AI-Powered Learning Platforms (LXP & AI Tutors), Healthcare Data Portals (HIPAA-Compliant), FinTech Payment Gateways, Simulation-Based Training Engines","AWS Partner Network Member, Angular & React Specialized Enterprise Partner, Google Cloud Partner",
SoluLab,Chintan Shah (Co-Founder & CEO),sales@solulab.com,+91-942-701-1402,https://www.solulab.com,Founded 2014 (12 years),$25 - $49 / hr,"SoluLab is an AI-native, Blockchain, and Web3 development company providing custom decentralized apps, smart contracts, generative AI, and enterprise mobility solutions.","AI & Machine Learning Development, Blockchain & Smart Contract Engineering, Web3 & dApp Architecture, Cloud DevOps, Custom Mobile Apps","Real Estate & Asset Tokenization Platforms, Crypto Wallets & Decentralized Exchanges, Enterprise Generative AI Workflows, Neo-Banking Portals","Ethereum / Polygon / Solana Web3 Partner, AWS Partner Network Member, Hyperledger Partner",
Mindbowser,Ayush Jain (Co-Founder & CEO),contact@mindbowser.com,+91-20-6644-8800,https://www.mindbowser.com,Founded 2012 (14 years),$25 - $49 / hr,"Mindbowser is a digital product engineering and AI transformation firm helping startups and mid-market enterprises build scalable healthcare, logistics, and SaaS applications.","Custom Product Engineering, Healthcare Tech Development, Cloud & DevOps, AI/ML Integrations, UI/UX & Design Thinking","HIPAA-Compliant Telehealth Platforms, Connected Device / IoMT Applications, Supply Chain & Logistics Management Systems, SaaS MVP Accelerators","AWS Advanced Consulting Partner, HIPAA & ISO 27001 Compliant Partner, Google Cloud Partner",
Dev Technosys,Tarun Nagar (Founder & CEO),info@devtechnosys.com,+91-998-326-3662,https://devtechnosys.com,Founded 2010 (16 years),$25 - $49 / hr,"Dev Technosys is an ISO-certified software and mobile app development company providing bespoke web, mobile, blockchain, and AI solutions to global clients.","Mobile App Development, Web Application Development, Blockchain & Smart Contracts, AI/ML Engineering, E-commerce Store Development","On-Demand Delivery & Marketplace Apps, Real Estate Tech & Property Portals, FinTech Wallet Solutions, Healthcare Management Systems","ISO 9001:2015 Certified, NASSCOM Member, AWS Consulting Partner, Shopify Partner",
Daffodil Software,Yogesh Agarwal (Founder & CEO),info@daffodilsw.com,+91-124-681-7000,https://www.daffodilsw.com,Founded 1999 (27 years),$50 - $99 / hr,"Daffodil Software is a product engineering and digital transformation company building scalable cloud-native architectures, enterprise mobility, and AI systems.","Cloud-Native Application Development, Artificial Intelligence & Data Science, Custom Enterprise Software, Healthcare IT Engineering, DevOps & App Modernization","Hospital Information & Electronic Health Record (EHR) Systems, FinTech Core Banking Platforms, AI-Powered Computer Vision Systems, Scalable SaaS Infrastructure","AWS Advanced Consulting Partner, Microsoft Gold Partner, Google Cloud Partner, ISO 27001 & 9001 Certified, CMMI Dev Level 3",
GeekyAnts,Sanket Sahu (Founder & CEO),info@geekyants.com,+91-80-4305-8884,https://geekyants.com,Founded 2006 (20 years),$50 - $99 / hr,GeekyAnts is an AI-powered design and digital product engineering studio recognized globally as creators of popular open-source frameworks and modern web/mobile apps.,"Cross-Platform Mobile Engineering (React Native & Flutter), Web Modernization (Next.js & GraphQL), AI & Intelligent Systems, Design Systems & UI/UX, Cloud & Backend Architecture","NativeBase & gluestack-ui (Open-Source UI Libraries), Enterprise Multi-Platform Mobile Apps, Headless Commerce Storefronts, AI Conversational Assistants","Official Vercel Partner, Official Flutter Consulting Partner, AWS Partner, React Native Enterprise Partner",
Nineleaps,Divy Shrivastava (Co-Founder & CEO),contact@nineleaps.com,+91-80-4952-4952,https://www.nineleaps.com,Founded 2014 (12 years),$25 - $49 / hr,"Nineleaps is a digital product engineering partner that helps startups and enterprises scale through advanced data engineering, product strategy, and cloud platforms.","Digital Product Engineering, Big Data & Analytics Engineering, Cloud Transformation & DevOps, Generative AI Integration, Full-Stack Development","Real-Time Streaming Analytics Pipelines, Scalable Microservices Architecture, Enterprise AI/LLM Integration, Automated CI/CD & Cloud Infrastructure","AWS Advanced Tier Partner, Microsoft Azure Partner, Databricks Registered Partner",
Wipro Limited,Srini Pallia (CEO & Managing Director),info@wipro.com,+91-80-2844-0011,https://www.wipro.com,Founded 1945 (81 years),$100 - $149 / hr,"Wipro Limited is a global information technology, consulting, and business process services enterprise harnessing cognitive computing, cloud, and AI.","Enterprise AI (Wipro ai360), Cloud Infrastructure & Modernization, Global Digital Commerce, Data & Analytics, Cybersecurity & Managed IT Services","Wipro ai360 Ecosystem, Cloud Studio Migration Accelerators, Enterprise Omnichannel Commerce Platforms, CyberTransform Security Architecture","Global System Integrator (GSI) Premier Partner for AWS, Microsoft, Google Cloud, SAP, Adobe, Salesforce, ServiceNow",
Infosys Limited,Salil Parekh (CEO & Managing Director),askus@infosys.com,+91-80-2852-0261,https://www.infosys.com,Founded 1981 (45 years),$100 - $149 / hr,"Infosys is a global leader in next-generation digital services and consulting, enabling clients across more than 56 countries to navigate their AI and cloud transformation journeys.","AI-First Transformation (Infosys Topaz), Cloud Ecosystem Services (Infosys Cobalt), Digital Commerce & Experience (Infosys Aster), Blockchain, Enterprise Application Modernization","Infosys Topaz (Generative AI Suite), Infosys Cobalt (Cloud Suite), EdgeVerve Finacle (Core Banking Solution), Infosys Equinox (Digital Commerce)","Global Strategic Partner (GSP) for Microsoft Cloud, AWS Premier Tier, Google Cloud Premier Partner, SAP Global Strategic Services Partner, Adobe Global Platinum Partner, Salesforce Summit Partner",