Business Name,Contact Person,Email,Phone,Website,Years of Experience,Pricing Range,Business Description,Service Areas,Consultation Modes,Your Approach / Philosophy
MahaVastu Corporation,Dr. Khushdeep Bansal,ask@mahavastu.com,+91 93101 11456,https://www.mahavastu.com,25+ Years,"₹15,000 - ₹1,50,000",India's largest Vastu consultancy network providing 4-step MahaVastu techniques without structural demolition.,"Delhi NCR, Mumbai, Bengaluru, Pan-India & Global","Online (Zoom/Video), On-Site Inspection",Scientific 16-zone energy balancing and 5 elements (Pancha Tattva) alignment without demolition.
International Institute of Vaidic Culture (IIVC),Dr. Anand Bhardwaj,iivc999@gmail.com,+91 9811656700,https://www.vastu-india.com,40+ Years,"₹11,000 - ₹1,00,000","Pioneering Vedic and scientific Vastu consultancy for luxury residences, corporate offices, and mega factories.","New Delhi, NCR, Pan-India","In-Person Site Visit, Online Video Consultation","Integration of Vedic architectural geometry with cosmic vibrations, geo-stress analysis, and environmental science."
AppliedVastu Consultancy & Research,Shouvik Das & Apurba Das,appliedvastu@gmail.com,+91 8777614891,https://www.appliedvastu.com,15+ Years,"₹7,500 - ₹50,000","Engineering-backed modern Vastu consultancy specializing in residential floor plans, 3D compass orientation, and energy grids.","Kolkata, Delhi, Bengaluru, Mumbai, Pan-India","Online Floorplan Audit, On-Site Visit",Civil engineering precision combined with authentic 16-directional Vastu analytics and non-destructive remedies.
Fengshuiserver & Vaastu Consultancy,Master S. BS. Surendran,fengshui@fengshuiserver.com,+91 80 25252456,https://www.fengshuiserver.com,25+ Years,"₹20,000 - ₹2,00,000",Accredited Feng Shui Master and bio-energetics practitioner offering advanced space harmonization for MNCs and residences.,"Bengaluru, Chennai, Hyderabad, Mumbai, Global","On-Site Energy Scanning, Online Consultation","Authentic Classical Chinese Feng Shui combined with traditional Vaastu, bio-resonance, and environmental dowsing."
Dr. Kunal Kaushik Vastu Consultancy,Dr. Kunal Kaushik,support@kunalvastu.com,+91 9871013405,https://www.kunalvastu.com,22+ Years,"₹15,000 - ₹1,25,000","Global scientific Vastu consultancy utilizing advanced European energy scanners, Lecher antennas, and geopathic meters.","Mumbai, New Delhi, Pune, Global","On-Site Geo-Scanning, Online Plan Analysis","Zero-superstition, 100% scientific Vastu Shastra based on electromagnetic radiation, telluric lines, and cosmic rays."
SubhaVaastu Solutions,Suresh Srimali / Subha Rao,contact@subhavaastu.com,+91 9440622288,https://www.subhavaastu.com,30+ Years,"₹10,000 - ₹75,000",Comprehensive traditional Vastu Shastra knowledge portal and personalized consultation service for homes and farmhouses.,"Hyderabad, Vijayawada, Bengaluru, Pan-India","Online Blueprint Verification, Site Visit","Scripture-grounded classical Indian Vastu principles prioritizing directional alignment, natural light, and elemental harmony."
Vardhini Vastu Consultants,Raghavendra Hebbur,info@vardhinivastu.com,+91 9845012345,https://www.vardhinivastu.com,18+ Years,"₹8,000 - ₹60,000","South India's prominent Vastu consulting firm serving IT campuses, villas, residential apartments, and retail chains.","Bengaluru, Mysuru, Hyderabad, Chennai","In-Person Site Audit, Digital Blueprint Review",Practical architectural integration harmonizing traditional orientation with contemporary urban floor plans.
Lee Classical Feng Shui,Master Lee (Lee Seng),contact@leeclassicalfengshui.com,+91 9953280252,https://www.leeclassicalfengshui.com,20+ Years,"₹12,000 - ₹90,000","Specialist Classical Feng Shui, Flying Star analysis (Xuan Kong), and BaZi astrology for corporate and home spaces.","Delhi NCR, Pune, Mumbai, Jaipur, Bengaluru","On-Site Consultation, Online Flying Star Mapping","Aligning Time, Space, and People through authentic San He and San Yuan Classical Feng Shui methodologies."
The Scientific Vastu (MVDE),Ashish Kapoor,connect@thescientificvastu.com,+91 9818868840,https://www.thescientificvastu.com,16+ Years,"₹10,000 - ₹85,000","Developer of the MVDE Method™ combining MahaVastu, Vedic calculations, Devta energy fields, and geopathic corrections.","Delhi, Gurugram, Mumbai, Chandigarh, Dubai","Remote Digital Consultation, On-Site Energy Audit","Four-pillar scientific methodology: diagnosis, elemental balancing, Devta activation, and non-invasive corrective remedies."
Vastu Plus Mumbai,Nitin Parmar,info@vastuplus.com,+91 9987140064,https://www.vastuplus.com,24+ Years,"₹11,000 - ₹95,000","Premier Mumbai-based Vastu and space energy consulting firm advising Bollywood celebrities, industrialists, and architects.","Mumbai, Thane, Navi Mumbai, Pune, International","Site Visit, WhatsApp/Zoom Video Consultation",Space harmonization blending traditional Vastu Purusha Mandala with modern bio-energy dowsing and interior ergonomics.
MyVaastu Consultants,Dr. Rashmi Jain,rjvastu@gmail.com,+91 9971105440,https://www.myvaastu.in,20+ Years,"₹9,000 - ₹70,000",Award-winning research-oriented Vastu consultancy specialized in residential interior alignment and industrial estates.,"Noida, Greater Noida, New Delhi, Gurugram","On-Site Evaluation, Online Architectural Audit","Scientific planning of living spaces ensuring maximum light, air circulation, and alignment with cardinal cosmic energy flows."
Vaastu Mangaal,Pinaki Pal / Suman Das,info@vaastumangaal.com,+91 9830025400,https://www.vaastumangaal.com,17+ Years,"₹6,000 - ₹45,000","Leading eastern India Vastu consultancy optimizing commercial showrooms, high-rise apartments, and manufacturing plants.","Kolkata, Siliguri, Durgapur, Bhubaneswar, Patna","On-Site Inspection, Online Video Consultation","Remedial Vastu without demolition using copper/brass elemental strips, cosmic pyramids, and color therapy."
Vastu Earth Consultancy,Subhradip Chakraborty,contact@vastuearth.com,+91 9831154789,https://www.vastuearth.com,14+ Years,"₹7,000 - ₹50,000","Holistic energy audit consultancy specializing in geopathic stress remediation, EMF radiation surveys, and commercial Vastu.","Kolkata, Howrah, Guwahati, Pan-India","Site Visit with Geo-Scanner, Remote CAD Audit","Environmental health focus identifying underground water veins, earth fault lines, and rebalancing indoor electromagnetic fields."
Vastuone Worldwide,Vikas Malhotra,care@vastuone.com,+91 9810056782,https://www.vastuone.com,19+ Years,"₹10,000 - ₹80,000",Tech-enabled modern Vastu consulting platform providing fast turnaround digital CAD audits for residential and corporate buyers.,"Delhi, Mumbai, Bengaluru, Chandigarh, Pune","Online Portal / Video, On-Site Senior Visit","Structured 5-element balancing, compass degree precision, and clutter-clearing methodologies for urban apartments."
AskAcharya Vastu & Astro Services,Acharya Pankit Goyal,support@askacharya.com,+91 9873099901,https://www.askacharya.com,18+ Years,"₹8,500 - ₹65,000","Comprehensive Vastu Shastra consultation and occult coaching organization advising entrepreneurs, builders, and retailers.","Gurugram, Delhi NCR, Jaipur, Pan-India","On-Site Walkthrough, Zoom Consultation","Harmonizing personal astro-charts with dwelling floor plans to unblock wealth, health, and relationship zones."
Prestigious Vastu,Er. Gaurav Vashisht,prestigiousvastu@gmail.com,+91 9815502978,https://www.prestigiousvastu.com,15+ Years,"₹6,500 - ₹55,000","Engineering and industrial Vastu consultancy specialized in warehouse layouts, manufacturing factories, and residential towers.","Chandigarh, Mohali, Panchkula, Delhi NCR, UP","Site Visit, Online CAD Map Analysis","Industrial machinery placement based on fire, earth, and air dynamics for enhanced productivity and worker safety."
Labhdaivastu & Energy Solutions,Dr. Mahesh Joshi,info@labhdaivastu.com,+91 9822034567,https://www.labhdaivastu.com,16+ Years,"₹5,000 - ₹40,000",Maharashtra's leading residential and commercial Vastu consultancy with thousands of residential audit case studies.,"Pune, Mumbai, Navi Mumbai, Thane, Nashik","On-Site Consultation, WhatsApp Live Video Audit","Simple, logical remedies using mirrors, crystals, lighting, and geometric corrections without demolishing walls."
Channting Veds Vastu,Ashissh Kumaar,ashissh@channtingveds.com,+91 7278822228,https://www.channtingveds.com,14+ Years,"₹8,000 - ₹60,000","Holistic Astro-Vastu and spiritual space harmonization advisory for luxury homes, hospitality venues, and start-ups.","Kolkata, Mumbai, Delhi, Bengaluru","In-Person Site Visit, Virtual Zoom Sessions",Vedic resonance alignment balancing directional deities and planetary energies to foster peace and prosperity.
Anshulaa Patthak Feng Shui & Vastu,Anshulaa Patthak,anshu.fengshui@gmail.com,+91 9830219800,https://www.anshulafengshui.in,21+ Years,"₹7,500 - ₹60,000","Boutique Feng Shui and contemporary Vastu design advisory catering to high-net-worth residences, art galleries, and boutiques.","Kolkata, Ballygunge, Delhi, Mumbai","On-Site Spatial Styling, Online Floorplan Reading",Blending Chinese Bagua principles and Five Element aesthetics with modern interior architecture and decor.
Feng Shui Chennai & Vaastu Centre,Dr. R. Govindaraj,contact@fengshuichennai.com,+91 9840134567,https://www.fengshuichennai.com,23+ Years,"₹6,000 - ₹50,000",South India's premier integrated Feng Shui and traditional Manaiyadi Shastra consultancy for residences and retail outlets.,"Chennai, Coimbatore, Madurai, Bengaluru","Physical Site Assessment, Online Video Consultation",Synergy of Tamil Traditional Vastu (Manai Shastra) with Chinese Flying Stars to activate wealth chi and health sectors.
Astro Vastu Divine,Acharya Manoj Juyal,manoj.juyal@astrovastudivine.com,+91 9810345621,https://www.astrovastudivine.com,17+ Years,"₹7,500 - ₹50,000","Delhi-based Astro-Vastu consultancy specializing in commercial complexes, plotting, and family residences.","Delhi, Noida, Ghaziabad, Meerut","Site Visit, Video Call Blueprint Review",Cosmic planetary synchronization with home structural orientation.
Vastu Shubh Labh,Dr. Vaishali Gupta,info@vastushubhlabh.com,+91 9818721111,https://www.vastushubhlabh.com,19+ Years,"₹10,000 - ₹75,000","Renowned woman Vastu consultant and author focusing on women's well-being, harmony, and family happiness in homes.","New Delhi, Gurugram, Faridabad, Chandigarh","In-Person Consultation, Zoom Online Session","Holistic energy flow using color therapy, sacred geometry, and zero-breakage remedies."
Singhal Vastu Kendra,Naresh Singhal,naresh@singhalvastu.com,+91 9810149030,https://www.singhalvastu.com,26+ Years,"₹12,000 - ₹85,000","Veteran Vedic Vastu consultant advising industrial estates, manufacturing mills, and high-value bungalows.","Delhi NCR, Haryana, Punjab, Rajasthan","Site Visit, Detailed Blueprint Analysis",Traditional Vedic rules modified for 21st-century modern multi-storey buildings.
Cosmic Energy Vastu,Er. Prateek Dadhich,prateek@cosmicenergyvastu.com,+91 9784561230,https://www.cosmicenergyvastu.com,12+ Years,"₹5,000 - ₹40,000","Modern technical Vastu consulting emphasizing structural integrity, air ventilation, and sunlight alignment.","Delhi, Jaipur, Gurugram, Noida","Online 3D Plan Assessment, On-Site Audit",Scientific mapping of earth energies with digital compasses and thermal energy balances.
Aura & Vastu Dynamics,Dr. Sneha Agrawal,consult@auravastudynamics.com,+91 9871523400,https://www.auravastudynamics.com,13+ Years,"₹6,000 - ₹45,000",Aura photography and spatial energy mapping for corporate workspaces and modern luxury apartments.,"Gurugram, New Delhi, Noida","Site Energy Audit, Online CAD Review",Bio-field resonance testing and chakra-aligned room zoning.
Vedic Living Architecture,Ar. Ramanuj Sharma,contact@vediclivingarch.com,+91 9911223344,https://www.vediclivingarch.com,20+ Years,"₹15,000 - ₹1,00,000",Architectural firm combining Council of Architecture standards with pure Vedic Vastu guidelines from blueprint stage.,"Delhi NCR, Dehradun, Lucknow, Pan-India","Architectural Drafting, On-Site Site Supervision",Building from the ground up according to the Vastu Purusha Mandala matrix.
Feng Shui Harmony India,Rituu Saraswat,rituu@fengshuiharmony.in,+91 9811894560,https://www.fengshuiharmony.in,15+ Years,"₹7,000 - ₹50,000",Specialized Black Hat and Classical Flying Star Feng Shui consulting for corporate headquarters and residences.,"New Delhi, Gurugram, Noida","On-Site Consultation, Online Blueprint Feng Shui Audit","Optimizing Yin-Yang polarity, color coordination, and natural element enhancements."
Vastu Spaceworld,Dr. Snehal Tanna,info@vastuspaceworld.com,+91 9820145678,https://www.vastuspaceworld.com,22+ Years,"₹10,000 - ₹80,000",Pioneering Mumbai-based Vastu consultancy with extensive experience in redevelopment projects and builder floor plans.,"Mumbai, Bandra, Andheri, South Mumbai, Thane","Site Visit, Digital Consultation","Combining space psychology, directional energy grids, and practical modern apartment adjustments."
AstroVastu Global Mumbai,Pandit Alok Pandya,alok@astrovastuglobal.com,+91 9821098765,https://www.astrovastuglobal.com,20+ Years,"₹9,000 - ₹65,000","High-profile Astro-Vastu consultant for financial brokerages, corporate boardrooms, and residential towers in Mumbai.","Mumbai, BKC, Nariman Point, Navi Mumbai","In-Person Site Visit, Zoom Audio/Video Call",Aligning financial cash-flow zones (North & South-East) using Vedic geometric yantras and elemental metals.
Divine Aura Feng Shui & Vastu,Meera Shah,meera@divineaura.in,+91 9820556677,https://www.divineaura.in,16+ Years,"₹8,000 - ₹55,000","Modern Feng Shui and Vastu consultancy offering clutter clearing, crystal placements, and corporate productivity layouts.","Mumbai, Pune, Thane","On-Site Styling, Online CAD Consulting","Integrating environmental ergonomics with Bagua energy grids for peace, clarity, and wealth."
Shree Ganesh Vastu Kendra,Vijay Kulkarni,vijay@shreeganeshvastu.com,+91 9822456789,https://www.shreeganeshvastu.com,25+ Years,"₹5,000 - ₹35,000","Established traditional Vastu consultancy assisting agricultural landowners, bungalow owners, and commercial shops.","Pune, Satara, Kolhapur, Solapur, Navi Mumbai","On-Site Physical Survey, Blueprint Evaluation","Vedic land slope, water table direction (Jal Tatva), and solar path optimization."
Urja Energy Vastu,Narendra Deshmukh,urjavastu@gmail.com,+91 9890123456,https://www.urjaenergyvastu.com,14+ Years,"₹6,000 - ₹40,000",Scientific energy dowsing and Vastu consultation firm focused on manufacturing units in MIDC industrial corridors.,"Pune, Pimpri-Chinchwad, Chakan, Aurangabad","On-Site Energy Survey with Lecher Antenna, Online Consultation",Eliminating geopathic stress zones and maximizing industrial machinery throughput via directional alignment.
AuraVastu Studio,Kavita Chhajed,kavita@auravastustudio.com,+91 9823098712,https://www.auravastustudio.com,11+ Years,"₹5,500 - ₹45,000",Interior design aligned Vastu consultancy creating aesthetically appealing yet 100% Vastu-compliant home interiors.,"Pune, Mumbai, Nashik","Interior Planning Consultation, On-Site Visit",Aesthetic harmony where modern Scandinavian/minimalist decor meets ancient Vastu balance.
Omkar Vastu Consultancy,Hemant Patil,hemant@omkarvastu.in,+91 9869012398,https://www.omkarvastu.in,18+ Years,"₹6,000 - ₹45,000",Residential flat and commercial shop Vastu specialists serving central and western Mumbai suburbs.,"Thane, Kalyan, Dombivli, Navi Mumbai, Mumbai","Site Visit, Phone & WhatsApp Plan Review","Cost-effective, zero-demolition remedies using brass strips, mirrors, and directional lighting."
Sri Guru Raghavendra Vastu,Pandit B. K. Shastry,guru.vastu.blr@gmail.com,+91 9845123987,https://www.guruvastubangalore.com,28+ Years,"₹6,000 - ₹45,000","Traditional Karnataka Vedic Vastu consultancy for tech professionals, villa communities, and temple trusts.","Bengaluru, Rajajinagar, Whitefield, Mysuru","Physical Site Visit, Digital Floor Plan Consultation",Adherence to Brihat Samhita and Mayamatam principles tailored for urban apartments and gated plots.
Silicon City Vastu Solutions,Er. Jayaprakash Rao,contact@siliconcityvastu.com,+91 9880567123,https://www.siliconcityvastu.com,15+ Years,"₹7,000 - ₹50,000","Specialized Vastu consultation for IT startups, coworking hubs, electronic hardware facilities, and smart homes.","Bengaluru, Electronic City, Koramangala, Indiranagar","On-Site IT Facility Audit, Online Video Call","Technical workspace orientation to stimulate team innovation, reduce burn-out, and attract venture capital."
Aura Harmony Feng Shui Bengaluru,Latha Krishnan,latha@auraharmony.in,+91 9845678901,https://www.auraharmony.in,17+ Years,"₹8,000 - ₹55,000","Certified Feng Shui practitioner focusing on executive workspace design, home energy clearance, and living space wellness.","Bengaluru, Chennai, Hyderabad","In-Person Feng Shui Audit, Online Blueprint Analysis",Classical Flying Star calculations paired with modern ergonomic interior staging.
Prana Vastu Research Centre,Dr. H. S. Murthy,pranavastu.blr@gmail.com,+91 9448012345,https://www.pranavastu.org,32+ Years,"₹8,000 - ₹60,000","Pioneering research organization providing Vastu audits for hospitals, educational universities, and residential townships.","Bengaluru, Mangaluru, Hubballi, Mysuru","Site Energy Audit, Detailed Blueprint Analysis","Scientific bio-climatology and Vedic orientation ensuring health, recovery, and institutional growth."
Vastu Siddhi Bangalore,K. N. Chandrashekar,info@vastusiddhiblr.com,+91 9844098712,https://www.vastusiddhiblr.com,19+ Years,"₹5,500 - ₹40,000",Trusted residential apartment and commercial complex Vastu consultant across Karnataka.,"Bengaluru, Tumakuru, Mysuru","Site Visit, WhatsApp Plan Analysis",Accurate compass degree readings and simple elemental color treatments.
Sri Sri Astro Vastu Kendra,Pandit Satyanarayana Sharma,satya@sristriastrovastu.com,+91 9848011223,https://www.sristriastrovastu.com,26+ Years,"₹7,000 - ₹50,000","Leading Telugu Vedic Vastu authority advising real estate developers, pharmaceutical plants, and duplex homes.","Hyderabad, Secunderabad, Gachibowli, Vijayawada, Vizag","Physical Site Visit, Online Video Call",Traditional Telugu Vastu Shastras ensuring Ishanya (NE) elevation and Nairuthi (SW) stability.
Cyber Vastu Solutions,Srinivas Chary,srinivas@cybervastu.com,+91 9849123456,https://www.cybervastu.com,16+ Years,"₹6,000 - ₹45,000","Consultancy specializing in HITEC City startups, financial firms, and modern gated community villas.","Hyderabad, HITEC City, Madhapur, Jubilee Hills","Site Inspection, Remote Blueprint Audit",Modern non-invasive remedies to balance fire and water zones in open-concept floor plans.
Nirvana Feng Shui & Vastu Hyderabad,Archana Reddy,archana@nirvanaenergy.in,+91 9848567890,https://www.nirvanaenergy.in,14+ Years,"₹7,500 - ₹55,000","Dual Feng Shui and Vastu consultancy offering holistic space healing, garden landscaping, and home decor balancing.","Hyderabad, Banjara Hills, Jubilee Hills, Secunderabad","On-Site Consultation, Digital PDF Analysis","Balancing Chi energy through botanical Feng Shui, indoor water fountains, and cardinal Vastu zoning."
Bhagyanagar Vastu Mandir,V. V. Ramana Rao,ramanarao@bhagyanagarvastu.com,+91 9849098765,https://www.bhagyanagarvastu.com,23+ Years,"₹5,000 - ₹35,000",Affordable residential and retail showroom Vastu guidance across twin cities.,"Hyderabad, Secunderabad, Warangal","Site Visit, Phone Consultation",Strict focus on main entrance placement (Simha Dwara) and kitchen fire quadrant.
Sri Vignesh Jodhida & Vaastu Nilayam,K. S. Sundararajan,vigneshvaastu@gmail.com,+91 9840012345,https://www.vigneshvaastu.com,27+ Years,"₹5,000 - ₹40,000","Authentic Tamil Manaiadi Shastra and Astro-Vastu services for standalone houses, factories, and marriage halls.","Chennai, T. Nagar, Anna Nagar, Kanchipuram","Physical Site Visit, Online Plan Review",Manaiadi Shastra measurements (Aya Adi calculations) ensuring divine proportional dimensional resonance.
Aarya Feng Shui & Space Balancing,S. Gayathri,gayathri@aaryafengshui.com,+91 9841234567,https://www.aaryafengshui.com,15+ Years,"₹6,500 - ₹45,000","Feng Shui design practice for IT parks, boutique hotels, and contemporary South Indian residences.","Chennai, OMR, ECR, Coimbatore","On-Site Consultation, Online Video Blueprint Review","Combining Form School and Compass School Feng Shui to maximize light, chi flow, and tranquility."
Dr. R. K. Moorthy Vaastu Consultancy,Dr. R. K. Moorthy,rkmoorthy@chennaivaastu.com,+91 9444012399,https://www.chennaivaastu.com,31+ Years,"₹7,000 - ₹50,000","Senior scholar consulting on textile mills, industrial estates, educational institutions, and luxury apartments.","Chennai, Coimbatore, Tirupur, Salem, Madurai","Site Visit, Remote Plan Audit",Classical Vedic Vastu mathematics aligned with modern industrial workflow optimization.
Shree Meenakshi Vastu Nilayam,S. Murugesan,meenakshivastu@gmail.com,+91 9842145678,https://www.meenakshivastu.com,19+ Years,"₹4,500 - ₹30,000","Grassroots Vastu consultancy for homeowners, shopkeepers, and small-scale entrepreneurs across Tamil Nadu.","Madurai, Chennai, Trichy, Dindigul","On-Site Visit, Telephonic Consultation","Direct, practical remedy applications using traditional brass lamps, yantras, and color shifts."
P C Das Vastu & Feng Shui Services,P. C. Das (Author & Vastu Expert),pcdas.vastu@gmail.com,+91 9830154321,https://www.pcdasvastu.com,28+ Years,"₹6,000 - ₹45,000",Renowned author and consultant providing non-invasive Vastu and Feng Shui corrections for legacy and modern homes.,"Kolkata, Golf Green, Salt Lake, Howrah","In-Person Site Visit, Online Plan Review",Scientific synthesis of ancient scriptures with modern urban apartment structural constraints.
Arun Sachdev & Sons Vastu Kendra,Arun Sachdev & Rajiv Sachdev,arunsachdev.vastu@gmail.com,+91 9831023456,https://www.arunsachdevvastu.com,35+ Years,"₹5,000 - ₹40,000",Historic consultancy and authentic Feng Shui / Vastu artifact distributor serving trade merchants and residential estates.,"Kolkata, Burrabazar, College Street, Pan-India","In-Store Consultation, Site Visit","Practical placement of energizing crystals, copper pyramids, and traditional remedies."
Hema Guptha Feng Shui & Astrological Care,Hema Guptha,hema.fengshui@gmail.com,+91 9830567812,https://www.hemaguptha.in,18+ Years,"₹6,500 - ₹48,000","Prominent Kolkata Feng Shui expert specialized in marital harmony, child education zones, and business prosperity.","Kolkata, Sarat Bose Road, Gariahat, Park Street","Site Visit, Zoom Video Consultation",Activating Chinese Pa Kua sectors and balancing elemental energy with modern aesthetic lifestyle decor.
Bhagyo Vichar Astro-Vastu Consultancy,Ssaagar Sekhri,ssaagar@bhagyovichar.com,+91 9831122334,https://www.bhagyovichar.com,16+ Years,"₹5,000 - ₹38,000","Popular television-featured Astro-Vastu advisor handling residential flats, retail establishments, and factory layouts.","Kolkata, Baguiati, Dum Dum, Siliguri","Clinic Consultation, On-Site Audit, WhatsApp Review",Unified Astro-Vastu approach linking resident horoscope planetary dashas with residential directional sectors.
Antaras Feng Shui Magic,Antara Roy Chowdhury,antara@fengshuimagic.com,+91 9830987654,https://www.fengshuimagic.com,13+ Years,"₹5,500 - ₹42,000","Boutique Feng Shui design and space decluttering consultancy for boutique cafes, creative studios, and family homes.","Kolkata, New Town, Salt Lake","On-Site Staging, Virtual Consultation",Intuitive and Classical Feng Shui clearing emotional energy stagnations from living spaces.
Vastu Uday Solutions,Udaybhai Pandya,contact@vastuuday.com,+91 9825012345,https://www.vastuuday.com,21+ Years,"₹6,000 - ₹45,000","Ahmedabad's leading Vastu consultancy for diamond merchants, textile industrial units, and residential bungalows.","Ahmedabad, C.G. Road, SG Highway, Gandhinagar","On-Site Energy Survey, Digital Plan Consultation",Aligning financial North-East cash flows and South-West authority zones for exponential business expansion.
Pandit Kartik Vastu & Jyotish,Pandit Kartik Maharaj,kartik.vastu@gmail.com,+91 9825123987,https://www.panditkartikvastu.com,19+ Years,"₹5,000 - ₹35,000",High-rated traditional Vedic Vastu advisor guiding residential home buyers and shop owners across Ahmedabad.,"Ahmedabad, Gota, Chandkheda, Satellite","Site Visit, WhatsApp Video / Blueprint Audit","Pure Vedic astrological alignments, Bhoomi Pooja coordination, and directional balancing without structural demolition."
Shree Hariprasad Vastu Jyotish Karyalay,Hariprasad Joshi,hariprasad.vastu@gmail.com,+91 9879012345,https://www.hariprasadvastu.in,25+ Years,"₹4,500 - ₹30,000","Heritage Vastu and astrology office serving business communities, ceramic manufacturers, and homeowners across Saurashtra.","Rajkot, Morbi, Ahmedabad, Jamnagar","On-Site Survey, Telephonic / Video Consultation","Rooted in classic Sanskrit scriptures emphasizing natural air, solar angles, and water storage positioning."
Rajkot Vastu & Feng Shui Studio,Bhavinbhai Doshi,bhavin@rajkotvastu.com,+91 9824212345,https://www.rajkotvastu.com,16+ Years,"₹5,000 - ₹35,000","Trusted local consultancy in Rajkot guiding engineering units in Aji GIDC, brass part units, and luxury flats.","Rajkot, 150 Feet Ring Road, Palace Road, Gondal","Physical Site Walkthrough, Online CAD Analysis",Practical industrial and commercial Vastu balancing fire (Agni) equipment and heavy machinery (Nairuthi).
Gurukrupaa Astrology & Vastu,Shailesh Shastri,gurukrupaa.vastu@gmail.com,+91 9825567890,https://www.gurukrupaavastu.com,22+ Years,"₹5,500 - ₹40,000","Consultancy specialized in commercial complex planning, corporate offices, and residential row houses in Gujarat.","Ahmedabad, Satellite, Bodakdev, Vadodara","Site Visit, Detailed PDF Vastu Report","Harmonizing Panchatatva (Five Elements) through color psychology, copper boundary grounding, and sacred geometry."
Siddhi Vinayak Vastu Science,Dharmendrasinh Zala,zala.vastu@gmail.com,+91 9879543210,https://www.siddhivinayakvastu.in,15+ Years,"₹4,000 - ₹30,000",Vedic and scientific Vastu practice helping residential and agricultural clients solve health and financial blockages.,"Ahmedabad, Rajkot, Surendranagar, Bhavnagar","Site Visit, Online WhatsApp Consultation","Non-destructive remedies using directional elemental tapes, brass pyramids, and mirror redirection."
Surat Diamond City Vastu,Chetan Patel,chetan@suratvastu.com,+91 9825890123,https://www.suratvastu.com,18+ Years,"₹7,000 - ₹50,000","Vastu consultancy tailored for diamond polishing units, textile weaving looms, and modern penthouses.","Surat, Vesu, Adajan, Navsari","On-Site Factory / Home Audit, Digital Blueprint Review","Optimizing business profitability by aligning the owner's cabin, accounts department, and dispatch logistics."
Baroda Astro-Vastu Kendra,Dr. Jayesh Trivedi,trivedi.vastu@gmail.com,+91 9824056789,https://www.barodavastu.com,24+ Years,"₹5,000 - ₹38,000","Vadodara-based specialist in chemical industrial layouts, residential plots, and pharmaceutical units.","Vadodara, Alkapuri, Manjalpur, Bharuch","Site Visit, Online Consultation",Scientific earth energy scanning and Vedic solar path alignment.
Jaipur Vedic Vastu Sansthan,Acharya Deepak Kumar Jain,deepak.jain@jaipurvastu.org,+91 9829012345,https://www.jaipurvastu.org,23+ Years,"₹6,000 - ₹45,000","Rajasthan's premier Vedic architectural research institute advising heritage hotels, marble factories, and residences.","Jaipur, Mansarovar, Vaishali Nagar, Jodhpur, Udaipur","On-Site Physical Audit, Zoom Online Review","Pure Vastu Vidya combining traditional stone architecture, courtyard airflow (Brahmasthan), and astronomical alignments."
Astrologer Yogendra & Vastu,Yogendra Sharma,info@astrologeryogendra.in,+91 9829123456,https://www.astrologeryogendra.in,17+ Years,"₹5,500 - ₹40,000",Widely followed online astrology and Vastu consultancy offering rapid floorplan evaluations for global clients.,"Jaipur, Delhi, Mumbai, Global","Online Video Meeting, Email Detailed Report",Astro-Vastu integration diagnosing financial obstacles and resolving them with planetary gemstone and spatial remedies.
Royal Rajputana Vastu & Feng Shui,Rathore Vikram Singh,vikram@rajputanavastu.com,+91 9829567890,https://www.rajputanavastu.com,19+ Years,"₹7,500 - ₹55,000","Consultancy for boutique heritage resorts, royal Havelis, jewelry showrooms, and luxury residences.","Jaipur, Udaipur, Jodhpur, Bikaner","In-Person Site Walkthrough, Online Plan Review",Harmonizing traditional Rajasthani Haveli courtyards with Feng Shui water features and directional energy.
Kota Education City Vastu Hub,Er. Rajesh Khandelwal,rajesh@kotavastuhub.com,+91 9414012345,https://www.kotavastuhub.com,14+ Years,"₹4,500 - ₹30,000","Specialized in student hostel floor plans, coaching institute campuses, and study room Vastu optimization.","Kota, Jaipur, Ajmer, Bhilwara","On-Site Campus Visit, Online Floorplan Audit",Focus on North-East (Ishanya) and West (knowledge/retention) zones to enhance student focus and memory.
Chandigarh Vastu Studio,Ar. Ravinder Pal Singh,ravinder@chandigarhvastu.com,+91 9814012345,https://www.chandigarhvastu.com,22+ Years,"₹8,000 - ₹60,000",Architect-led Vastu consultancy harmonizing Le Corbusier modern city grid architecture with Vedic Vastu rules.,"Chandigarh, Mohali, Panchkula, Ludhiana","Site Visit, CAD Drawing Vastu Overlay",Integrating modern straight-line urban architecture with subtle elemental balancing strips and color schemes.
Punjab Agro-Industrial Vastu,Vastu Shastri Gurpreet Singh,gurpreet@punjabvastu.in,+91 9815098765,https://www.punjabvastu.in,20+ Years,"₹7,000 - ₹50,000","Industrial Vastu consultancy for rice mills, cold storages, textile spinning mills, and agricultural farm estates.","Ludhiana, Jalandhar, Amritsar, Bathinda","On-Site Factory Visit, Remote Plan Audit","Enhancing production output, labor harmony, and raw material storage positioning according to Vastu elements."
Divine Grace Feng Shui Chandigarh,Simran Kaur,simran@divinegracefengshui.com,+91 9814567890,https://www.divinegracefengshui.com,12+ Years,"₹6,000 - ₹45,000","Contemporary Feng Shui and crystal healing consultancy for stylish kothis, salons, and modern cafes in the Tri-city.","Chandigarh, Mohali, Panchkula","On-Site Styling, Zoom Video Consultation","Activating wealth corners, sound resonance via wind chimes, and natural plant bio-clearing."
Amritsar Vastu Darbar,Pandit Tarun Sharma,tarun@amritsarvastu.com,+91 9872012345,https://www.amritsarvastu.com,18+ Years,"₹5,000 - ₹35,000",Traditional residential and hotel Vastu specialist near historic commercial centers.,"Amritsar, Gurdaspur, Jalandhar","Site Visit, Telephonic Guidance",Vedic orientation maximizing solar energy influx and family health.
Lucknow Heritage Vastu,Dr. Pradeep Mishra,pradeep@lucknowvastu.org,+91 9415012345,https://www.lucknowvastu.org,25+ Years,"₹5,500 - ₹40,000","Eminent Vastu Shastra consultant for government officials, high-court advocates, builders, and family residences.","Lucknow, Gomti Nagar, Hazratganj, Kanpur, Ayodhya","Site Visit, WhatsApp / Zoom Floorplan Review",Ancient Sanskrit scripture interpretation applied to modern independent villas and high-rise apartments.
Kashi Vedic Vastu Peeth,Acharya Vidhyadhar Shastri,kashivastu@gmail.com,+91 9450012399,https://www.kashivedicvastu.com,30+ Years,"₹5,000 - ₹35,000","Varanasi-based authentic Vedic center offering Bhoomi Pujan rituals, house blueprint design, and temple architecture.","Varanasi, Prayagraj, Gorakhpur, Mirzapur","In-Person Site Visit, Telephonic Vedic Guidance","Sacred geometry, Vastu Purusha invocation, and cosmic directional harmony."
Indore Corporate Vastu,CA Alok Maheshwari (Vastu Consultant),alok@indorevastu.com,+91 9826012345,https://www.indorevastu.com,18+ Years,"₹7,000 - ₹50,000","Chartered Accountant and Vastu consultant advising confectionary brands, pharma units, and financial offices.","Indore, Pithampur, Ujjain, Dewas","On-Site Commercial Audit, Online Video Consultation",Aligning corporate balance sheets with spatial North (wealth) and South-East (liquidity) energy flow.
Bhopal Lake City Vastu & Feng Shui,Neeta Saxena,neeta@bhopalvastu.in,+91 9827098765,https://www.bhopalvastu.in,15+ Years,"₹5,000 - ₹38,000",Residential space designer and Feng Shui practitioner specializing in waterfront villas and apartments.,"Bhopal, Arera Colony, Hoshangabad Road, Gwalior","Site Visit, Online CAD Map Audit",Balancing environmental water energies (Jal Tatva) and modern interior flow.
Kanpur Industrial Vastu Solutions,Er. Sunil Awasthi,sunil@kanpurvastu.com,+91 9415123987,https://www.kanpurvastu.com,21+ Years,"₹6,000 - ₹45,000","Specialist in leather tanneries, chemical plants, and heavy engineering facilities across Uttar Pradesh.","Kanpur, Unnao, Rania, Lucknow","On-Site Factory Visit, Remote Architectural Audit","Optimizing industrial boiler placement, heavy raw storage, and administrative block directions."
Kerala Traditional Vasthu Vidya,Vasthu Acharya K. Narayanan Namboothiri,narayanan@keralavasthuvidya.com,+91 9447012345,https://www.keralavasthuvidya.com,33+ Years,"₹7,500 - ₹55,000",Traditional Thachu Shastra (Kerala wooden architecture and Vasthu) master for ancestral Nalukettu homes and luxury resorts.,"Kochi, Thiruvananthapuram, Thrissur, Kozhikode","On-Site Traditional Inspection, Architectural Plan Design","Thachu Shastra geometry, Padam division, and tropical climatic orientation."
Cochin Modern Vastu & Feng Shui,George Mathew,george@cochinfengshui.com,+91 9847012399,https://www.cochinfengshui.com,16+ Years,"₹6,000 - ₹45,000","Coastal architecture space consultant advising boutique resorts, maritime export offices, and waterfront penthouses.","Kochi, Marine Drive, Kakkanad, Alappuzha","Site Energy Audit, Online CAD Consultation",Managing high water-energy environments using Classical Feng Shui remedies and Vedic orientation.
Goa Coastal Vastu & Living,Siddharth Naik,siddharth@goavastu.com,+91 9822123456,https://www.goavastu.com,14+ Years,"₹8,000 - ₹60,000","Consultancy specialized in Portuguese villa restoration, luxury holiday home developments, and beachside restaurants.","North Goa, South Goa, Panaji, Candolim","On-Site Villa Walkthrough, Digital Plan Review",Balancing tropical coastal breeze and sunlight with subtle non-invasive Vastu spatial remedies.
Bhubaneswar Kalinga Vastu,Er. Debashis Mohapatra,debashis@kalingavastu.com,+91 9437012345,https://www.kalingavastu.com,19+ Years,"₹5,000 - ₹35,000","Consultancy rooted in Kalinga temple architectural treatises, serving mining companies, IT units, and residential developments.","Bhubaneswar, Cuttack, Puri, Rourkela","Site Visit, Zoom Video Blueprint Analysis",Ancient Odishan Shilpa Shastra integrated with contemporary structural engineering.
Patna Pataliputra Vastu Kendra,Acharya Shambhu Nath Pandey,pandey.vastu@patnavastu.in,+91 9431012345,https://www.patnavastu.in,26+ Years,"₹4,500 - ₹32,000","Esteemed Vedic Vastu consultant for commercial shopping complexes, medical clinics, and independent houses in Bihar.","Patna, Bailey Road, Kankarbagh, Muzaffarpur, Gaya","On-Site Walkthrough, Phone/WhatsApp Consultation","Practical directional zoning prioritizing health (NE), wealth (N), and peace of mind (NW)."
Aura Matrix Energy Consultants,Dr. Rohit Mathur,rohit@auramatrix.in,+91 9811234890,https://www.auramatrix.in,16+ Years,"₹9,000 - ₹65,000","Specialists in geopathic stress radiation surveys, geo-magnetism, and architectural energy balancing.","New Delhi, Gurugram, Jaipur, Chandigarh","Site Geo-Scanning, Online Energy Map Audit",Neutralizing underground Hartmann and Curry grid geopathic stress using resonance earth rods.
Zenith Feng Shui Design,Pooja Singhania,pooja@zenithfengshui.com,+91 9820345123,https://www.zenithfengshui.com,13+ Years,"₹7,500 - ₹50,000","Corporate Feng Shui styling and ergonomic workspace alignment for creative agencies, fintech hubs, and luxury residences.","Mumbai, Pune, Bengaluru","On-Site Workspace Staging, Online CAD Feng Shui Layout","Optimizing natural light, spatial geometry, and elemental Five Element balance for peak cognitive performance."
Vastu Shilpa Consultants,Ar. Ketan B. Parikh,ketan@vastushilpa.in,+91 9825098123,https://www.vastushilpa.in,24+ Years,"₹12,000 - ₹90,000",Architectural firm focusing exclusively on green building architecture synchronized with ancient Vastu Shastra principles.,"Ahmedabad, Surat, Mumbai, Bengaluru","Full Architectural Blueprint Design, On-Site Audit",Zero-carbon footprint passive solar architecture designed along classical Vastu cardinal axis.
Cosmic Living Space Advisors,Sunita Verma,sunita@cosmiclivingspaces.com,+91 9810987654,https://www.cosmiclivingspaces.com,15+ Years,"₹6,500 - ₹45,000",Holistic space design practice helping busy metropolitan families cultivate tranquil and emotionally restorative homes.,"Noida, Greater Noida, Delhi, Gurugram","On-Site Spatial Audit, Zoom Video Walkthrough","Transforming stagnant residential energy through mindful decluttering, plant integration, and Vastu zoning."
Vedic Grid Architecture,Er. Sameer Kulkarni,sameer@vedicgrid.com,+91 9822678901,https://www.vedicgrid.com,18+ Years,"₹8,000 - ₹60,000","Structural engineering and industrial planning consultancy catering to logistics warehouses, cold chains, and assembly plants.","Pune, Nashik, Aurangabad, Mumbai","Industrial Site Inspection, Detailed 3D CAD Report",Aligning industrial assembly lines with directional elemental flow to maximize equipment lifespan and minimize downtime.
Golden Ratio Vastu Science,Dr. Vivek Chawla,vivek@goldenratiovastu.com,+91 9811567123,https://www.goldenratiovastu.com,17+ Years,"₹10,000 - ₹70,000",Mathematics-driven Vastu practice focusing on sacred proportions (Golden Ratio / Fibonacci sequences) in room dimensioning.,"New Delhi, Gurugram, Chandigarh, Mumbai","On-Site Measurement Audit, Digital Mathematical Analysis","Applying the divine 1.618 golden proportion to door, window, and room dimensions for harmonious resonant frequencies."
Aura Shastra Consultants,Sadhana Somani,sadhana@aurashastra.in,+91 9829234567,https://www.aurashastra.in,16+ Years,"₹6,000 - ₹42,000","Consultancy specializing in residential family well-being, marriage compatibility spatial layouts, and children study corners.","Jaipur, Jodhpur, Kota, Ajmer","Site Visit, WhatsApp Video Plan Audit","Subtle energy harmonization using directional lighting, color therapy, and elemental crystals."
Sovereign Industrial Vastu,Gurucharan Singh Sethi,sethi@sovereignvastu.com,+91 9815123456,https://www.sovereignvastu.com,23+ Years,"₹15,000 - ₹1,10,000","Heavy manufacturing and corporate headquarters Vastu advisory for steel plants, automotive suppliers, and garment exporters.","Ludhiana, Baddi, Gurugram, Panipat, Ghaziabad","On-Site Comprehensive Survey, Blueprint Engineering Audit",Optimizing fire-energy zones for furnaces/boilers and earth-energy zones for heavy die storage to ensure seamless workflow.
Samriddhi Vastu Kendra,Acharya Vinod Shastri,vinod@samriddhivastu.com,+91 9825456789,https://www.samriddhivastu.com,20+ Years,"₹5,000 - ₹35,000","Trusted Saurashtra and Gujarat Vastu service providing layout designs for retail shops, oil mills, and residential societies.","Rajkot, Jamnagar, Junagadh, Porbandar","Site Visit, Telephonic Blueprint Consultation","Affordable, non-destructive remedies using copper wire boundary sealing and brass elemental yantras."
Lotus Feng Shui & Space Care,Tanya Singhal,tanya@lotusfengshui.in,+91 9810456123,https://www.lotusfengshui.in,12+ Years,"₹6,000 - ₹45,000","Contemporary interior space energy consulting for luxury apartments, spas, wellness retreats, and boutique hotels.","New Delhi, Gurugram, Dehradun, Rishikesh","On-Site Styling Walkthrough, Online Virtual Audit","Cultivating serene, restorative living spaces through Flying Star compass alignment and biophilic interior elements."
AstroVastu Global Mumbai,Acharya Mukesh Dwivedi,mukesh.dwivedi@astrovastuglobal.in,+91 9800000000,https://www.astrovastuglobal-mumbai.in,10+ Years,"₹4,000 - ₹25,000","Professional Vastu and space energy consulting firm in Mumbai, Maharashtra offering specialized layout planning for residences, corporate offices, and commercial establishments.","Mumbai, Maharashtra, West India","On-Site Survey, Online Video Consultation",Non-invasive 16-zone directional balancing using elemental color bands and copper/brass energy boundary strips.
Panchtatva Space Aligners New Delhi,Dr. Arvind Nair,arvind.nair@panchtatvaspacealigners.in,+91 9800003719,https://www.panchtatvaspacealigners-newdelhi.in,13+ Years,"₹4,500 - ₹27,500","Professional Vastu and space energy consulting firm in New Delhi, Delhi NCR offering specialized layout planning for residences, corporate offices, and commercial establishments.","New Delhi, Delhi NCR, North India","Site Visit, WhatsApp / Zoom Floorplan Audit",Integrated Astro-Vastu mapping harmonizing the native's birth chart planetary positions with dwelling energy sectors.
Vastu Kalpataru Bengaluru,Pandit Ramesh Upadhyay,ramesh.upadhyay@vastukalpataru.in,+91 9800007438,https://www.vastukalpataru-bengaluru.in,16+ Years,"₹5,000 - ₹30,000","Professional Vastu and space energy consulting firm in Bengaluru, Karnataka offering specialized layout planning for residences, corporate offices, and commercial establishments.","Bengaluru, Karnataka, South India","On-Site Survey, Online Video Consultation","Scientific space diagnostics utilizing Lecher antennas, compass degrees, and geo-stress radiation detection."
Prana Energy Shastra Hyderabad,Er. Naveen Choudhary,naveen.choudhary@pranaenergyshastra.in,+91 9800011157,https://www.pranaenergyshastra-hyderabad.in,19+ Years,"₹5,500 - ₹32,500","Professional Vastu and space energy consulting firm in Hyderabad, Telangana offering specialized layout planning for residences, corporate offices, and commercial establishments.","Hyderabad, Telangana, South India","Site Visit, WhatsApp / Zoom Floorplan Audit",Classical Vedic Sthapatya Veda rules optimized for contemporary high-rise apartment layouts.
Divine Horizon Vastu Chennai,Master Devang Mehta,devang.mehta@divinehorizonvastu.in,+91 9800014876,https://www.divinehorizonvastu-chennai.in,22+ Years,"₹6,000 - ₹35,000","Professional Vastu and space energy consulting firm in Chennai, Tamil Nadu offering specialized layout planning for residences, corporate offices, and commercial establishments.","Chennai, Tamil Nadu, South India","On-Site Survey, Online Video Consultation","Holistic Five Element (Panch Tattva) energy alignment to boost cash flow, business opportunities, and domestic harmony."
Vedic Spatial Labs Kolkata,Acharya Sanjay Aggarwal,sanjay.aggarwal@vedicspatiallabs.in,+91 9800018595,https://www.vedicspatiallabs-kolkata.in,25+ Years,"₹6,500 - ₹37,500","Professional Vastu and space energy consulting firm in Kolkata, West Bengal offering specialized layout planning for residences, corporate offices, and commercial establishments.","Kolkata, West Bengal, East India","Site Visit, WhatsApp / Zoom Floorplan Audit",Ancient Sanskrit architectural tenets combined with modern ergonomic interior planning and natural illumination.
Shree Siddhi Vastu Pune,Dr. Kavita Srinivasan,kavita.srinivasan@shreesiddhivastu.in,+91 9800022314,https://www.shreesiddhivastu-pune.in,28+ Years,"₹7,000 - ₹40,000","Professional Vastu and space energy consulting firm in Pune, Maharashtra offering specialized layout planning for residences, corporate offices, and commercial establishments.","Pune, Maharashtra, West India","On-Site Survey, Online Video Consultation","Zero-demolition remedies using pyramids, mirrors, elemental lights, and strategic room function repositioning."
Aura Harmony Advisors Ahmedabad,Pandit Praveen Tripathi,praveen.tripathi@auraharmonyadvisors.in,+91 9800026033,https://www.auraharmonyadvisors-ahmedabad.in,31+ Years,"₹7,500 - ₹42,500","Professional Vastu and space energy consulting firm in Ahmedabad, Gujarat offering specialized layout planning for residences, corporate offices, and commercial establishments.","Ahmedabad, Gujarat, West India","Site Visit, WhatsApp / Zoom Floorplan Audit",Authentic Classical Flying Star Feng Shui calculations coordinated with traditional Indian directional zoning.
Navgraha Vastu Sansthan Jaipur,Er. Virendra Solanki,virendra.solanki@navgrahavastusansthan.in,+91 9800029752,https://www.navgrahavastusansthan-jaipur.in,12+ Years,"₹8,000 - ₹45,000","Professional Vastu and space energy consulting firm in Jaipur, Rajasthan offering specialized layout planning for residences, corporate offices, and commercial establishments.","Jaipur, Rajasthan, North India","On-Site Survey, Online Video Consultation",Non-invasive 16-zone directional balancing using elemental color bands and copper/brass energy boundary strips.
Cosmic Axis Consultants Surat,Dr. Meenakshi Sundaram,meenakshi.sundaram@cosmicaxisconsultants.in,+91 9800033471,https://www.cosmicaxisconsultants-surat.in,15+ Years,"₹8,500 - ₹47,500","Professional Vastu and space energy consulting firm in Surat, Gujarat offering specialized layout planning for residences, corporate offices, and commercial establishments.","Surat, Gujarat, West India","Site Visit, WhatsApp / Zoom Floorplan Audit",Integrated Astro-Vastu mapping harmonizing the native's birth chart planetary positions with dwelling energy sectors.
Vastu Jyoti Kendra Lucknow,Acharya Brijesh Pande,brijesh.pande@vastujyotikendra.in,+91 9800037190,https://www.vastujyotikendra-lucknow.in,18+ Years,"₹9,000 - ₹50,000","Professional Vastu and space energy consulting firm in Lucknow, Uttar Pradesh offering specialized layout planning for residences, corporate offices, and commercial establishments.","Lucknow, Uttar Pradesh, North India","On-Site Survey, Online Video Consultation","Scientific space diagnostics utilizing Lecher antennas, compass degrees, and geo-stress radiation detection."
Paramount Space Harmonizers Chandigarh,Er. Amitabh Sen,amitabh.sen@paramountspaceharmonizers.in,+91 9800040909,https://www.paramountspaceharmonizers-chandigarh.in,21+ Years,"₹9,500 - ₹52,500","Professional Vastu and space energy consulting firm in Chandigarh, Punjab/Haryana offering specialized layout planning for residences, corporate offices, and commercial establishments.","Chandigarh, Punjab/Haryana, North India","Site Visit, WhatsApp / Zoom Floorplan Audit",Classical Vedic Sthapatya Veda rules optimized for contemporary high-rise apartment layouts.