Business Name,Contact Person,Email,Phone,Website,Years of Experience,Pricing Range,Business Description,Service Areas,Products,IRDAI Registration Number
Bajaj Allianz General Insurance Co. Ltd.,Tapan Singhel (MD & CEO),bagichelp@bajajallianz.co.in,1800-209-5858,https://www.bajajallianz.com,25 Years (Est. 2001),"₹1,500 - ₹50,000+ / year","Leading private general insurer in India offering comprehensive home, commercial property, Bharat Griha Raksha, and industrial risk insurance.",Pan-India,"Bharat Griha Raksha, Bharat Sookshma Udyam Suraksha, Standard Fire & Special Perils, Industrial All Risk (IAR)",IRDAI Reg. No. 113
ICICI Lombard General Insurance Co. Ltd.,Sanjeev Mantri (MD & CEO),customersupport@icicilombard.com,1800-2666,https://www.icicilombard.com,25 Years (Est. 2001),"₹1,200 - ₹45,000+ / year","One of India's largest private non-life insurers providing extensive residential, commercial property, and enterprise property damage insurance.",Pan-India,"Home Shield Insurance, Bharat Griha Raksha, Commercial Property Insurance, Business Interruption, Fire & Burglary Insurance",IRDAI Reg. No. 115
HDFC ERGO General Insurance Co. Ltd.,Anuj Tyagi (MD & CEO),care@hdfcergo.com,022-62346234,https://www.hdfcergo.com,24 Years (Est. 2002),"₹1,500 - ₹40,000+ / year","Leading general insurer providing robust home building, content coverage, office package policies, and commercial property risk management.",Pan-India,"Home Insurance Plan, Bharat Griha Raksha, Office Package Policy, Standard Fire & Special Perils, Industrial All Risks",IRDAI Reg. No. 146
Tata AIG General Insurance Co. Ltd.,Neelesh Garg (MD & CEO),customersupport@tataaig.com,1800-266-7780,https://www.tataaig.com,25 Years (Est. 2001),"₹1,400 - ₹50,000+ / year","Joint venture between Tata Group and AIG offering tailored property, fire, burglary, and catastrophic hazard insurance for residential and commercial assets.",Pan-India,"Tata AIG Home Secure, Bharat Griha Raksha, Bharat Laghu Udyam Suraksha, Property Damage Insurance, Consequential Loss Policy",IRDAI Reg. No. 108
The New India Assurance Co. Ltd.,Girija Subramanian (CMD),tech.support@newindia.co.in,1800-209-1415,https://www.newindia.co.in,107 Years (Est. 1919),"₹1,000 - ₹35,000+ / year","India's premier multinational public sector general insurance company offering extensive property protection for residential, industrial, and infrastructure assets.",Pan-India & Global,"Householders Insurance, Standard Fire and Special Perils, Bharat Griha Raksha, Industrial All Risk, Shopkeepers Insurance",IRDAI Reg. No. 190
National Insurance Co. Ltd.,Rajeswari S. (CMD),customer.support@nic.co.in,1800-345-0330,https://nationalinsurance.nic.co.in,120 Years (Est. 1906),"₹1,000 - ₹30,000+ / year","Historic public sector non-life insurer offering property underwriting, fire, earthquake, storm, and burglary coverage across urban and rural India.",Pan-India,"Householders Insurance, Fire & Allied Perils, Bharat Griha Raksha, Industrial Property Insurance, Business Interruption Cover",IRDAI Reg. No. 58
The Oriental Insurance Co. Ltd.,Rashmi Ramanathan (CMD),csd@orientalinsurance.co.in,1800-118-485,https://orientalinsurance.org.in,79 Years (Est. 1947),"₹1,100 - ₹32,000+ / year","Public sector non-life insurance pioneer specializing in complex commercial property underwriting, home insurance, and mega-risk property covers.",Pan-India,"Bharat Griha Raksha, Householders Policy, Standard Fire & Special Perils, Shop Insurance, Industrial All Risk Policy",IRDAI Reg. No. 556
United India Insurance Co. Ltd.,Bhupesh Sushil Rahul (CMD),customercare@uiic.co.in,1800-425-33333,https://uiic.co.in,88 Years (Est. 1938),"₹1,000 - ₹30,000+ / year","Leading public sector general insurer providing comprehensive property, real estate asset, fire, flood, and business premises risk coverage.",Pan-India,"Householder Insurance, Bharat Griha Raksha, Bharat Sookshma Udyam Suraksha, Fire Insurance, Machinery Breakdown & Property Cover",IRDAI Reg. No. 545
SBI General Insurance Co. Ltd.,Naveen Chandra Jha (MD & CEO),customer.care@sbigeneral.in,1800-102-1111,https://www.sbigeneral.in,17 Years (Est. 2009),"₹1,200 - ₹38,000+ / year","Joint venture between State Bank of India and Premji Invest offering digital-first residential, commercial, and enterprise property insurance.",Pan-India,"SBI General Long Term Home Insurance, Bharat Griha Raksha, Business Asset Protect, Standard Fire & Special Perils, SME Property Package",IRDAI Reg. No. 144
Reliance General Insurance Co. Ltd.,Rakesh Jain (CEO),services.rgicl@relianceada.com,1800-3009,https://www.reliancegeneral.co.in,26 Years (Est. 2000),"₹1,300 - ₹42,000+ / year","Prominent private general insurer offering end-to-end property security, Bharat Griha Raksha, fire risk insurance, and commercial warehouse covers.",Pan-India,"Reliance Home Insurance, Bharat Griha Raksha, Commercial Property Shield, Standard Fire & Allied Perils, Industrial All Risk",IRDAI Reg. No. 103
Cholamandalam MS General Insurance Co. Ltd.,V. Suryanarayanan (MD),customercare@cholams.murugappa.com,1800-208-5544,https://www.cholainsurance.com,25 Years (Est. 2001),"₹1,200 - ₹35,000+ / year",Joint venture between Murugappa Group and Mitsui Sumitomo Insurance offering comprehensive property and asset protection for homes and businesses.,Pan-India,"Chola Home Insurance, Bharat Griha Raksha, Business Interruption & Fire Cover, Industrial Property Insurance, Office Protection Plan",IRDAI Reg. No. 123
Royal Sundaram General Insurance Co. Ltd.,M.S. Sreedhar (MD),customer.services@royalsundaram.in,1860-425-0000,https://www.royalsundaram.in,26 Years (Est. 2000),"₹1,400 - ₹40,000+ / year","First private general insurer licensed in India offering multi-hazard property coverage, home structure/contents insurance, and commercial enterprise security.",Pan-India,"Home Shield Plan, Bharat Griha Raksha, Commercial Property Insurance, Business Guard, Fire & Special Perils",IRDAI Reg. No. 102
IFFCO Tokio General Insurance Co. Ltd.,Subrata Mondal (MD & CEO),websupport@iffcotokio.co.in,1800-103-5499,https://www.iffcotokio.co.in,26 Years (Est. 2000),"₹1,200 - ₹36,000+ / year","Leading general insurer jointly owned by IFFCO and Tokio Marine offering property, residential structure, inventory, and industrial asset insurance.",Pan-India,"Home Suvidha Policy, Bharat Griha Raksha, Bharat Laghu Udyam Suraksha, Standard Fire & Special Perils, Trade Protector",IRDAI Reg. No. 106
Go Digit General Insurance Ltd.,Jasleen Kohli (MD & CEO),hello@godigit.com,1800-258-5956,https://www.godigit.com,10 Years (Est. 2016),"₹999 - ₹30,000+ / year","Tech-driven modern general insurer providing paperless, instant-quote property insurance for homeowners, tenants, and commercial businesses.",Pan-India,"Digit Home Insurance, Bharat Griha Raksha, Digit Shop Insurance, SME Property Insurance, Standard Fire & Special Perils",IRDAI Reg. No. 158
Acko General Insurance Ltd.,Varun Dua (Founder & CEO),hello@acko.com,1800-266-2256,https://www.acko.com,10 Years (Est. 2016),"₹899 - ₹25,000+ / year","Direct-to-consumer digital insurer offering tailored property, apartment, and home contents insurance with zero-paperwork claim settlement.",Pan-India,"Acko Home Building & Content Cover, Bharat Griha Raksha, Rental Property Shield, Fire & Theft Cover",IRDAI Reg. No. 157
Zurich Kotak General Insurance Co. (Kotak General),Suresh Agarwal (MD & CEO),care@kotak.com,1800-266-4545,https://www.zurichkotak.com,11 Years (Est. 2015),"₹1,300 - ₹38,000+ / year","Backed by Zurich Insurance Group and Kotak Mahindra Group, providing high-standard property risk solutions for residential and industrial complexes.",Pan-India,"Kotak Home Secure, Bharat Griha Raksha, Bharat Sookshma Udyam Suraksha, Fire & Allied Perils, Industrial All Risks",IRDAI Reg. No. 152
Future Generali India Insurance Co. Ltd.,Anup Rau (MD & CEO),fgcare@futuregenerali.in,1800-220-233,https://general.futuregenerali.in,19 Years (Est. 2007),"₹1,200 - ₹35,000+ / year","Global insurance joint venture offering extensive property damage policies, home content safeguard, and SME commercial shop packages.",Pan-India,"Home Secure Policy, Bharat Griha Raksha, Bharat Laghu Udyam Suraksha, Fire & Special Perils Policy, Business Surplus Protect",IRDAI Reg. No. 132
Universal Sompo General Insurance Co. Ltd.,Sharad Mathur (MD & CEO),contactus@universalsompo.com,1800-224-030,https://www.universalsompo.com,19 Years (Est. 2007),"₹1,100 - ₹32,000+ / year","Public-private joint venture between Indian banks and Sompo Japan offering comprehensive property, residential fire, and commercial risk policies.",Pan-India,"Householders Insurance, Bharat Griha Raksha, Bharat Sookshma Udyam Suraksha, Standard Fire Policy, Commercial Asset Cover",IRDAI Reg. No. 134
Shriram General Insurance Co. Ltd.,Anil Kumar Aggarwal (MD & CEO),chserv@shriramgi.com,1800-300-30000,https://www.shriramgi.com,18 Years (Est. 2008),"₹1,000 - ₹28,000+ / year","General insurer under the Shriram Group providing accessible property, shopkeeper, and fire safety coverage across Tier 1 to Tier 4 regions in India.",Pan-India,"Shriram Home Care, Bharat Griha Raksha, Shopkeeper Package Insurance, Standard Fire & Special Perils, Business Protector",IRDAI Reg. No. 137
Liberty General Insurance Ltd.,Parag Ved (CEO),care@libertyinsurance.in,1800-266-5844,https://www.libertyinsurance.in,13 Years (Est. 2013),"₹1,300 - ₹36,000+ / year","Joint venture with Liberty Mutual Group offering tailored residential, commercial property, office package, and business interruption covers.",Pan-India,"Liberty Home Insurance, Bharat Griha Raksha, Bharat Laghu Udyam Suraksha, Commercial Property Package, Industrial All Risks",IRDAI Reg. No. 150
Magma HDI General Insurance Co. Ltd.,Rajive Kumaraswami (MD & CEO),customercare@magma-hdi.co.in,1800-266-3202,https://www.magma-hdi.co.in,14 Years (Est. 2012),"₹1,150 - ₹34,000+ / year","Joint venture between Magma Fincorp and HDI Global SE offering complete property damage, fire, burglary, and industrial enterprise insurance.",Pan-India,"Bharat Griha Raksha, Bharat Sookshma Udyam Suraksha, Standard Fire and Special Perils, Commercial Property Protector, Office Package",IRDAI Reg. No. 149
Raheja QBE General Insurance Co. Ltd.,Rajeev Dogra (MD & CEO),customercare@rahejaqbe.com,1800-102-7723,https://www.rahejaqbe.com,19 Years (Est. 2007),"₹1,500 - ₹45,000+ / year","Specialized insurer focusing on high-value property risks, commercial property liability, industrial plants, and luxury residential coverage.",Pan-India,"Bharat Griha Raksha, Bharat Laghu Udyam Suraksha, Industrial All Risks (IAR), Commercial Property Shield, Business Interruption",IRDAI Reg. No. 141
Navi General Insurance Ltd.,Sachin Bansal (Executive Chairman),insurance.care@navi.com,1800-123-0004,https://navi.com/general-insurance,9 Years (Est. 2017),"₹950 - ₹26,000+ / year",Digital financial services general insurer providing instant mobile-first home and property insurance with transparent digital claim support.,Pan-India,"Navi Home Insurance, Bharat Griha Raksha, Retail Property Shield, Fire & Allied Hazards Cover",IRDAI Reg. No. 155
Zuno General Insurance Ltd. (formerly Edelweiss General),Shanai Ghosh (MD & CEO),support@hellomano.com,1800-12000,https://www.hellomano.com,9 Years (Est. 2017),"₹1,000 - ₹28,000+ / year","Digital general insurance company offering modern, customizable property protection plans, home insurance, and SME business asset coverage.",Pan-India,"Zuno Home Shield, Bharat Griha Raksha, Bharat Sookshma Udyam Suraksha, Standard Fire Policy, SME Asset Cover",IRDAI Reg. No. 159
Kshema General Insurance Ltd.,Sunil Kumar Nandamudi (MD),info@kshema.co,1800-572-8888,https://kshema.co,3 Years (Est. 2023),"₹1,200 - ₹30,000+ / year","Modern non-life insurance company specialized in rural, agricultural property, warehouse assets, and semi-urban commercial property risks.",Pan-India,"Bharat Griha Raksha, Rural Property Protection, Warehouse & Agro-Asset Insurance, Standard Fire & Special Perils",IRDAI Reg. No. 162
Policybazaar Insurance Brokers Pvt. Ltd.,Sarbvir Singh (CEO),care@policybazaar.com,1800-208-8787,https://www.policybazaar.com,18 Years (Est. 2008),"₹800 - ₹35,000+ / year","India's largest online insurance marketplace providing comparative quotes, policy comparison, and instant issuance for residential and commercial property insurance.",Pan-India,"Bharat Griha Raksha, Home Structure & Content Insurance, Office & Shop Insurance, Commercial Fire Cover",IRDAI Reg. DB 742 / Certificate 446
Marsh India Insurance Brokers Pvt. Ltd.,Sanjay Kedia (Country Head & CEO),marsh.india@marsh.com,022-66513400,https://www.marsh.com/in,23 Years (Est. 2003),Custom Corporate / Enterprise Scale,"Global leader in insurance broking and risk management delivering sophisticated property loss prevention, catastrophic modeling, and industrial asset insurance.","Pan-India & Global (Offices in Mumbai, Delhi, Bengaluru, Chennai)","Industrial All Risk (IAR), Commercial Real Estate Portfolios, Mega Risk Property Cover, Business Interruption & Delay in Startup",IRDAI Reg. CB 084 / Composite Broker
Aon India Insurance Brokers Pvt. Ltd.,Rishi Mehra (CEO),aonindia@aon.com,022-66568200,https://www.aon.com/india,24 Years (Est. 2002),Custom Enterprise & Commercial Brokerage,"Leading professional services and insurance broking firm specializing in commercial property, real estate portfolios, supply chain resilience, and fire hazard underwriting.",Pan-India & International,"Commercial Property Damage, Industrial All Risks, Consequential Loss, Natural Catastrophe Excess Coverage",IRDAI Reg. CB 052/02
Willis Towers Watson India Insurance Brokers Pvt. Ltd.,Rohit Jain (Head of India),wtwindia@willistowerswatson.com,022-61567000,https://www.wtwco.com/en-in,23 Years (Est. 2003),Enterprise Risk Pricing,"Global advisory and broking multinational providing institutional property valuation risk analysis, manufacturing plant coverage, and real estate insurance.",Pan-India & Global,"Property All Risks, Business Interruption, Terror & Sabotage Cover, Machinery Breakdown & Real Estate Shield",IRDAI Reg. CB 086/03
Howden Insurance Brokers (India) Pvt. Ltd.,Amit Agarwal (Managing Director),contact@howdenindia.com,022-66598888,https://www.howdengroup.com/in-en,22 Years (Est. 2004),Commercial / SME / Corporate Scale,"Specialist insurance broker providing cutting-edge risk transfer solutions for real estate developers, commercial warehouses, and manufacturing assets.","Pan-India (Mumbai, Delhi, Chennai, Bengaluru, Kolkata)","Commercial Property Cover, Industrial All Risks, Loss of Profits Policy, Construction & Erection All Risks",IRDAI Reg. DB 249/04
Mahindra Insurance Brokers Ltd.,Vedanarayanan Seshadri (MD & CEO),customercare.mibl@mahindra.com,1800-266-6425,https://www.mahindrainsurance.com,23 Years (Est. 2003),"₹1,200 - ₹50,000+ / year","Subsidiary of Mahindra Group offering comprehensive direct and composite insurance broking for rural assets, urban homes, and corporate industrial complexes.",Pan-India (Over 400 branches),"Bharat Griha Raksha, Rural Asset Protect, Commercial Fire & Perils, Industrial All Risk, Warehousing Risk Shield",IRDAI Reg. CB 192/03
Aditya Birla Insurance Brokers Ltd.,Sandeep Dadia (CEO),abibl.customerservice@adityabirlacapital.com,1800-270-7000,https://www.adityabirlainsurancebrokers.com,23 Years (Est. 2003),"₹1,500 - ₹60,000+ / year","Aditya Birla Capital entity delivering risk advisory and placement for corporate real estate, commercial establishments, and individual homeowners.",Pan-India,"Home Protection Plans, Bharat Griha Raksha, Industrial All Risk, Commercial Property Package, Business Interruption",IRDAI Reg. DB 146/03
Anand Rathi Insurance Brokers Ltd.,Supriya Rathi (Whole Time Director),insurance@rathi.com,022-40013700,https://www.anandrathiinsurance.com,22 Years (Est. 2004),"₹1,400 - ₹45,000+ / year","Specialized insurance brokerage advising high-net-worth individuals, businesses, and industrial enterprises on optimal property asset insurance.",Pan-India,"Bharat Griha Raksha, High-Value Home Insurance, Commercial Complex Package, Industrial Fire & Explosion Cover",IRDAI Reg. DB 234/04
Prudent Insurance Brokers Pvt. Ltd.,Ajit Shenoy (Managing Director),contactus@prudentbrokers.com,022-68340000,https://www.prudentbrokers.com,24 Years (Est. 2002),Enterprise / Commercial Brokerage,"Leading Indian corporate broker managing sophisticated property risk portfolios for technology parks, manufacturing facilities, and real estate assets.","Pan-India (Mumbai, Bengaluru, Delhi NCR, Hyderabad, Pune, Chennai)","Industrial All Risks, Commercial Fire & Allied Perils, Advanced Loss of Profits, Real Estate Developer Asset Protection",IRDAI Reg. DB 079/02
SecureNow Insurance Broker Pvt. Ltd.,Kapil Mehta (Co-Founder),support@securenow.in,0124-4008377,https://securenow.in,15 Years (Est. 2011),"₹1,000 - ₹35,000+ / year","Tech-enabled commercial and SME insurance broker offering transparent property insurance, factory fire insurance, and office package policies.",Pan-India,"Bharat Sookshma Udyam Suraksha, Bharat Laghu Udyam Suraksha, Factory Fire Insurance, Commercial Office Shield",IRDAI Reg. DB 485/11
Turtlemint Insurance Broking Services Pvt. Ltd.,Dhirendra Mahyavanshi (Co-Founder & CEO),support@turtlemint.com,1800-266-0101,https://www.turtlemint.com,11 Years (Est. 2015),"₹900 - ₹30,000+ / year","Leading insurtech platform connecting certified advisors and clients across India for customized home, property, and SME asset coverage.","Pan-India (Present in 5,000+ pin codes)","Bharat Griha Raksha, Home Building & Content Cover, Shop & Establishment Package, Fire & Natural Hazard Insurance",IRDAI Reg. DB 463/10
Unison Insurance Broking Services Pvt. Ltd.,K.B. Vijay Srinivas (Principal Officer),info@unisoninsurance.net,079-40248888,https://unisoninsurance.net,21 Years (Est. 2005),Commercial & Enterprise Brokerage,"Premier direct and composite insurance broker headquartered in Gujarat with nationwide presence, specializing in large commercial property and industrial risks.","Pan-India (Ahmedabad, Mumbai, Delhi, Vadodara, Rajkot, Surat, Kolkata)","Industrial All Risk (IAR), Standard Fire & Special Perils, Mega Risk Property Insurance, Consequential Loss Policy",IRDAI Reg. CB 284/05
J.B. Boda Insurance Brokers Pvt. Ltd.,Gautam Boda (Chairman),jbboda@jbbodamail.com,022-66314949,https://www.jbboda.net,"72 Years (Est. 1954, Broker CoR 2002)",Institutional & Enterprise Scale,"Pioneering Indian reinsurance and direct insurance broker handling complex property, energy, catastrophic perils, and infrastructure asset protection.",Pan-India & 40+ Countries,"Industrial Property Cover, Infrastructure Asset Shield, Fire & Explosion Risk Underwriting, Machinery Loss of Profits",IRDAI Reg. CB 011/02
Landmark Insurance Brokers Pvt. Ltd. (PolicyBoss),Sushant Reddy (CEO),customercare@policyboss.com,1800-419-4040,https://www.policyboss.com,23 Years (Est. 2003),"₹1,000 - ₹35,000+ / year","Omni-channel insurance broker distributing residential property insurance, commercial establishment covers, and industrial fire packages nationwide.",Pan-India,"Bharat Griha Raksha, Home Content Guard, SME Shop Shield, Standard Fire and Special Perils",IRDAI Reg. DB 216/03
Hero Insurance Broking India Pvt. Ltd.,Sanjay Radhakrishnan (CEO),care@heroinsurance.com,1800-102-4376,https://www.heroinsurance.com,19 Years (Est. 2007),"₹1,100 - ₹32,000+ / year","Part of the Hero Group, delivering seamless digital and phygital property protection, home building covers, and commercial shop insurance.",Pan-India,"Bharat Griha Raksha, Hero Home Protect, Commercial Enterprise Property Package, Fire & Theft Shield",IRDAI Reg. DB 345/07
SMC Insurance Brokers Pvt. Ltd.,Pravin K. Agarwal (CEO),insurance@smcinsurance.com,1800-266-6080,https://www.smcinsurance.com,21 Years (Est. 2005),"₹1,200 - ₹38,000+ / year","Insurance broking wing of SMC Global Securities offering retail home insurance, warehouse covers, and corporate industrial property risk consulting.",Pan-India,"Bharat Griha Raksha, SME Property Shield, Standard Fire & Allied Perils, Office Protection Package",IRDAI Reg. DB 272/05
Coverfox Insurance Broking Pvt. Ltd.,Sanjib Jha (CEO),help@coverfox.com,1800-209-9970,https://www.coverfox.com,14 Years (Est. 2012),"₹950 - ₹30,000+ / year","Digital insurance aggregator and broker offering algorithmic property policy recommendations, fire insurance, and home structure protection.",Pan-India,"Bharat Griha Raksha, Digital Home Insurance, Shop & Godown Fire Cover, Landlord Property Insurance",IRDAI Reg. DB 505/12
Square Insurance Brokers Pvt. Ltd.,Rakesh Kumar (MD & CEO),support@squareinsurance.in,1800-258-6000,https://www.squareinsurance.in,10 Years (Est. 2016),"₹1,000 - ₹30,000+ / year","Rapidly growing insurtech broker providing property insurance, Bharat Griha Raksha, and rural asset protection across Tier 2, 3, and 4 markets.",Pan-India (Strong presence in Western & Northern India),"Bharat Griha Raksha, Rural Housing Protect, Retail Shop Fire Cover, Standard Fire & Special Perils",IRDAI Reg. DB 657/16
BimaKavach Insurance Brokers Pvt. Ltd.,Tejas Jain (Founder & CEO),support@bimakavach.com,1800-203-0026,https://www.bimakavach.com,5 Years (Est. 2021),"₹2,000 - ₹50,000+ / year (Commercial/Startup focus)","Modern business insurance broker specializing in commercial property, startup office packages, warehouse safety, and industrial asset damage.",Pan-India,"Commercial Property Shield, Startup Office Package, Bharat Laghu Udyam Suraksha, Burglary & Fire Policy",IRDAI Reg. DB 882/21
Girnar Insurance Brokers Pvt. Ltd. (InsuranceDekho),Ankit Agrawal (CEO & Co-Founder),support@insurancedekho.com,7551-196-989,https://www.insurancedekho.com,9 Years (Est. 2017),"₹900 - ₹32,000+ / year","Insurtech platform under CarDekho Group offering quick comparisons, policy issuance, and claims assistance for residential and commercial properties.",Pan-India,"Bharat Griha Raksha, Home Building & Contents, Shopkeeper Fire Insurance, Small Business Property Package",IRDAI Reg. DB 688/17
Muthoot Insurance Brokers Pvt. Ltd.,George Alexander Muthoot (Managing Director),insurance@muthootgroup.com,1800-313-1212,https://www.muthootinsurance.com,14 Years (Est. 2012),"₹1,000 - ₹28,000+ / year","Part of Muthoot Blue / Muthoot Group offering retail home insurance, gold loan collateral property covers, and MSME shop fire insurance.","Pan-India (5,000+ branches)","Bharat Griha Raksha, Muthoot Home Care, MSME Property Shield, Standard Fire and Allied Hazards",IRDAI Reg. DB 532/12
Almondz Insurance Brokers Pvt. Ltd.,Rohit Verma (CEO),info.insurance@almondz.com,011-43500700,https://www.almondzinsurance.com,23 Years (Est. 2003),Enterprise / Commercial Scale,"Financial services group broker handling corporate real estate risk assessments, commercial complex fire underwriting, and infrastructure coverage.",Pan-India,"Industrial All Risks, Standard Fire & Special Perils, Office Building Package, Consequential Loss Policy",IRDAI Reg. DB 137/03
Way2Wealth Insurance Brokers Pvt. Ltd.,M.R. Shashibhushan (Director),insurance@way2wealth.com,1800-425-3690,https://www.way2wealth.com,20 Years (Est. 2006),"₹1,200 - ₹35,000+ / year","Wealth management broking house providing property, real estate asset safeguard, and fire protection for retail and institutional clients.",Pan-India (South India dominant),"Bharat Griha Raksha, Commercial Complex Protection, Fire & Perils Insurance, Landlord Insurance Package",IRDAI Reg. DB 310/06
Beacon Insurance Brokers Pvt. Ltd.,Sanjay Agrawal (MD),beacon@beacon.co.in,0265-2353381,https://www.beacon.co.in,21 Years (Est. 2005),Commercial / SME Scale,Established insurance broker based in Vadodara offering comprehensive property and industrial plant risk management across Gujarat and Western India.,"Pan-India (Gujarat, Maharashtra, NCR, MP)","Industrial All Risk (IAR), Bharat Griha Raksha, Chemical & Petrochemical Property Cover, Standard Fire Policy",IRDAI Reg. DB 287/05
Global Insurance Brokers Pvt. Ltd.,Prabodh Thakker (Chairman),info@globalinsurance.co.in,022-66567000,https://www.globalinsurance.co.in,24 Years (Est. 2002),Enterprise / Corporate Scale,"One of India's premier composite insurance brokers delivering bespoke property loss control, real estate risk engineering, and catastrophic perils coverage.",Pan-India & International,"Property All Risks, Mega Infrastructure Asset Protection, Industrial Fire & Business Interruption, Machinery Loss of Profits",IRDAI Reg. CB 038/02
K.M. Dastur & Company Pvt. Ltd.,Burjor Dastur (CMD),kmdastur@kmdastur.com,022-22881370,https://www.kmdastur.com,"74 Years (Est. 1952, Broker CoR 2002)",Corporate & Industrial Risk Pricing,"Historic composite broker renowned for aviation, marine, and large-scale industrial property risk underwriting and international reinsurance placement.","Pan-India & International (Offices in London, Dubai, Mumbai)","Industrial All Risks, Heavy Manufacturing Property Covers, Fire & Catastrophe Risk Transfer, Delay in Startup",IRDAI Reg. CB 012/02
Ideal Insurance Brokers Pvt. Ltd.,Rahul Agarwal (Founder & CEO),info@idealinsurance.in,1800-120-8000,https://www.idealinsurance.in,18 Years (Est. 2008),"₹1,200 - ₹35,000+ / year","Kolkata-headquartered corporate insurance broker offering specialized property damage policies, factory fire covers, and retail home insurance.",Pan-India (Eastern India & National),"Bharat Griha Raksha, Bharat Laghu Udyam Suraksha, Warehouse Property Shield, Factory Fire & Perils Cover",IRDAI Reg. DB 373/08
Trinity Insurance Brokers Pvt. Ltd.,Jatin Doctor (Managing Director),contact@trinitybrokers.com,022-67891234,https://www.trinitybrokers.com,23 Years (Est. 2003),Commercial / SME Scale,"Direct broker handling commercial enterprise assets, commercial shopping complexes, residential societies, and fire safety risk management.",Pan-India,"Standard Fire and Special Perils, Bharat Griha Raksha, Commercial Complex Protection, Burglary & Housebreaking Policy",IRDAI Reg. DB 114/03
Embee Insurance Brokers Ltd.,Manish Bansal (MD),info@embeebrokers.com,0172-2708899,https://www.embeebrokers.com,23 Years (Est. 2003),"₹1,100 - ₹34,000+ / year","Chandigarh-based insurance broker catering to Northern India's industrial plants, commercial real estate assets, and residential properties.","Pan-India (Punjab, Haryana, Chandigarh, Delhi NCR)","Bharat Griha Raksha, Industrial Fire & Allied Perils, Cold Storage & Agro-Asset Cover, Commercial Building Package",IRDAI Reg. DB 139/03
Renuka Insurance Brokers Pvt. Ltd.,Chetan Modi (Director),info@renukainsurance.com,079-26851122,https://www.renukainsurance.com,23 Years (Est. 2003),"₹1,200 - ₹36,000+ / year","Ahmedabad-headquartered broker offering end-to-end commercial property, industrial estate, and home hazard insurance across Gujarat and Western India.","Pan-India (Gujarat, Maharashtra, Rajasthan)","Bharat Griha Raksha, Industrial All Risk, Chemical Unit Fire Shield, Commercial Office Package",IRDAI Reg. DB 202/03
Zopper Insurance Brokers Pvt. Ltd.,Suraj Jagtap (CEO),care@zopper.com,1800-103-7766,https://www.zopper.com,7 Years (Est. 2019),"₹800 - ₹25,000+ / year","Embedded insurtech platform and broker providing digital device, home appliance, and residential property content insurance across electronic retail chains.",Pan-India,"Home Appliance & Content Cover, Bharat Griha Raksha, Electronics Retail Shield, Tenant Content Insurance",IRDAI Reg. DB 796/19
Quickinsure Insurance Brokers Pvt. Ltd.,Bansi Patel (Director),support@quickinsure.co.in,079-66778899,https://www.quickinsure.co.in,10 Years (Est. 2016),"₹900 - ₹28,000+ / year","Digital-first insurance broking portal offering rapid comparisons, policy placement, and claims support for residential and small enterprise properties.","Pan-India (Ahmedabad, Surat, Rajkot, Mumbai)","Bharat Griha Raksha, SME Shopkeeper Insurance, Commercial Fire & Allied Hazards, Warehouse Protect",IRDAI Reg. DB 645/16
Bharat Re-Insurance Brokers Pvt. Ltd.,Rajeev Kumar (Principal Officer),contact@bharatre.com,044-28271100,https://www.bharatre.com,23 Years (Est. 2003),Reinsurance / Corporate Scale,"Chennai-based composite broker handling specialized property treaty, facultative reinsurance, and large commercial asset risk mitigation.",Pan-India & South Asia,"Industrial All Risks, Mega Project Property Placement, Catastrophic Property Loss Cover, Business Interruption",IRDAI Reg. CB 098/03
Probus Insurance Broker Pvt. Ltd.,Rakesh Goyal (Director),customercare@probusinsurance.com,1800-102-4488,https://www.probusinsurance.com,23 Years (Est. 2003),"₹1,000 - ₹32,000+ / year","Established nationwide broker providing digital and POSP-driven retail home insurance, office protection, and industrial fire covers.",Pan-India,"Bharat Griha Raksha, Home Building & Contents, Shopkeeper Package, Standard Fire & Special Perils",IRDAI Reg. DB 150/03
Reliance Insurance Broking Services,V. K. Sharma (Principal Officer),info.ribs@relianceada.com,022-30472000,https://www.relianceada.com,20 Years (Est. 2006),Corporate / Commercial Scale,"Direct insurance broker servicing high-value infrastructure assets, corporate headquarters, energy facilities, and manufacturing premises.",Pan-India,"Industrial All Risk (IAR), Commercial Asset Protection, Fire & Perils Insurance, Advance Loss of Profit",IRDAI Reg. DB 328/06
Platinum Insurance Brokers Pvt. Ltd.,Sunil V. Shah (Director),info@platinuminsure.com,022-26861234,https://www.platinuminsure.com,17 Years (Est. 2009),"₹1,200 - ₹38,000+ / year","Mumbai-based broker providing tailor-made insurance portfolios for cooperative housing societies, commercial towers, and industrial estates.","Pan-India (Maharashtra, Gujarat, Goa)","Housing Society Property Insurance, Commercial Complex Package, Bharat Griha Raksha, Fire & Special Perils",IRDAI Reg. DB 431/09
Ghaisas Insurance Brokers Pvt. Ltd.,Milind Ghaisas (Director),info@ghaisasinsurance.com,020-24445566,https://www.ghaisasinsurance.com,23 Years (Est. 2003),"₹1,100 - ₹35,000+ / year","Pune-based insurance broking firm specializing in auto ancillary plants, industrial real estate, and residential property coverage.",Pan-India (Western India),"Bharat Griha Raksha, Industrial All Risks, Factory Fire & Perils, Machinery Breakdown & Property Protection",IRDAI Reg. DB 168/03
Anar Insurance Brokers Ltd.,Anar Patel (Director),contact@anarinsurance.com,079-76007676,https://www.anarinsurance.com,24 Years (Est. 2002),"₹1,200 - ₹36,000+ / year","One of Gujarat's early licensed brokers catering to textile factories, commercial plazas, chemical manufacturing units, and luxury homes.","Pan-India (Ahmedabad, Surat, Vadodara, Mumbai)","Bharat Griha Raksha, Textile Mill Property Insurance, Chemical Hazard Fire Cover, Commercial Real Estate Shield",IRDAI Reg. DB 067/02
Zenith Insurance Brokers Pvt. Ltd.,Ashok Singhania (Director),info@zenithinsurance.in,011-23314567,https://www.zenithinsurance.in,23 Years (Est. 2003),"₹1,300 - ₹40,000+ / year","Delhi-headquartered corporate broker providing end-to-end property risk placement for warehousing parks, commercial hotels, and office complexes.",Pan-India,"Hotel & Hospitality Property Shield, Warehouse Fire Cover, Bharat Griha Raksha, Standard Fire Policy",IRDAI Reg. DB 118/03
Arihant Insurance Broking Services Ltd.,Ashok Jain (Chairman),insurance@arihantcapital.com,0731-4217123,https://www.arihantcapital.com/insurance,18 Years (Est. 2008),"₹1,000 - ₹30,000+ / year","Insurance arm of Arihant Capital Markets offering property, commercial assets, and residential fire insurance across Central and Northern India.","Pan-India (Indore, Bhopal, Jaipur, Mumbai, Delhi)","Bharat Griha Raksha, Shopkeeper Package, Commercial Property Cover, Fire & Allied Perils",IRDAI Reg. DB 382/08
Pioneer Insurance & Reinsurance Brokers Pvt. Ltd.,Nitin Mohan (CEO),pioneer@pioneerinsurance.co.in,022-67543300,https://www.pioneerinsurance.co.in,18 Years (Est. 2008),Corporate / Composite Scale,"Composite broker managing property portfolios for pharmaceutical plants, infrastructure projects, real estate developers, and port facilities.",Pan-India & International,"Industrial All Risks, Pharma Plant Property Cover, Commercial Real Estate Shield, Loss of Profit Policy",IRDAI Reg. CB 402/08
Edelweiss Insurance Brokers Ltd.,Pooja Yadav (Principal Officer),insurance.service@edelweissfin.com,022-40094400,https://www.edelweissinsurancebrokers.com,23 Years (Est. 2003),"₹1,500 - ₹45,000+ / year","Corporate insurance advisory firm managing commercial property portfolios, retail malls, high-rise residential towers, and corporate offices.",Pan-India,"Commercial Property Shield, Bharat Griha Raksha, Standard Fire & Special Perils, Business Interruption Cover",IRDAI Reg. DB 151/03
Star Insurance Brokers Pvt. Ltd.,K. Ramanathan (Director),contact@starinsurancebrokers.in,044-28291234,https://www.starinsurancebrokers.in,23 Years (Est. 2003),"₹1,200 - ₹34,000+ / year","Chennai-based direct insurance broker serving southern manufacturing clusters, IT tech parks, commercial complexes, and individual homes.","Pan-India (Tamil Nadu, Karnataka, Telangana, Kerala)","IT Tech Park Property Cover, Bharat Griha Raksha, Factory Fire & Perils, Commercial Building Shield",IRDAI Reg. DB 104/03
Prime Insurance Broking Services Pvt. Ltd.,N. K. Jain (Director),info@primeinsurance.co.in,040-23351122,https://www.primeinsurance.co.in,23 Years (Est. 2003),"₹1,100 - ₹32,000+ / year","Hyderabad-based corporate broker providing comprehensive property and fire insurance for pharma hubs, commercial office spaces, and residences.","Pan-India (Telangana, Andhra Pradesh, Maharashtra)","Bharat Griha Raksha, Commercial Complex Protection, Fire & Explosion Insurance, SME Asset Protect",IRDAI Reg. DB 127/03
Fortune Insurance Brokers Pvt. Ltd.,Sanjay Gupta (Director),fortune@fortuneinsurance.in,011-41556677,https://www.fortuneinsurance.in,23 Years (Est. 2003),"₹1,200 - ₹35,000+ / year","North India broker offering residential property risk management, retail shop packages, and manufacturing unit fire coverage.","Pan-India (Delhi NCR, UP, Rajasthan, Haryana)","Bharat Griha Raksha, Shopkeeper Protector, Standard Fire Policy, Warehouse Hazard Cover",IRDAI Reg. DB 218/03
Enivesh Insurance Brokers Pvt. Ltd.,Jitendra Shingote (MD),contact@enivesh.com,022-60121112,https://www.enivesh.com,18 Years (Est. 2008),"₹1,000 - ₹30,000+ / year","Fintech and insurance broker distributing customized property protection, retail home covers, and commercial shop security across Maharashtra.",Pan-India,"Bharat Griha Raksha, Home Building Insurance, Retail Store Fire Shield, Standard Fire & Allied Perils",IRDAI Reg. DB 392/08
Finsall Insurance Brokers Pvt. Ltd.,Tim Mathews (Co-Founder & CEO),support@finsall.com,080-41239876,https://www.finsall.com,6 Years (Est. 2020),"₹1,000 - ₹40,000+ / year (with premium financing options)",Insurtech broker offering commercial property insurance bundled with premium financing solutions for MSMEs and enterprise properties.,Pan-India,"Bharat Laghu Udyam Suraksha, Commercial Property Shield, Factory Fire Insurance, Bharat Griha Raksha",IRDAI Reg. DB 812/20
Risk Edge Insurance Brokers Pvt. Ltd.,Amit Sinha (Director),info@riskedge.co.in,0120-4567890,https://www.riskedge.co.in,8 Years (Est. 2018),Commercial / Corporate Scale,"Specialized risk engineering and property insurance broker catering to cold chains, logistics hubs, and industrial warehousing.",Pan-India,"Warehouse Property Insurance, Industrial All Risks, Cold Storage Asset Cover, Standard Fire Policy",IRDAI Reg. DB 721/18
Matrix Insurance Brokers Pvt. Ltd.,Sunil Narang (MD),info@matrixinsurance.com,011-47123456,https://www.matrixinsurance.com,23 Years (Est. 2003),"₹1,300 - ₹38,000+ / year","Corporate broker delivering fire safety assessments, property value appraisals, and comprehensive commercial asset insurance packages.",Pan-India,"Standard Fire & Special Perils, Commercial Building Shield, Bharat Griha Raksha, Business Interruption Cover",IRDAI Reg. DB 213/03
Sunbeam Insurance Brokers Pvt. Ltd.,R. C. Agrawal (Director),contact@sunbeaminsurance.com,022-28765432,https://www.sunbeaminsurance.com,23 Years (Est. 2003),"₹1,100 - ₹33,000+ / year","Mumbai-based broker providing property risk mitigation for housing societies, retail establishments, and small manufacturing workshops.",Pan-India (Western Region),"Bharat Griha Raksha, Housing Society Complex Cover, Workshop Fire Shield, Standard Fire Policy",IRDAI Reg. DB 147/03
Shield Insurance Brokers Pvt. Ltd.,Ajay Sharma (Principal Officer),helpdesk@shieldbrokers.com,011-26543210,https://www.shieldbrokers.com,20 Years (Est. 2006),"₹1,200 - ₹35,000+ / year","Direct broker offering property insurance for commercial showroom chains, corporate offices, and individual residential bungalows.",Pan-India,"Commercial Showroom Shield, Bharat Griha Raksha, Office Package Policy, Fire & Allied Perils",IRDAI Reg. DB 315/06
Foresight Insurance Brokers Pvt. Ltd.,K. V. Subrahmanyam (Director),info@foresightinsurance.com,040-23456789,https://www.foresightinsurance.com,23 Years (Est. 2003),Commercial / SME Scale,"South India broker providing property damage solutions, engineering asset covers, and residential hazard policies.","Pan-India (Hyderabad, Bengaluru, Chennai)","Bharat Griha Raksha, Bharat Sookshma Udyam Suraksha, Engineering Property Cover, Fire & Theft Shield",IRDAI Reg. DB 169/03
First Policy Insurance Brokers Pvt. Ltd.,Ashok Kumar (Director),support@firstpolicy.com,020-66001122,https://www.firstpolicy.com,23 Years (Est. 2003),Enterprise / Commercial Scale,"Corporate broker specializing in automotive manufacturing plant risks, engineering fabrication units, and commercial real estate portfolios.","Pan-India (Pune, Mumbai, Delhi, Chennai)","Industrial All Risks, Automotive Plant Property Cover, Commercial Real Estate Shield, Fire Policy",IRDAI Reg. DB 175/03
Span Insurance Brokers Pvt. Ltd.,Brajesh Kumar (Director),info@spaninsurance.in,033-22481234,https://www.spaninsurance.in,23 Years (Est. 2003),"₹1,150 - ₹34,000+ / year","Kolkata-based insurance brokerage serving manufacturing units, commercial office buildings, and residential properties across Eastern India.","Pan-India (West Bengal, Odisha, Bihar, Assam)","Bharat Griha Raksha, Commercial Building Protector, Industrial Fire & Perils, Shopkeeper Policy",IRDAI Reg. DB 180/03
Amicus Insurance Brokers Pvt. Ltd.,V. S. Raghavan (Director),contact@amicusinsurance.com,044-24991122,https://www.amicusinsurance.com,23 Years (Est. 2003),"₹1,200 - ₹36,000+ / year","Chennai-based broker providing property risk underwriting, storm and flood hazard mitigation, and commercial building insurance.",Pan-India (Southern Region),"Coastal Property Flood & Storm Shield, Bharat Griha Raksha, Standard Fire Policy, Office Package",IRDAI Reg. DB 215/03
Waypoint Insurance Brokers Pvt. Ltd.,P. N. Murthy (Principal Officer),info@waypointinsurance.in,022-25001122,https://www.waypointinsurance.in,13 Years (Est. 2013),"₹1,100 - ₹32,000+ / year","Direct broker offering property insurance for commercial warehouses, educational institutions, and residential housing projects.",Pan-India,"Educational Campus Property Cover, Warehouse Fire Insurance, Bharat Griha Raksha, Business Protector",IRDAI Reg. DB 540/13
Viva Insurance Brokers Pvt. Ltd.,Pankaj Jain (Director),viva@vivainsurance.com,011-42003344,https://www.vivainsurance.com,15 Years (Est. 2011),"₹1,000 - ₹30,000+ / year","Direct broker delivering specialized property insurance solutions for retail stores, boutique hotels, and individual residential homes.",Pan-India,"Bharat Griha Raksha, Hotel & Boutique Property Shield, Shop Fire Policy, Home Contents Insurance",IRDAI Reg. DB 482/11
Heritage Insurance Brokers Pvt. Ltd.,Deepak Mehta (Director),info@heritageinsurance.co.in,011-25781122,https://www.heritageinsurance.co.in,23 Years (Est. 2003),"₹1,200 - ₹35,000+ / year","New Delhi broker advising on heritage properties, luxury residential estates, and commercial real estate asset protection.",Pan-India,"Heritage Structure Insurance, Luxury Home Cover, Bharat Griha Raksha, Standard Fire Policy",IRDAI Reg. DB 105/03
Alacrity Insurance Brokers Pvt. Ltd.,Sunil Agrawal (Director),alacrity@alacritybrokers.com,033-22871133,https://www.alacritybrokers.com,23 Years (Est. 2003),Commercial / SME Scale,"Kolkata broker delivering property protection for manufacturing plants, commercial showrooms, and residential buildings.",Pan-India,"Standard Fire and Allied Hazards, Bharat Griha Raksha, Factory Asset Protection, Burglary Cover",IRDAI Reg. DB 143/03
InsureCare Insurance Brokers Pvt. Ltd.,Vivek Trivedi (Principal Officer),care@insurecare.in,079-27541122,https://www.insurecare.in,18 Years (Est. 2008),"₹1,100 - ₹32,000+ / year","Gujarat-based insurance broker providing personalized property insurance for housing societies, retail businesses, and small factories.",Pan-India (Gujarat & Western Region),"Bharat Griha Raksha, Housing Society Protection, Small Factory Fire Shield, Standard Fire Policy",IRDAI Reg. DB 368/08
JRG Insurance Brokers Pvt. Ltd.,Giby Mathew (MD),insurance@jrg.co.in,0484-2391122,https://www.jrg.co.in,19 Years (Est. 2007),"₹1,000 - ₹28,000+ / year","Kochi-based broker offering property hazard insurance, coastal storm shields, and home structure protection across Kerala and South India.","Pan-India (Kerala, Tamil Nadu, Karnataka)","Bharat Griha Raksha, Coastal Property Cover, Monsoon Hazard Shield, Standard Fire Policy",IRDAI Reg. DB 335/07
NetAmbit Insurance Broking India Pvt. Ltd.,Girish Batra (Chairman & MD),support@netambit.com,0120-4781200,https://www.netambit.com,18 Years (Est. 2008),"₹950 - ₹28,000+ / year","Distribution-focused direct broker offering consumer home insurance, SME shop protection, and fire peril covers across Tier 1, 2, and 3 cities.",Pan-India,"Bharat Griha Raksha, Retail Shop Insurance, Home Structure & Contents Cover, Fire & Burglary",IRDAI Reg. DB 389/08
Trustline Insurance Brokers Pvt. Ltd.,Vinay Gupta (MD),insurance@trustline.in,0120-4663300,https://www.trustline.in,16 Years (Est. 2010),"₹1,100 - ₹34,000+ / year","Broking subsidiary of Trustline Securities offering comprehensive property insurance, warehouse policies, and commercial shop packages.",Pan-India,"Bharat Griha Raksha, Commercial Property Shield, Standard Fire & Special Perils, Office Package Policy",IRDAI Reg. DB 462/10
Master Insurance Brokers Ltd.,Harjeet Singh Arora (MD),insurance@mastertrust.co.in,0161-3911500,https://www.mastertrust.co.in,21 Years (Est. 2005),"₹1,200 - ₹36,000+ / year","Mastertrust Group broker delivering industrial plant property covers, textile unit fire insurance, and residential property protections in Punjab and NCR.",Pan-India (Northern Region),"Industrial All Risks, Textile Plant Property Shield, Bharat Griha Raksha, Standard Fire Policy",IRDAI Reg. DB 295/05
Emedlife Insurance Broking Services Ltd.,Dr. R. N. Sharma (Director),info@emedlife.com,040-44556677,https://www.emedlife.com,23 Years (Est. 2003),Commercial / Corporate Scale,"Direct broker offering specialized property insurance for healthcare facilities, hospital complexes, commercial diagnostic labs, and residential assets.",Pan-India,"Hospital & Diagnostic Complex Property Cover, Bharat Griha Raksha, Commercial Building Shield, Fire Policy",IRDAI Reg. DB 145/03
Choice Insurance Broking India Pvt. Ltd.,Kamal Poddar (MD),insurance@choiceindia.com,022-67079999,https://www.choiceindia.com,11 Years (Est. 2015),"₹1,000 - ₹30,000+ / year","Choice International broking unit providing tech-enabled home insurance, shopkeeper package covers, and small business asset protection.",Pan-India,"Bharat Griha Raksha, Retail Shop Insurance, SME Property Protector, Standard Fire & Allied Perils",IRDAI Reg. DB 612/15
S&S General Insurance Brokers (India) Ltd.,S. K. Sundar (Director),contact@ssinsurancebrokers.com,044-24341122,https://www.ssinsurancebrokers.com,23 Years (Est. 2003),"₹1,150 - ₹35,000+ / year","Chennai-based broker providing property risk mitigation for engineering plants, residential housing complexes, and commercial showrooms.",Pan-India (South India),"Standard Fire & Special Perils, Bharat Griha Raksha, Engineering Plant Asset Cover, Commercial Building Insurance",IRDAI Reg. DB 102/03
Lifeline Insurance Brokers Pvt. Ltd.,Sunil Verma (Director),support@lifelinebrokers.in,011-27011122,https://www.lifelinebrokers.in,19 Years (Est. 2007),"₹1,000 - ₹29,000+ / year","Delhi-based direct broker offering residential home structure insurance, retail shop fire covers, and commercial property risk management.",Pan-India,"Bharat Griha Raksha, Home Content Insurance, Shopkeeper Package, Fire & Allied Perils",IRDAI Reg. DB 352/07
Crest Insurance Brokers Pvt. Ltd.,N. S. Rajan (Director),info@crestbrokers.com,022-28341122,https://www.crestbrokers.com,17 Years (Est. 2009),"₹1,200 - ₹38,000+ / year","Mumbai corporate broker providing risk consulting, fire safety underwriting, and property insurance for commercial shopping malls and office towers.",Pan-India,"Commercial Mall Property Shield, Bharat Griha Raksha, Office Building Package, Industrial All Risks",IRDAI Reg. DB 411/09
Bluechip Insurance Broking Pvt. Ltd.,J. Rajagopalan (Director),insurance@bluechipindia.co.in,022-26541122,https://www.bluechipindia.co.in,22 Years (Est. 2004),"₹1,100 - ₹32,000+ / year",Retail financial distribution giant's broking wing providing home and residential property insurance across hundreds of retail branches nationwide.,Pan-India (500+ branches),"Bharat Griha Raksha, Bluechip Home Protect, Residential Society Fire Cover, Standard Fire Policy",IRDAI Reg. DB 248/04
Fairdeal Insurance Brokers Pvt. Ltd.,Ramesh Kumar (Principal Officer),info@fairdealinsurance.com,011-25551122,https://www.fairdealinsurance.com,21 Years (Est. 2005),"₹1,000 - ₹30,000+ / year","North India broker offering property and asset coverage for manufacturing workshops, commercial shops, and residential premises.",Pan-India,"Bharat Griha Raksha, SME Workshop Fire Cover, Commercial Shop Protector, Fire & Special Perils",IRDAI Reg. DB 298/05
Synergy Insurance Broking Services Pvt. Ltd.,S. Bhattacharya (Director),synergy@synergybrokers.com,033-24651122,https://www.synergybrokers.com,20 Years (Est. 2006),"₹1,200 - ₹35,000+ / year","Eastern India broker delivering property risk management, tea garden asset protection, and commercial warehouse insurance.","Pan-India (Kolkata, Siliguri, Guwahati)","Tea Estate & Factory Property Cover, Bharat Griha Raksha, Warehouse Fire Shield, Standard Fire Policy",IRDAI Reg. DB 318/06
Integris Insurance Brokers Pvt. Ltd.,Nitin Goel (CEO),connect@integris.co.in,0124-4901122,https://www.integris.co.in,7 Years (Est. 2019),Commercial / SME Scale,"Insurtech corporate broker catering to corporate real estate, logistics hubs, and manufacturing facilities across Northern and Western India.",Pan-India,"Commercial Property Shield, Logistics Hub Fire Cover, Bharat Laghu Udyam Suraksha, Bharat Griha Raksha",IRDAI Reg. DB 765/19
Cover360 Insurance Brokers Pvt. Ltd.,Alok Kumar (Director),support@cover360.in,1800-360-360,https://www.cover360.in,7 Years (Est. 2019),"₹900 - ₹28,000+ / year","Online platform delivering comparative property insurance, instant home structure policy generation, and digital claims filing.",Pan-India,"Bharat Griha Raksha, Home Content Insurance, Small Business Property Package, Fire & Allied Perils",IRDAI Reg. DB 788/19
Dynamic Insurance Brokers Pvt. Ltd.,Ajay Singhal (Director),info@dynamicbrokers.com,011-23711122,https://www.dynamicbrokers.com,18 Years (Est. 2008),"₹1,100 - ₹33,000+ / year","Delhi-based direct broker specializing in commercial property underwriting, fire hazard inspection, and housing society covers.",Pan-India,"Housing Society Complex Shield, Commercial Showroom Package, Bharat Griha Raksha, Standard Fire Policy",IRDAI Reg. DB 362/08