Business Name,Contact Person,Email,Phone,Website,Years of Experience,Pricing Range,Business Description,Service Areas,Units Managed,Fee Structure
PropertyAngel Management Pvt Ltd,Sapna Chandiramani (Co-Founder & CEO) / Rahul Pai (Co-Founder),hello@propertyangel.in,+91 74064 84455,https://www.propertyangel.in/,12+ Years (Est. 2014),"₹15,000 – ₹45,000/year (or 8% – 10% of monthly rent)","Full-stack residential property management firm providing tenant sourcing, on-ground inspections, automated rent collection, and maintenance coordination for resident owners and NRIs.","Koramangala, Indiranagar, Whitefield, HSR Layout, Sarjapur Road, Bellandur, Hebbal, Bengaluru","2,000+ properties",Zero sign-up fee; 1 month rent for tenant placement + 8% to 10% monthly property management fee
Secured Homes,Operations Head / Designated Property Manager,info@securedhomes.in,+91 96598 34156,https://securedhomes.in/,6+ Years (Est. 2020),"₹12,000 – ₹30,000/year (or 8% – 10% of monthly rent)","Full-service NRI and resident property management firm offering verified tenant placement, automated rent remittance, transparent maintenance estimation, and real-time app tracking.","Whitefield, Sarjapur Road, Koramangala, Indiranagar, Bellandur, Hebbal, Jayamahal, Bengaluru",500+ residential units,15 days to 1 month rent tenant placement fee + ₹999/month flat or 8% monthly management fee
Proptension India Pvt Ltd,Ramesh Mariyappan (Co-Founder) / Menaka Ramesh (Director & Co-Founder),proptension@gmail.com,+91 98451 08748,https://proptension.com/,10+ Years (Est. 2016),"₹15,000 – ₹35,000/year","Local custodian and property management partner managing individual apartments, villas, and commercial spaces with end-to-end tenant screening, lease execution, and repair oversight.","HAL Old Airport Road, Indiranagar, Marathahalli, Whitefield, Electronic City, Bengaluru","1,000+ managed properties",1 Month rent for tenant placement + 8% – 10% monthly maintenance/management retainer
ORO Proptech,Vikram Reddy (Founder & CEO),contact@oroproptech.com,+91 80 4718 8999,https://www.oroproptech.com/,5+ Years (Est. 2021),"₹11,988 – ₹24,000/year (Flat starting ₹999/month)","Tech-enabled property management platform led by IIT alumni providing flat-fee asset supervision, 90-point move-in audits, tenant background checks, and automated rent tracking.","Whitefield, Bellandur, Outer Ring Road, Sarjapur Road, HSR Layout, Bengaluru",600+ apartments & villas,Flat ₹999/month management fee with no percentage-based brokerage markups
Roomskart Technologies,Shazin Aboobacker (Founder & CEO) / Zaba Rahim (Executive Director),info@roomskart.com,+91 62383 22822,https://roomskart.com/,6+ Years (Est. 2020),"₹12,000 – ₹36,000/year (or 8% – 12% of monthly rental)","End-to-end property care and rental management service specializing in tenant acquisition within 2–4 weeks, regular video inspections, interior setup, and NRI property maintenance.","HSR Layout, Bommasandra, Electronic City, BTM Layout, Koramangala, Bengaluru & Karnataka","1,000+ rental properties",1 Month rent placement fee + 10% monthly rental management fee
Property Marshal,Jeevan Gowda (Founder & CEO),info@propertymarshal.in,+91 80 4124 5678,https://www.propertymarshal.in/,11+ Years (Est. 2015),"₹15,000 – ₹40,000/year","Professional residential property management firm providing comprehensive tenancy administration, dispute resolution, routine property checkups, and rental agreement execution.","Begur Road, Bannerghatta Road, JP Nagar, Electronic City, HSR Layout, Bengaluru","1,200+ residential properties","Annual management package from ₹15,000 + 1 month brokerage for new tenant placement"
Renteel India,Operations Director / Client Support Head,info@renteel.com,+91 62920 50541,https://renteel.com/,4+ Years (Est. 2022),"₹18,000 – ₹50,000/year (8% – 12% of monthly rent)","Modern property management firm catering to NRI landlords with digital lease drafting, tenant background checks, quarterly photographic site audits, and proactive repairs.","Whitefield, Electronic City, Sarjapur Road, HSR Layout, Hebbal, Indiranagar, Jayanagar, Bengaluru",450+ managed assets,8% to 12% of monthly rental income (with custom a-la-carte tenant sourcing plans)
Housewise Services Pvt Ltd,Pryank Agrawal (Founder & CEO),sales@housewise.in,+91 84484 40693,https://housewise.in/,10+ Years (Est. 2016),"₹15,000 – ₹35,000/year (or 10% monthly rent)","Pan-India tech-driven property management platform managing NRI properties in Bengaluru through legal leasing agreements, verified tenant placement, rent monitoring, and maintenance.","Whitefield, Marathahalli, Bellandur, Electronic City, Thanisandra, Hebbal, Bengaluru","3,000+ units across India",1 Month rent for tenant search + 10% monthly maintenance management fee
SANGAU Property Management & Rentals,S. George (Founder & Managing Partner),enquiry@sangau.com,+91 95674 45780,https://sangau.com/,19+ Years (Est. 2007),"₹14,000 – ₹36,000/year (Zero Brokerage Model)","ISO-certified property management firm providing zero-brokerage rental solutions, scheduled inspections, preventative repairs, and complete tenancy lifecycle support.","Kasturi Nagar, Indiranagar, Whitefield, Yeshwanthpur, Jalahalli, Hebbal, Bengaluru",900+ properties,Flat monthly management fee model without upfront brokerage charged to owners or tenants
PropTech Solutions,Managing Director / Head of NRI Services,info@proptechsolutions.in,+91 80 4853 9120,https://proptechsolutions.in/,6+ Years (Est. 2020),"₹15,000 – ₹35,000/year","Dedicated NRI property management agency delivering end-to-end rental coordination, tenant verification, utility bill tracking, site inspections, and legal documentation.","Jayanagar, JP Nagar, BTM Layout, Bannerghatta Road, Electronic City, Bengaluru",500+ properties,"Annual management package ₹15,000 – ₹25,000 + 1 month rental brokerage for tenant placement"
HomeShikari (TTK Services Pvt Ltd),Sundar P (Business Head / VP),contact@homeshikari.com,+91 80 8066 554070,https://www.homeshikari.com/,15+ Years (Est. 2011),"₹12,000 – ₹30,000/year","Part of the TTK Group offering comprehensive tenancy management, periodic property monitoring, legal title verification, and maintenance support across Bengaluru.","Varthur Road, Whitefield, Marathahalli, Koramangala, Indiranagar, Bengaluru","2,500+ properties serviced","Annual property monitoring/management subscription (from ₹12,000/yr) + standard placement charges"
Pestle Properties,Designated Partner / Operations Head,info@pestleproperties.com,+91 96114 87333,https://pestleproperties.com/,12+ Years (Est. 2014),"₹15,000 – ₹40,000/year","NRI-focused property care firm providing thorough tenant screening, on-time rent recovery, legal compliance, 24/7 maintenance support, and detailed financial statements.","Rajajinagar, Malleshwaram, Yeshwanthpur, Hebbal, Sadashivanagar, Bengaluru",600+ units,1 Month rent placement fee + 8% to 10% monthly maintenance retainer
NRIWAY,Operations Head / NRI Helpdesk Lead,info@nriway.com,+91 80 4370 5599,https://nriway.com/,9+ Years (Est. 2017),"₹18,000 – ₹45,000/year","Global NRI administrative and property management gateway managing tenant handovers, lease contracts, society NOCs, utility bill clearing, and physical property surveillance.","Bengaluru, Mysore, Mangalore, and major Karnataka urban centres","1,500+ properties","Annual caretaking package (₹18,000 – ₹35,000) + customized tenant placement fees"
Friendly Realtors & Property Management (FRPM),Syed Rizwan (Managing Partner / Operations Head),info@friendlyrealtors.in,+91 70222 52980,https://friendlyrealtors.in/,8+ Years (Est. 2018),"₹15,000 – ₹40,000/year","Boutique property management and luxury real estate firm offering hands-on tenant screening, rental administration, rent collection, and periodic property repair supervision.","Cooke Town, Frazer Town, Benson Town, Indiranagar, Jakkur, Hebbal, Bengaluru",200+ premium properties,1 Month rent brokerage on lease execution + 8% – 10% monthly management fee
PropManageX (Realestify / PropManageX Solution Pvt Ltd),Rakshith B V & Deepesh Thakkar (Co-Founders),info@propmanagex.com,+91 80 2318 4567,https://www.propmanagex.com/,5+ Years (Est. 2021),"₹15,000 – ₹48,000/year (or 10% – 15% for Airbnb/vacation rentals)","Specialized long-term rental and short-term Airbnb/vacation home property management company offering end-to-end guest/tenant handling, listing optimization, and maintenance.","Nagarbhavi, Rajajinagar, HSR Layout, Koramangala, Bengaluru & Mysore (Karnataka)",400+ properties,8% to 10% for long-term rentals; 15% to 20% revenue share for Airbnb vacation rentals
Cura NRI Property Services,Dipty / Dipti (Director of Operations),info@mycuraservices.com,+91 80 4112 8890,https://www.mycuraservices.com/,9+ Years (Est. 2017),"₹15,000 – ₹35,000/year","Dedicated NRI property management agency providing verified tenant search, lease documentation, society liaising, repair coordination, and photo-documented inspection checkups.","JP Nagar, Jayanagar, BTM Layout, Banashankari, Bengaluru",500+ managed properties,"1 Month rental fee for placement + ₹15,000/year annual management retainer"
Propdial India Pvt Ltd,Vinay Prajapati (Co-Founder & CEO) / Gopal Pradhan (Co-Founder),info@propdial.com,+91 95821 95821,https://www.propdial.com/,12+ Years (Est. 2014),"₹12,000 – ₹35,000/year","Leading institutional property management and rental agency delivering 360-degree maintenance, tenant background checks, digital agreement signing, and rent collection.","Whitefield, Electronic City, Sarjapur, Marathahalli, Hebbal, Kanakapura Road, Bengaluru","4,500+ properties pan-India","Annual PMS package ₹12,000 – ₹24,000 + 15 days to 1 month rent for tenant placement"
Manage My Estate (MME),Designated Property Manager / Operations Lead,info@managemiestate.com,+91 96327 26060,https://managemyestates.com/,4+ Years (Est. 2022),"₹15,000 – ₹35,000/year","Comprehensive property consultancy and estate management company handling rental listings, tenant vetting, regular property maintenance, and rental income transfers.","HRBR Layout, Kalyan Nagar, Hennur, Banaswadi, Kammanahalli, Thanisandra, Bengaluru",350+ properties,1 Month rent for tenant acquisition + 8% to 10% monthly maintenance management fee
NoBroker (NRI Property Management Division),Amit Kumar Agarwal / Akhil Gupta / Saurabh Garg (Founders),hello@nobroker.in,+91 92417 00000,https://www.nobroker.in/nri/property-management/bangalore/,12+ Years (Est. 2014),"₹10,000 – ₹30,000/year (or 8% service fee)","Proptech platform providing dedicated NRI relationship managers, tenant screening, online rental agreements, home inspections, and maintenance services.","All major zones across Bengaluru (East, West, North, South) and suburban corridors","25,000+ managed listings","Custom NRI management plans starting from ₹9,999/yr or 8% tenant management fee"
Nestaway Technologies,Amarendra Sahu / Jitendra Jagadev (Founders),help@nestaway.com,+91 89042 42424,https://www.nestaway.com/,11+ Years (Est. 2015),"₹12,000 – ₹36,000/year (or 8% – 12% commission)","Full-stack managed residential rental platform providing furnished/unfurnished house management, guaranteed rent remittance, tenant screening, and move-in/move-out audits.","HSR Layout, BTM Layout, Bellandur, Marathahalli, Indiranagar, Electronic City, Bengaluru","15,000+ managed homes & rooms",8% to 12.5% monthly rental commission (with zero upfront listing fee)
Zipro Property Management LLP,Chandrappa Ningappa Masanakatti & Pradeep Kumar (Designated Partners),pradeep.cm8@gmail.com,+91 80 4152 7890,https://www.zaubacorp.com/ZIPRO-PROPERTY-MANAGEMENT-LLP-AAJ-6697,9+ Years (Est. 2017),"₹12,000 – ₹30,000/year","Specialized residential rental management and tenancy administration service offering lease renewals, property condition surveys, and scheduled repair management.","Singasandra, HSR Layout, Marathahalli, AECS Layout, Bommanahalli, Bengaluru",400+ properties,1 Month rent brokerage + 8% monthly tenancy administration charge
ACME Property Management,Shambu B H (Founder & Managing Director),info@acmepms.in,+91 80 4209 3344,https://www.acmepms.in/,11+ Years (Est. 2015),"₹14,000 – ₹35,000/year","Established Bengaluru property management firm offering end-to-end residential upkeep, verified tenant sourcing, utility bill clearance, and regular inspection visits.","Marathahalli, Kadubeesanahalli, Bellandur, Whitefield, Outer Ring Road, Bengaluru",650+ units,"1 Month rent placement fee + ₹12,000 – ₹20,000 annual maintenance retainer"
AngelSpace Property Management Pvt Ltd,Akshaykumar Manjunath Naik & Vijayakumar (Directors),support@angelspace.in,+91 80 4371 9922,https://angelspace.in/,3+ Years (Est. 2023),"₹15,000 – ₹36,000/year","Modern property management company delivering proactive property reviews, repair coordination, tenant onboarding/move-out audits, and rental yield optimization.","Indiranagar 1st Stage, Old Airport Road, Domlur, CV Raman Nagar, Bengaluru",300+ properties,1 Month rent for placement + 8% to 10% monthly maintenance management fee
Tenanted.in,Aryan & Founding Team (Managing Partners),hello@tenanted.in,+91 80 6902 8800,https://tenanted.in/,7+ Years (Est. 2019),"₹15,000 – ₹40,000/year (or 8% – 10% monthly rent)","Dedicated single-point-of-contact property management firm providing 24/7 manager availability, tenant background verification, supervised repairs, and exit settlements.","HSR Layout (Sectors 1–7), Koramangala, Bellandur, Haralur, Sarjapur Road, Bengaluru",500+ properties,Performance-based model: 1 month rent for tenant placement + 8% – 10% monthly management fee
YourOwnROOM (YourOwnRoom Pvt Ltd),"Prabhat Kumar Tiwary (Founder, CEO & MD)",prabhat.tiwary@yourownroom.com,+91 80 4680 8080,https://yourownroom.com/,10+ Years (Est. 2016),"₹15,000 – ₹50,000/year (or 14% commission under revenue share)",Proptech residential real estate rental and asset management firm delivering full-stack managed co-living and family homes for millennials with digital asset tracking.,"Outer Ring Road, Sarjapur Road, Marathahalli, Electronic City, Whitefield, Bengaluru","1,500+ rooms / 400+ properties across Bengaluru & Pune",Managed Lease model or Marketplace Revenue Share model with 14% commission
Azuro (Azuro Property Management Services Pvt Ltd / Square Yards),Vivek Agarwal / Hitesh Kumar Singla (Directors),hi@azuro.in,+91 74120 10265,https://www.squareyards.com/property-management,Established 2014 (~12 years experience),"₹15,000 - ₹45,000 / year (or 8% - 10% of monthly rent)","Azuro offers digital residential property management solutions covering verified tenant acquisition, automated rent collection, home maintenance coordination, and registered rental agreement execution.","Mumbai (Andheri, Powai, Bandra, Borivali, BKC), Navi Mumbai, Thane, Pune","4,000+ properties",1 month rent for tenant placement / 8.33% of annual rent ongoing management fee
TND Listings Private Limited,Yanik Upasani (Founder & Managing Director),support@tndlistings.com,+91 88504 51835,https://www.tndlistings.com/,Established 2020 (~6 years experience),"₹11,800 + 8% to 12% quarterly rent (~₹25,000 - ₹75,000/year)","TND Listings specializes in luxury and NRI property management in Mumbai, offering Matterport 3D digital twins, tenant placement, direct rent collection, society coordination, and CA-ready TDS documentation.","Mumbai (Worli, Prabhadevi, Bandra, Andheri, BKC, South Mumbai, Western Suburbs)","1,000+ managed properties","Essentials: ₹11,800 setup + 8% quarterly rent; White Glove: ₹17,700 setup + 12% quarterly rent"
Lisa Home Solutions Pvt Ltd,Lisa Choudhary / Sunil Choudhary (Founders & Directors),contact@lisahomesolutions.com,+91 99234 00044,https://lisahomesolutions.com/,Established 2005 (~21 years experience),"₹15,000 - ₹40,000 / year","Lisa Home Solutions delivers full-lifecycle property management and investment advisory for NRIs and local owners, including tenant onboarding, routine maintenance, rent tracking, and legal agreement execution.","Pune (Pimple Saudagar, Wakad, Baner, Aundh, Kharadi, Koregaon Park), PCMC","2,500+ properties","1 month rent placement fee + 8.33% annual management / ₹15,000 fixed inspection package"
Simplease Property Management,Rohit Anand (Founder & Managing Director),info@simplease.in,+91 84488 02803,https://simplease.in/,Established 2012 (~14 years experience),"₹20,000 - ₹50,000 / year (or 8% - 10% monthly rent)","Simplease offers integrated residential and commercial property management covering tenant coordination, move-in/move-out audits, repair supervision, and timely rent collection.","Mumbai (Vikhroli, Powai, BKC, Andheri, Lower Parel), Thane, Navi Mumbai","1,500+ properties","1 month rent leasing fee + 8.33% ongoing management fee (or ₹24,000 fixed annual retainer)"
Crest Property Solution Pvt Ltd (Rustomjee Group),Siddharth Bhatt (CEO),contact@crestproperty.in,+91 22 6675 4400,https://www.crestproperty.in/,Established 2017 (~9 years experience),"₹30,000 - ₹1,00,000+ / year (asset-dependent)","A subsidiary of Rustomjee Group managing integrated property and facility services across high-end residential complexes, commercial towers, and retail spaces with smart maintenance workflows.","Mumbai (Lower Parel, BKC, Bandra, Thane), Pune",30+ Lakh sq. ft. across multiple residential and commercial complexes,Integrated Facility Management percentage / monthly custom retainer per square foot
Proprise Property Consulting Pvt Ltd,Rajkeshor Tiwari & Renu Tiwari (Directors),rajesht1900@gmail.com,+91 98900 12345,https://proprise.co.in/,Established 2020 (~6 years experience),"₹15,000 - ₹35,000 / year","Proprise provides residential property caretaking, tenant onboarding, registered lease agreements, legal consulting, and maintenance oversight for property owners.","Pune (Baner, Balewadi, Hinjewadi, Wakad, Pashan), PCMC",600+ properties,"1 month rent placement fee + ₹15,000 annual maintenance oversight fee"
Residenso Solutions LLP,Designated Partners / Operations Head,info@residenso.com,+91 20 4670 1234,https://www.residenso.com/,Established 2021 (~5 years experience),"₹12,000 - ₹30,000 / year","Residenso Solutions delivers universal property management solutions including regular property visits, tenant acquisition, agreement execution, and maintenance coordination.","Pune (Pimple Saudagar, Kokane Chowk, Wakad, Aundh, Ravet), PCMC",500+ properties,"8% of monthly rent collected or Fixed Annual Retainer of ₹15,000 - ₹25,000"
PropertyCare Pune,Rashmi Nagarcenkar (Founder & Managing Director),info@propertycarepune.com,+91 98220 54321,https://propertycarepune.com/,Established 2015 (~11 years experience),"1 month rent placement + ₹15,000 - ₹30,000/year management","PropertyCare provides owner-focused property management for NRI property owners, offering tenant screening, deep cleaning, regular property monitoring, rent tracking, and legal compliance.","Pune (Kothrud, Baner, Aundh, Senapati Bapat Road, Kalyani Nagar, Viman Nagar)",400+ properties,Service charge of 1 month rent for tenant placement + annual maintenance retainer
PAJASA Stay Solutions Private Limited,Paras Arora (Founder & Managing Director),info@pajasaapartments.com,+91 77387 77602,https://www.pajasaapartments.com/,Established 2014 (~12 years experience),10% - 15% of rental yield / corporate revenue share,"PAJASA manages corporate residential properties, guest house operations, and short/long-term serviced apartments, providing full furnishing maintenance, housekeeping, and tenant management.","Mumbai (BKC, Powai, Andheri, Worli, Malad, Juhu), Navi Mumbai, Pune","2,000+ managed serviced & rental apartments",Revenue share model (10%–15% on rental revenue) or fixed monthly management retainer
NRIWAY Properties (Orengeleaf Service Private Limited),Shishir Gupta (Co-Founder & Director),info@nriway.in,+91 96840 31393,https://nriway.in/,Established 2019 (~7 years experience),"₹15,000 - ₹40,000 / year","NRIWAY provides NRI property caretaking and rental management, managing tenant background verification, rental agreements, routine property inspections, society liaison, and property tax settlements.","Mumbai, Pune (Wakad, Baner, Hinjewadi), Nagpur, Maharashtra","1,800+ NRI properties","Annual Property Management Package (₹15,000 - ₹30,000) + onboarding fee"
Unicare Services (Unicare Integrated Services Pvt Ltd),Regional Operations Head / Sales Team,sales@unicareservices.in,+91 96770 88805,https://unicareservices.in/,Established 2008 (~18 years experience),"₹25,000 - ₹75,000+ / year","Unicare Services is an integrated facility and property management firm delivering residential & commercial property maintenance, tenant screening, housekeeping, facade cleaning, and safety compliance.","Mumbai, Pune, Navi Mumbai, Thane","10,000+ properties & facility contracts across India",Monthly integrated facility management fee / Custom annual service contract
Arise Facility Solutions,Sunil Renjar (Founder & Managing Director),info@arisefacilitysolutions.com,+91 99877 55425,https://arisefacilitysolutions.com/,Established 2009 (~17 years experience),"₹20,000 - ₹60,000+ / year","Arise Facility Solutions provides residential and commercial property management, corporate guest house management, building upkeep, and trained workforce staffing across Maharashtra.","Navi Mumbai (Ghansoli, Vashi, Mahape), Mumbai (Goregaon, Andheri), Thane, Pune","1,500+ residential & commercial premises",Custom monthly contract / Annual management retainer based on square footage
GetSetHome (Tech-Driven Managed Housing),Jitin Bhatia & Mithrun Cherian (Co-Founders),homeowner.relations@getsethome.com,+91 80809 00300,https://www.getsethome.com/,Established 2014 (~12 years experience),10% - 15% revenue share / guaranteed rental yield,"GetSetHome operates a managed residential and co-living housing network providing full home furnishing, tenant onboarding, utility bill settlements, routine repairs, and automated monthly rent disbursements.","Mumbai (Andheri, Powai, Bandra, Goregaon), Pune (Hinjewadi, Viman Nagar, Kharadi, Baner)","17,000+ residents / 3,000+ managed rooms & homes",Fixed revenue-share model (10%-15% of rental collections) with zero landlord hassle
RaeesRoyal Private Limited,Raish (Managing Director),info@raeesroyal.com,+91 93592 85479,https://raeesroyal.com/,Established 2014 (~12 years experience),"₹12,000 - ₹30,000 / year (or 1 month rent)","RaeesRoyal is a Pune-based property consultancy and management firm providing residential leasing, commercial property management, tenant management, and property upkeep.","Pune (Kothrud, Baner, Wakad, Paud Road, Camp), PCMC",800+ residential & commercial properties,1 month rent placement fee + 8% monthly management / annual retainer
Zaminwale Private Limited,Designated Management / Sales Leadership,info@zaminwale.com,+91 95555 99099,https://zaminwalepanvel.com/,Established 2015 (~11 years experience),"₹15,000 - ₹50,000 / year","Zaminwale manages residential plots, land parcels, and residential assets across MMR, handling plot boundary monitoring, title verifications, tenancy management, and legal advisory.","Navi Mumbai (Vashi, Sanpada, Panvel, Ulwe, Kharghar), Thane, Mumbai","1,000+ plots and residential assets","Fixed annual plot maintenance retainer (₹15,000 - ₹30,000) or standard 1 month rent for leased units"
Pritiyog Properties,Yogesh Khivansara (Founder & Principal Consultant),khivansarayogesh@gmail.com,+91 99606 33484,https://pritiyogproperties.com/,Established 2016 (~10 years experience),"₹12,000 - ₹28,000 / year (or 1 month rent)","Pritiyog Properties offers personalized residential property management in Pune, handling tenant background checks, registered lease agreements, NRI property care, and ongoing repairs.","Pune (NIBM, Kondhwa, Undri, Wanowrie, Hadapsar, Camp)",500+ properties,"1 month rent for tenant placement + ₹12,000 - ₹20,000 annual caretaking retainer"
Palladian Partners Advisory LLP (Palladian Advisory Ltd),Arpan Dedhia / Management Team,info@palladian.in,+91 22 4299 9999,https://palladian.in/,Established 2017 (~9 years experience),"₹30,000 - ₹1,00,000 / year","Palladian Partners provides bespoke property advisory, portfolio asset management, luxury residential management, and commercial leasing services for HNIs and institutional clients.","Mumbai (BKC, Bandra East, Worli, Lower Parel, South Mumbai), MMR",750+ luxury residential and commercial assets,Custom portfolio percentage (5% - 8% of annual yield) or bespoke retainer
SQUAREA Consulting Pvt Ltd,Amol Kamble / Leadership Team,leaders@squarea.io,+91 98601 03600,https://www.squarea.io/,Established 2018 (~8 years experience),"₹25,000 - ₹75,000 / year","SQUAREA delivers luxury real estate advisory and property management, connecting property investors with verified tenants, supervising asset maintenance, and managing rental yields.","Pune (Kharadi, Koregaon Park, Baner, Viman Nagar), PCMC, Mumbai",600+ high-end residential & commercial units,1 month rent for leasing + 8.33% ongoing management fee
Bivocalbirds Properties Pvt. Ltd.,Pankaj Singh (Co-Founder) / Satish Singh (Head of Operations),contact@bivocalbirds.com,+91 93115 92231,https://bivocalbirds.com,8 years (Established 2018),"₹10,000 - ₹25,000/year or 15–30 days rent","Dedicated Noida & Delhi NCR rental and key management enterprise providing zero-brokerage verified tenant search, key safekeeping, routine flat inspections, and maintenance assistance.","Noida, Greater Noida, Ghaziabad, Gurgaon, Delhi","1,500+ units","15 to 30 days rent leasing fee + ₹10,000 - ₹20,000 annual key & property management packages"
Native Sutra,Sandeep Bagla (Founder & Principal),info@nativesutra.com,+91 99109 65878,https://nativesutra.com,11 years (Established 2015),"₹25,000 - ₹60,000/year","Boutique luxury interior design and residential property management company managing high-end condominiums, penthouses, and gated community villas for expatriates and NRI owners in Gurgaon.","Gurgaon, Delhi",400+ luxury properties,"Annual custom management fee (₹25,000 - ₹50,000/yr) + 1 month rent leasing commission"
Hub and Oak Realty Pvt. Ltd.,Srishti Dhir (Founder & CEO),info@hubandoak.com,+91 92055 58785,https://hubandoak.com,9 years (Established 2017),"₹20,000 - ₹50,000/year or 1 month rent","Prominent real estate consultancy and property management agency managing commercial spaces, luxury residences, and coworking properties across Delhi NCR with end-to-end leasing and maintenance.","Delhi, Gurgaon, Noida",850+ properties & spaces,1 month rent for leasing / 5% - 8% monthly management fee for asset maintenance
Prop Nest Manager,Amit Kumar (Lead Property Manager),enquiry@propnestmanager.com,+91 87961 53522,https://propnestmanager.com,8 years (Established 2018),"₹12,000 - ₹30,000/year","Delhi NCR property management company delivering property possession handover, official registration, tenant background checks, rent collection, and regular photo/video inspection reports.","Delhi, Gurgaon, Noida, Greater Noida, Ghaziabad, Faridabad",750+ properties,"₹12,000 - ₹25,000 annual management fee + 15 to 30 days rent tenant placement fee"
Myfollo / PropCare (Valion E Assets Pvt. Ltd.),Amit Chawla (Founder & Managing Director),sales.propcare@valion.in,+91 92209 07210,https://www.myfollo.com,12 years (Established 2014),"₹20,000 - ₹50,000/year or 8% of monthly rent","Real estate asset and property management company offering end-to-end tenancy lifecycle support, automated rent monitoring, structural maintenance, and portfolio advisory for high-net-worth landlords.","Gurgaon, Delhi, Noida","3,000+ units","8% monthly rent commission / ₹18,000 - ₹40,000 annual PropCare management package"
Grrow Property Management Pvt. Ltd.,Rajeev Ahlawat (Founder & CEO),info@grrowpropertymanagement.com,+91 97116 36363,https://www.grrowpropertymanagement.com,"4 years (Incorporated 2022, leadership operating since 2015)","₹15,000 - ₹35,000/year or 1 month rent","Gurugram-based property management and real estate advisory firm specializing in residential property monitoring, corporate lease management, and comprehensive tenant placement.","Gurgaon, Delhi, Noida",600+ properties,"1 month rent for tenant leasing / ₹15,000 - ₹30,000 annual property monitoring package"
The LuXia (LuXia LLP),Rohit Rastogi (Managing Partner & Founder),contact@theluxia.com,+91 98105 05543,https://theluxia.com,10 years (Established 2016),"₹15,000 - ₹40,000/year","Dedicated NRI property management agency based in Noida and Delhi offering builder possession inspections, rental tenancy supervision, rent collection, and interior renovation services.","Noida, Greater Noida, Delhi, Gurgaon, Ghaziabad, Faridabad","1,000+ properties","₹15,000 - ₹35,000 annual caretaker retainer / 1 month rent tenant placement fee"
Housr Living (Housr Coliving & Propco Pvt. Ltd.),Deepak Anand (Co-Founder & CEO) / Kalpesh Mehta (Co-Founder),customersupport@housr.in,+91 90909 08778,https://housr.in,8 years (Established 2018),Institutional / 15% - 20% revenue share or master lease,"Luxury coliving and serviced apartment operator managing entire residential buildings and luxury apartments with full housekeeping, high-speed connectivity, and facility operations.","Gurgaon, Delhi","5,000+ beds and luxury apartments",15% - 20% revenue share or long-term master lease agreement with guaranteed yield
Stanza Living (Dtwelve Spaces Pvt. Ltd.),Anindya Dutta (Co-Founder & MD) / Sandeep Dalmia (Co-Founder & MD),tech@stanzaliving.com,+91 80476 22222,https://www.stanzaliving.com,9 years (Established 2017),Institutional / 15% - 25% revenue share or master lease,"Tech-enabled managed housing operator managing student housing, coliving spaces, and serviced apartments across multi-story buildings with complete facility and tenancy administration.","Delhi, Gurgaon, Noida, Greater Noida","70,000+ beds across India (extensive Delhi NCR footprint)",Master lease model or 15% - 25% revenue-share management contract
Enviro (Vatika Group Facility & Property Management),"Gaurav Bhalla (Managing Director, Vatika Group) / Alok Verma (Operations Head)",clientservicecell@enviroindia.in,+91 80691 91910,https://www.enviroindia.in,26 years (Established 2000),₹2.50 - ₹5.00 per sq. ft./month,"Premier integrated facility and property management company overseeing residential townships, commercial complexes, and retail assets with 24/7 technical, security, and maintenance oversight.","Gurgaon, Delhi, Noida, Faridabad","50+ million sq. ft. / 35,000+ residential & commercial units",₹2.50 - ₹4.50 per sq. ft./month or customized residential property management contract
Zipgrid (Zipgrid Proptech Pvt. Ltd.),Jaydip Popat (Founder & CEO) / Kunal Gupta (Co-Founder),sales@zipgrid.com,+91 93168 53376,https://zipgrid.com,13 years (Established 2013),"₹10 - ₹25 per unit/month for communities; ₹15,000 - ₹30,000/year for individual assets","Proptech and community property management company offering facility operations, society compliance, visitor access systems, and asset maintenance for residential societies and property owners.","Delhi, Gurgaon, Noida, Ghaziabad, Faridabad","100,000+ units across 500+ residential communities","Monthly society management subscription / ₹15,000 - ₹25,000/year per managed property"
SILA Group (SILA Solutions Pvt. Ltd.),Sahil Vora (Co-Founder & Director) / Rushabh Vora (Co-Founder & Director),info@silagroup.co.in,+91 22 4134 3255,https://silagroup.co.in,16 years (Established 2010),₹2.00 - ₹4.50 per sq. ft./month,"Leading real estate platform and facility management company providing integrated property management, technical maintenance, sustainability audits, and asset operations for residential and commercial complexes.","Delhi, Gurgaon, Noida, Greater Noida, Faridabad",150+ million sq. ft. across India (extensive Delhi NCR presence),₹2.00 - ₹4.00 per sq. ft./month or customized annual management contract
CBRE South Asia Pvt. Ltd. (Property Management),"Anshuman Magazine (Chairman & CEO, India & SEA) / Vikram Kohli (COO)",inquirydelhi@cbre.com,+91 124 465 9700,https://www.cbre.co.in,32 years in India (Established 1994),₹3.00 - ₹6.00 per sq. ft./month (Institutional / Premium),"Global commercial and residential asset management firm delivering comprehensive property management, lease administration, engineering operations, sustainability compliance, and tenant relations.","Delhi, Gurgaon, Noida, Greater Noida, Faridabad, Ghaziabad",400+ million sq. ft. under management in India,3% - 5% of gross operating cost or per-sq.-ft. management retainer
JLL India (Jones Lang LaSalle Property Consultants India Pvt. Ltd.),"Radha Dhir (CEO & Country Head, India) / Raman Bountra (Head of Property Management, India)",query.india@ap.jll.com,+91 124 460 5000,https://www.jll.com/en-in,28 years in India (Established 1998),Custom per-sq.-ft. or enterprise asset management retainer,"Global real estate professional services firm delivering comprehensive property management, maintenance engineering, asset optimization, financial accounting, and tenant leasing services.","Delhi, Gurgaon, Noida, Greater Noida, Faridabad",300+ million sq. ft. under management in India,Percentage of operating expenditure / Custom annual management retainers
Colliers International India (Property Services),"Badal Yagnik (CEO, Colliers India) / Joe Verghese (Managing Director)",info.india@colliers.com,+91 124 416 7777,https://www.colliers.com/en-in,31 years in India (Established 1995),Custom per-sq.-ft. or annual property asset management retainer,"Leading diversified professional real estate services firm providing comprehensive property and asset management, facility maintenance, energy audits, and lease management for residential and commercial portfolios.","Delhi, Gurgaon, Noida, Greater Noida, Ghaziabad, Faridabad",250+ million sq. ft. managed nationwide,Percentage of gross asset operating revenue or fixed per-sq.-ft. fee
Rajam Property Management Services Pvt. Ltd. (RAPRO),Kaliyamurthy Chandrasekar (Founder & Managing Director),enquiry@rajamproperty.in,+91-7299914181,https://rajamproperty.com/,31 years (Est. 1995),"₹10,000 - ₹35,000/yr","Rajam Property Management specializes in residential property care, tenancy management, complete refurbishment, and legal assistance tailored for NRIs.","Chennai, Bangalore, Coimbatore","2,500+ properties",Tiered annual retainer based on property configuration + 1 month rent for tenant placement
Propertism Realty Advisors LLP,Tamilselvan (Managing Partner),info@propertism.in,+91-9884068317,https://www.propertism.in/,11 years (Est. 2015),"₹12,000 - ₹28,000/yr","Propertism offers structured real estate asset and tenancy management for NRIs, overseeing tenant acquisition, lease administration, and periodic physical audits.","Chennai, Chengalpattu, Kanchipuram",800+ properties,Annual management retainer + 1 month rent for new tenant sourcing
Konnect Realty,V. Suresh (Principal Consultant),konnect@konnectrealty.com,+91-9884068317,https://konnectrealty.com/,17 years (Est. 2009),"₹10,000 - ₹25,000/yr","Konnect Realty provides NRI property care and residential rental management including background-checked tenant matching, timely rent collection, and maintenance coordination.","Chennai, Adyar, OMR, ECR, Anna Nagar","1,000+ properties",1 month rent for lease execution + annual maintenance retainer
360 Property Management Services,Thamilarasan (Managing Partner),tamil@360propertymanagement.in,+91-9894781222,https://www.360propertymanagement.in/,14 years (Est. 2012),"₹8,000 - ₹24,000/yr","360 Property Management specializes in complete residential and vacant plot management, tenant onboarding, quarterly inspection reports, and bill/tax compliance.","Chennai, Coimbatore",650+ units,Fixed annual retainer fee + 1 month rent for leasing services
D.C. Buildtech Property Management,Debashis Chakraborty (Managing Director),dcbuildtechkol@gmail.com,+91-9830054321,https://www.dcbuildtech.com/,9 years (Est. 2017),"₹10,000 - ₹30,000/yr","DC Buildtech offers specialized end-to-end residential property care, renovation, and rental management in Kolkata for NRIs and outstation property owners.","Kolkata, Salt Lake City, New Town, Howrah",450+ properties,Annual inspection and maintenance retainer + 1 month rent for tenant placement
Heaven Group (Heaven Space),Chirag Kapadiya (Founder & Director),info@heavengroup.in,+91-9925001289,https://www.heavengroup.in/,10 years (Est. 2016),"₹12,000 - ₹32,000/yr","Heaven Group provides full-service real estate advisory and residential property management in Gujarat, including tenant screening, rental administration, and property upkeep.","Ahmedabad, Gandhinagar, Surat",600+ properties,1 month rent for rental brokerage + 5% - 8% monthly maintenance charge
66 MG Road,Vikram R. (Co-Founder & Product Head),care@66mgroad.com,+91-8069006600,https://66mgroad.com/,5 years (Est. 2021),"₹30,000 - ₹60,000/yr (min ₹2,500/month)","66 MG Road is a premium property concierge for NRI landlords, offering transparent, commission-free tenant management, itemized maintenance billing, and legal support.","Hyderabad, Chennai, Mumbai, Pune, Bangalore, Gurugram",500+ properties,"Tenancy placement from 1 month rent + full management from 5% of monthly rent (min ₹2,500/month)"
Settlin (Linking Spaces Technologies Pvt. Ltd.),Ashish Srivastava (Co-Founder & CEO),hello@settlin.in,+91-9590039003,https://settlin.in/,10 years (Est. 2016),2% of property transaction value / custom management plans,"Settlin provides end-to-end residential asset management, property inspection, verified tenant onboarding, and legal conveyance services in Bengaluru.",Bangalore,"8,000+ properties served",2% of total transaction value or standard tenant onboarding fee
Unplan Services,Ashish Kumar (Operations Manager),care@unplan.in,+91-9108284705,https://www.unplan.in/,11 years (Est. 2015),"₹10,000 - ₹30,000/yr","Provides integrated property maintenance, cleaning, renovation, tenant turnover preparation, and remote property monitoring for homeowners.","Bangalore, Mysore","1,200+ properties",Annual maintenance subscription + on-demand service pricing for repairs and renovation
Propshield Property Management,S. Vignesh (Managing Partner),contact@propshield.in,+91-9911834843,https://propshield.in/,6 years (Est. 2020),"₹8,000 - ₹22,000/yr","Focuses on residential property care, NRI tenancy management, lease agreement compliance, property viewing services, and routine upkeep.","Chennai, Chengalpattu, Kanchipuram",400+ properties,Fixed annual retainer + 1 month rent for tenant placement
Property Handling (AK Property Handling Services LLP),K. Anjaneyulu (Managing Partner),info@propertyhandling.com,+91-9542838565,https://www.propertyhandling.com/,9 years (Est. 2017),"₹12,000 - ₹30,000/yr","NRI-run property management firm offering tenant placement, rental collection, property preservation, and legal assistance across Telugu states.","Hyderabad, Vijayawada, Guntur, Visakhapatnam",900+ properties,1 month rent for tenant placement + fixed annual management fee
Cosmic Property Management (Cosmic One),S. R. Reddy (Senior Property Consultant),cosmicone09@gmail.com,+91-40-27665544,https://cosmicpropertymanagement.in/,10 years (Est. 2016),"₹10,000 - ₹25,000/yr","Delivers end-to-end rental and property management, online rent agreements, and NRI advisory services in Hyderabad and Bangalore.","Hyderabad, Bangalore",500+ properties,Tiered annual plan + 1 month rent for tenant leasing
HomeAmbit LLP,Sourabh Kumar Singh (Designated Partner / Director),services.homeambit@gmail.com,+91-80-41234567,https://www.homeambit.com/,5 years (Est. 2021),"₹10,000 - ₹25,000/yr","Provides specialized residential property management, rental facilitation, and commercial asset consultancy for property owners in North and East Bangalore.",Bangalore,350+ units,1 month rent for tenant placement + annual maintenance fee
Zeztate Property Management Services,Jithesh Kumar (Head of Client Relations),mail@zeztate.com,+91-9142526200,https://zeztate.com/,12 years (Est. 2014),"₹10,000 - ₹28,000/yr","Leading Kerala-based property management and home care firm offering project management, deep cleaning, building maintenance, utility bill management, and NRI property caretaking.","Kochi, Ernakulam, Kakkanad, Aluva","1,100+ properties",Customized annual home care package + 1 month rent for rental facilitation
Embassy Services Pvt. Ltd. (ESPL),Pradeep Lala (Managing Director & CEO),embassyplus@embassyservices.in,+91 80 4179 9999,https://embassyservices.in,31 Years (Est. 1995),₹2.50 - ₹6.50 / sq. ft. / month (CAM rate),"Embassy Services Pvt. Ltd. (ESPL) is the integrated property and facility management arm of Embassy Group, managing large-scale commercial business parks, industrial hubs, and luxury residential projects across India.","Bangalore, Mumbai, Pune, Delhi NCR, Chennai, Hyderabad, Coimbatore, Trivandrum",130+ Million sq. ft. across 150+ commercial business parks and residential properties,Square-footage maintenance fee (CAM rate model) / Fixed monthly facility & asset management retainer
Prestige Property Management & Services (PPMS),Javed Shafiq Rao (CEO - Property Management),properties@prestigeconstructions.com,+91 80 2559 1080,https://www.prestigeconstructions.com,30 Years (Est. 1996),₹2.50 - ₹5.00 / sq. ft. / month (CAM) | 1 Month Rent Placement,"Prestige Property Management & Services (PPMS) delivers property management, leasing, resale support, facility operations, and maintenance services across Prestige Group residential and commercial developments.","Bangalore, Chennai, Hyderabad, Kochi, Mumbai, Goa, Mangalore","50,000+ residential and commercial units across 300+ developments",Common Area Maintenance (CAM) per sq. ft. + 1-month rental equivalent for leasing and tenant management
Knight Frank India (Property Services Division),Shishir Baijal (Chairman & Managing Director),Secretarial.KFIndia@in.knightfrank.com,+91 22 6757 4000,https://www.knightfrank.co.in,31 Years in India (Est. 1995),3% - 7% of Gross Operating Revenue / Custom Retainer,"Knight Frank India provides full-scope property asset management, facility management, tenant advisory, leasing coordination, and valuation services for institutional investors and premium residential owners.","Mumbai, Delhi NCR, Bangalore, Pune, Chennai, Hyderabad, Kolkata, Ahmedabad","80+ Million sq. ft. of prime commercial, industrial, retail, and luxury residential real estate",Percentage of Gross Asset Revenue / Structured Asset Management Retainer
Cushman & Wakefield India (Asset Services),"Anshul Jain (Chief Executive – India, SE Asia, MEA & APAC)",india.marketing@cushmanwakefield.com,+91 22 6771 5555,https://www.cushmanwakefield.com/en/india,29 Years in India (Est. 1997),₹3.00 - ₹8.00 / sq. ft. / month for Commercial & Industrial Assets,"Cushman & Wakefield India delivers comprehensive asset services, property lifecycle management, sustainability advisory, tenant representation, and facility operations.","Delhi NCR, Mumbai, Bangalore, Hyderabad, Chennai, Pune, Kolkata, Ahmedabad","100+ Million sq. ft. across institutional commercial, retail, logistics, and residential spaces",Operating Budget Percentage / CAM-linked Management Fee + Leasing Success Commission
Savills India (Property Management & Advisory),Anurag Mathur (Chief Executive Officer),contact@savills.in,+91 22 6884 1500,https://www.savills.in,10+ Years in India (Global Heritage 160+ Years),₹3.50 - ₹7.50 / sq. ft. / month for Mixed-Use & Grade-A Assets,"Savills India offers property management, leasing advisory, project management, and valuation services across commercial office towers, logistics hubs, and residential communities.","Mumbai, Bangalore, Delhi NCR, Chennai, Hyderabad, Pune, Kolkata, Ahmedabad","45+ Million sq. ft. of commercial, industrial, and mixed-use properties",Structured Asset Management Retainer + Performance Incentive on Net Operating Income (NOI)
StayVista (Stay Vista Pvt. Ltd.),Amit Damani (Co-Founder),care@stayvista.com,+91 22 4896 6699,https://www.stayvista.com,11 Years (Est. 2015),20% - 30% Owner Commission on Gross Bookings,"StayVista is India's premier luxury villa and vacation rental management company, providing complete turnkey property management, 24/7 guest relations, dynamic pricing, housekeeping, and maintenance.","Goa, Lonavala, Alibaug, Kasauli, Manali, Ooty, Coorg, Udaipur, Jaipur, Wayanad, Mussoorie","1,200+ luxury holiday homes and private estates across 50+ destinations",20% - 30% revenue share on gross rental booking revenue
SaffronStays (Saffron Hospitality),Tejas Parulekar (Co-Founder & Director),book@saffronstays.com,+91 80 6916 0000,https://www.saffronstays.com,11 Years (Est. 2015),25% - 35% Commission on Bookings,"SaffronStays operates as a curated vacation estate management collective, offering private homeowners end-to-end property upkeep, resident caretakers, hospitality training, and guest hosting.","Maharashtra (Alibaug, Lonavala, Karjat), Goa, Uttarakhand, Himachal, Ooty, Coorg, Rajasthan","300+ curated luxury villas, heritage estates, and country homes",30% revenue share on gross bookings + initial onboarding/auditing fee
RentMyStay (Brightpath Technology & Services Pvt. Ltd.),Rajesh Kumar (Co-Founder & CEO),contact@rentmystay.com,+91 90357 50377,https://www.rentmystay.com,12 Years (Est. 2014),"8% - 12% Monthly Management Fee (or ₹15,000 - ₹35,000/yr)","RentMyStay offers full-stack residential property management and flexible rental solutions for apartment owners, managing tenant search, digital lease agreements, rent collections, and repairs.","Bangalore, Hyderabad, Pune, Chennai","2,500+ fully-furnished and semi-furnished apartments",10% monthly property management fee or 1-month brokerage equivalent per 11-month lease cycle
Zolostays (Zolostays Property Solutions Pvt. Ltd.),Dr. Nikhil Sikri (Co-Founder & CEO),contact@zolostays.com,+91 88 8051 0020,https://zolostays.com,11 Years (Est. 2015),15% - 25% Revenue Share / Guaranteed Lease Model,"Zolostays is India's largest co-living and managed residential housing provider, managing entire standalone residential properties and apartments with full facility maintenance, IoT integration, and housekeeping.","Bangalore, Hyderabad, Pune, Chennai, Delhi NCR, Mumbai, Kota, Coimbatore","50,000+ beds across 500+ residential properties",Fixed monthly lease rental guarantee to property owners or 15% - 25% revenue-share operational model
Colive (Colive Real Estate Management Pvt. Ltd.),Suresh Rangarajan (Founder & CEO),hello@colive.com,+91 76760 00500,https://www.colive.com,10 Years (Est. 2016),12% - 20% Operational Management Cut,"Colive operates a technology-driven network of fully-managed co-living and rental homes for working professionals, overseeing building maintenance, safety infrastructure, and community management.","Bangalore, Chennai, Hyderabad, Pune","30,000+ beds across 150+ managed residential properties",Minimum rental guarantee payout to property owners or 15% - 20% management revenue cut
Settl. (The Settl / Settl Living),Abhishek Tripathi (Co-Founder),hello@thesettl.com,+91 93531 62534,https://www.thesettl.com,6 Years (Est. 2020),15% - 20% Revenue Share / Master Lease,"Settl. is a modern proptech co-living and residential property management company that transforms multi-unit buildings into high-yield, fully-serviced living spaces with integrated maintenance.","Bangalore, Hyderabad, Chennai, Gurugram","4,000+ beds across 60+ residential buildings",15% - 20% revenue share on gross rental bookings or fixed long-term master lease
Truliv (Truliv Properties & Services Pvt. Ltd.),Rohit Reddy (Co-Founder),info@truliv.in,+91 90432 21620,https://truliv.in,15 Years (Est. 2011),15% - 20% Asset Management Fee,"Truliv is a Chennai-based property management and co-living operator managing curated student housing, working professional accommodations, and holiday apartments with complete operational oversight.","Chennai, Coimbatore, Hyderabad, Bangalore","5,000+ beds and residential units across 35+ properties",Master lease agreement with guaranteed rental yield or 18% management fee on gross collections
SmartOwner (SmartOwner Services India Pvt. Ltd.),Vikram Chari (Founder),info@smartowner.com,+91 80 4939 6900,https://www.smartowner.com,14 Years (Est. 2012),1.0% - 2.0% AUM Annual Management Fee,"SmartOwner is a premier property asset management and real estate investment advisory firm providing portfolio curation, asset monitoring, maintenance supervision, and yield optimization.","Bangalore, Mumbai, Hyderabad, Pune, Chennai, Delhi NCR","₹5,000+ Crore in real estate assets under management across 25+ major developments",1.5% - 2% annual asset management fee + performance carry upon property liquidation/exit
Lohono Stays (Isprava Group),Nibhrant Shah (Co-Founder & CEO),info@lohono.com,+91 84339 52970,https://www.lohono.com,13 Years (Est. 2013 under Isprava Group),25% - 35% Hospitality Management Fee,"Lohono Stays by Isprava is India's leading ultra-luxury vacation villa and private estate management brand, offering bespoke hospitality, dedicated concierge teams, gourmet chefs, and maintenance.","Goa, Alibaug, Lonavala, Coonoor, Ooty, Kasauli, Shimla, Karjat, Mahabaleshwar, Jaipur",400+ ultra-luxury villas and heritage country homes,25% - 35% revenue share on gross bookings + estate maintenance pass-through costs
ELIVAAS (Elivaas Technologies Pvt. Ltd.),Ritwik Khare (Founder & CEO),support@elivaas.com,+91 80691 60099,https://www.elivaas.com,3 Years (Est. 2023),20% - 30% Management Commission,"ELIVAAS is a tech-first luxury vacation rental and property management enterprise, providing property owners with digital twin 3D modeling, dynamic yield management, and dedicated on-ground facility managers.","Delhi NCR, Goa, Udaipur, Jaipur, Mussoorie, Nainital, Alibaug, Kasauli, Shimla, Coorg",250+ luxury vacation villas and holiday farmhouses,20% - 30% revenue share on gross rental income via owner dashboard
Ekostay (Ekostay LLP),Husain Khatumdi (Co-Founder),reservations@ekostay.com,+91 81690 19090,https://ekostay.com,8 Years (Est. 2018),20% - 25% Management Commission,"Ekostay manages private holiday villas, homestays, and farmhouses, removing the administrative hassle for property owners through housekeeping, linen management, OTA pricing, and caretaking.","Lonavala, Alibaug, Panchgani, Mahabaleshwar, Goa, Igatpuri, Manali, Shimla, Ooty, Wayanad",350+ vacation villas and holiday homes across 20+ tourist hubs,20% - 25% commission on gross booking revenue
Hireavilla (Hireavilla Hospitality Pvt. Ltd.),Saagar Panchal (Founder & CEO),info@hireavilla.in,+91 88888 77755,https://www.hireavilla.in,10 Years (Est. 2016),20% - 30% Revenue Share,"Hireavilla is a holiday home and villa management company managing private estates, boutique farmhouses, and beach villas, providing end-to-end guest service, maintenance audits, and upkeep.","Goa, Maharashtra (Lonavala, Alibaug, Karjat, Igatpuri), Himachal, Uttarakhand, Kerala",200+ private villas and managed holiday homes,20% - 30% revenue share on bookings + actual maintenance pass-through
Isprava (Isprava Vesta Pvt. Ltd.),Nibhrant Shah (Managing Director & CEO),cs@isprava.com,+91 22 6808 0808,https://www.isprava.com,13 Years (Est. 2013),₹3.5 Lakh - ₹8.5 Lakh / year (Annual Estate Management Contract),"Isprava develops and provides exclusive lifetime estate management, horticulture, swimming pool care, security, electrical/plumbing servicing, and bespoke concierge services for luxury estates.","Goa, Alibaug, Nilgiris (Coonoor & Kotagiri), Kasauli",150+ ultra-luxury private estates and villas under comprehensive annual maintenance,Annual Comprehensive Estate Management Retainer Contract based on plot size and amenities
Pin Click Property Management (Pin Click Property Management Pvt. Ltd.),Manik Kinra (Co-Founder),manik@pinclick.com,+91 80 4646 9999,https://www.pinclick.com,13 Years (Est. 2013),8% - 10% Monthly Fee or 1 Month Brokerage,"Pin Click delivers end-to-end residential property management, verified tenant placement, periodic photographic inspection reports, rent collection, and legal lease registration.","Bangalore, Pune, Mumbai, Delhi NCR, Hyderabad","8,000+ residential apartments and gated community villas",8% - 10% monthly property management fee or standard 1-month rental tenant placement fee
KOTS (KOTS Renting Pvt. Ltd. / KOTS Housing),Ponguru Reddy Vijeth Kumar (Founder & Managing Director),hello@kots.world,+91 85508 80555,https://www.kots.world,7 Years (Est. 2019),Assured Multi-Year Rental Payout / Guaranteed Yield,KOTS is a proptech property management and urban rental housing company that leases entire residential buildings and individual flats from owners on 3-to-9-year guaranteed contracts.,"Bangalore (Whitefield, Bellandur, Marathahalli, Mahadevapura, Hennur, Sarjapur Road)","2,000+ urban gated apartment units across 40+ residential buildings",Guaranteed Monthly Rental Payout to owner with zero vacancy loss (10% - 15% operational spread)
HelloWorld (Helloworld Technologies India Pvt. Ltd.),Gaurav Kachru (Co-Founder),tech@thehelloworld.com,+91 93531 62534,https://thehelloworld.com,7 Years (Est. 2019),15% - 20% Operational Fee,"HelloWorld is a major co-living, student housing, and rental property management brand managing residential real estate with digital KYC, housekeeping, maintenance, and community amenities.","Bangalore, Hyderabad, Pune, Mumbai, Delhi NCR, Jaipur, Ahmedabad, Indore, Kolkata, Chennai","20,000+ beds across 250+ properties in 10+ cities",15% - 20% revenue share on gross rental collections or long-term lease contract
Grexter Living (Grexter Housing Solutions Pvt. Ltd.),Pratul Gupta (Co-Founder),pratul.gupta@grexter.in,+91 88805 10020,https://grexter.in,11 Years (Est. 2015),12% - 18% Management Fee / Master Lease,"Grexter Living provides fully managed shared and private living accommodations for working professionals, offering complete residential building management, security, housekeeping, and repairs.","Bangalore, Pune, Hyderabad","6,000+ beds across 50+ residential buildings",Master lease rental guarantee or 15% property management operational fee
Olive Serviced Apartments,Kunal Puri (Managing Director),sales@oliveservicedapartments.com,+91 72900 29000,https://oliveservicedapartments.com,16 Years (Est. 2010),15% - 25% Revenue Share / Long-term Corporate Lease,"Olive Serviced Apartments operates and manages serviced residences and corporate apartments, providing homeowners with corporate leasing, contact-free housekeeping, and utility management.","Delhi NCR, Bangalore, Hyderabad, Pune, Mumbai, Chennai, Kolkata, Ahmedabad, Jaipur, Goa","1,500+ serviced apartments and corporate suites",20% - 25% revenue share on gross rental bookings or long-term fixed corporate lease
SaltStayz (Saltstayz Hospitality Pvt. Ltd.),Rohit Tiwari (Founder & CEO),bookings@saltstayz.com,+91 95991 99610,https://saltstayz.com,6 Years (Est. 2020),18% - 25% Operating Revenue Share / Assured Lease,"SaltStayz is a boutique hospitality, serviced apartment, and asset management company operating standalone commercial and residential buildings with end-to-end facility management.","Delhi NCR (Gurugram, Noida, New Delhi), Chandigarh, Mohali, Lucknow","1,200+ rooms and serviced suites across 45+ managed properties",18% - 25% operating revenue share or assured lease rental model
FF21 (Sherwood Longstay Pvt. Ltd.),Ajay Nemani (Founder & CEO),info@ff21.in,+91 93531 62534,https://www.ff21.in,9 Years (Est. 2017),15% - 20% Revenue Share / Master Lease,"FF21 is a design-forward community living and property management brand operating fully serviced coliving buildings, studio pods, and shared apartments equipped with facilities management.","Bangalore (Whitefield, Marathahalli, Mahadevapura, HBR Layout, Kundanahalli, Bellandur)","3,500+ beds across 28+ properties",Long-term asset lease guarantee or 15% - 20% revenue-share management agreement
Brigade Property Management & Services (Brigade Group),Pavitra Shankar (Managing Director),customercare@brigadegroup.com,+91 80 4137 9200,https://www.brigadegroup.com,38 Years (Est. 1986),₹2.50 - ₹5.00 / sq. ft. / month (CAM) | 1 Month Rent Placement,"Brigade Group's property management division providing end-to-end facility management, tenant leasing support, resale assistance, and estate maintenance for residential and commercial complexes.","Bangalore, Chennai, Hyderabad, Mysore, Kochi, GIFT City Ahmedabad","35,000+ residential and commercial units",CAM per sq. ft. + 1 month rent for leasing management
Sobha Facilities & Property Management (Sobha Ltd),Ravi PNC Menon (Chairman) / Operations Team,feedback@sobha.com,+91 80 4932 0000,https://www.sobha.com,30 Years (Est. 1995),₹2.50 - ₹4.50 / sq. ft. / month (CAM),"Property and facility management division of Sobha Ltd, providing common area maintenance, electro-mechanical operations, tenant move-in assistance, and landscaping.","Bangalore, Chennai, Coimbatore, Kochi, Thrissur, Pune, Gurgaon","40,000+ luxury apartments and villas across India",Common Area Maintenance (CAM) per sq. ft. / monthly society retainer
BnbCheck Property Management,Siddharth Goenka (Founder & Managing Partner),contact@bnbcheck.com,#ERROR!,https://bnbcheck.com,8 Years (Est. 2018),15% - 20% commission on gross booking revenue,"Specialized Airbnb co-hosting, luxury vacation home property management, dynamic revenue management, and housekeeping across premier tourist hubs.","Goa, Mumbai, Alibaug, Lonavala",180+ villas and luxury apartments,18% revenue share on gross booking revenue