Business Name,Contact Person,Email,Phone,Website,Years of Experience,Pricing Range,Business Description,Service Areas,Materials,Supported Brands
Simpolo Vitrified Pvt. Ltd. (Simpolo Ceramics),Jitendra T. Aghara (Chairman & Managing Director),customercare@simpolo.net,+91 72289 22222,https://www.simpolo.net,45+ Years (Est. 1977),Premium to Luxury (₹75 - ₹350/sq.ft),"Leading manufacturer and global exporter of high-end glazed vitrified tiles, ultra-large format porcelain slabs (iMBL), and innovative surface finishes for luxury architecture.","Morbi, Rajkot, Ahmedabad, Pan-India, Global Exports (50+ countries)","Glazed Vitrified Tiles (GVT/PGVT), Large Format Porcelain Slabs, Full Body Vitrified Tiles, Wall & Floor Ceramic Tiles, Smart Sanitaryware","Simpolo Ceramics, Prive by Simpolo, In-house collections"
Qutone Ceramic Pvt. Ltd.,Manoj Agarwal (Chairman & Managing Director),info@qutoneceramic.com,+91 95608 48888,https://www.qutoneceramic.com,18+ Years (Est. 2008),Premium to Ultra-Luxury (₹90 - ₹450/sq.ft),"Pioneering architectural surface brand specializing in large-scale porcelain slabs (iMarble), technical vitrified surfaces, and luxury wall/floor coverings.","Ahmedabad, Morbi, Gujarat, Pan-India, Global Exports (60+ countries)","Large Format Slabs, iMarble Porcelain, Glazed Vitrified Tiles, Quartz Stone, Technical Porcelain","Qutone Ceramic, iMarble, In-house collections"
Varmora Granito Pvt. Ltd.,Bhavesh Varmora (Chairman & Managing Director),marketing@varmora.com,+91 1800 212 0053,https://www.varmora.com,30+ Years (Est. 1994),Economy to Luxury (₹50 - ₹300/sq.ft),"Major ceramic and vitrified tile manufacturer providing comprehensive surface finishing solutions, outdoor heavy-duty tiles, and integrated sanitaryware products.","Morbi, Ahmedabad, Rajkot, Pan-India, Global Exports (70+ countries)","Vitrified Tiles, Ceramic Wall Tiles, Glazed Porcelain, Full Body Vitrified, Outdoor Step-Riser, Large Format Slabs","Varmora, Varmora Fastclick, Varmora Bathware"
Sunshine Tiles Co. Pvt. Ltd. (Sunhearrt Ceramik),Bhudarbhai Patel (Chairman) / Jaysukh Patel (Managing Director),info@sunhearrt.com,+91 79 6155 4444,https://www.sunhearrt.com,15+ Years (Est. 2009),Economy to Premium (₹55 - ₹280/sq.ft),"Prominent ceramic conglomerate manufacturing high-performance GVT/PGVT floor tiles, digital ceramic wall tiles, and architectural facade slabs.","Morbi, Ahmedabad, Rajkot, Pan-India, Global Exports (65+ countries)","GVT / PGVT Tiles, Digital Wall Tiles, Full Body Vitrified, Heavy Duty Parking Tiles, Porcelain Slabs","Sunhearrt Ceramik, Sunshine Tiles"
Asian Granito India Ltd. (AGL),Kamleshbhai Patel (Chairman and Managing Director),info@asiangranito.com,+91 79 6612 5500,https://www.aglasiangranito.com,24+ Years (Est. 2000),Economy to Luxury (₹60 - ₹400/sq.ft),"Top-tier publicly listed surface and marble manufacturer delivering engineered marble, quartz stone, large-format porcelain slabs, and designer vitrified tiles.","Ahmedabad, Himmatnagar, Gujarat, Pan-India, Global Exports (100+ countries)","Engineered Marble, Quartz Stone, Vitrified Tiles, Ceramic Wall/Floor Tiles, Composite Slabs, Glazed Porcelain","AGL Tiles, AGL Marble & Quartz, AGL Bathware"
Lioli Ceramica Pvt. Ltd.,Milan Chandubhai Gadara (Director),info@lioliceramica.com,+91 2822 240 100,https://www.lioliceramica.com,10+ Years (Est. 2016),Premium to Ultra-Luxury (₹120 - ₹500/sq.ft),"Specialized high-end porcelain slab manufacturer using SACMI Continua+ technology to produce seamless mega-format porcelain slabs for floors, walls, and countertops.","Morbi, Gujarat, Pan-India, Global Exports","Mega Porcelain Slabs (1200x2400mm, 1600x3200mm), Glazed Porcelain, Countertop Surfaces, Large Slabs","Lioli Porcelain Slabs, In-house collections"
Exxaro Tiles Ltd.,Mukeshbhai Ramanlal Patel (Managing Director),info@exxarotiles.com,+91 79 3500 5555,https://www.exxarotiles.com,18+ Years (Est. 2008),Mid-range to Premium (₹50 - ₹220/sq.ft),"Publicly traded ceramic manufacturer specializing in double charge vitrified tiles, glazed vitrified surfaces, and high-gloss porcelain tiles for commercial and residential applications.","Ahmedabad, Talod, Vadodara, Gujarat, Pan-India, Global Exports","Double Charge Vitrified Tiles, Glazed Vitrified Tiles (GVT/PGVT), Full Body Tiles, High Gloss Porcelain","Exxaro Tiles, In-house series"
Motto Tiles Pvt. Ltd. (Motto Group),Smit Patel (Director),info@mottogroup.in,+91 2822 244 555,https://www.mottogroup.in,16+ Years (Est. 2010),Premium (₹70 - ₹260/sq.ft),"Precision surface manufacturer providing engineered porcelain tiles, sintered stone slabs, and digital ceramic wall finishes for contemporary architecture.","Morbi, Gujarat, Pan-India, Global Exports (40+ countries)","Porcelain Slabs, Glazed Vitrified Tiles, Outdoor 20mm Slabs, Digital Wall Tiles, Motto Stone Sintered Surfaces","Motto Tiles, Motto Stone, In-house collections"
Lavish Granito Pvt. Ltd. (Lavish Ceramics),Dharmendra Bharatbhai Kaila (Director),info@lavishceramics.com,+91 2822 241 122,https://www.lavishceramics.com,12+ Years (Est. 2014),Economy to Premium (₹50 - ₹200/sq.ft),"High-capacity tile manufacturing plant delivering versatile digital wall tiles, polished glazed vitrified tiles, and heavy-duty parking surfaces.","Morbi, Rajkot, Gujarat, Pan-India, Global Exports","Glazed Vitrified Tiles, Digital Wall Tiles, Double Charge Vitrified, Parking & Heavy Duty Tiles","Lavish Ceramics, Lavish Granito"
Itaca Ceramic Pvt. Ltd.,Kiran Shamjibhai Amrutiya (Director),info@itaca.in,+91 90990 88201,https://www.itaca.in,17+ Years (Est. 2009),Premium (₹65 - ₹250/sq.ft),"Advanced ceramic and porcelain manufacturer producing digital glazed vitrified tiles, wooden plank finishes, and polished marble-look floor surfaces.","Morbi, Gujarat, Pan-India, Global Exports (35+ countries)","Glazed Vitrified Tiles (GVT), Polished Glazed Vitrified Tiles (PGVT), Full Body Porcelain, Wooden Finish Planks","Itaca Ceramic, In-house collections"
Sakar Granito (India) Pvt. Ltd. (SakarMarbo),Dhavalkumar Jayantilal Thakkar (Director),info@sakarmarbo.com,+91 9005 9008 99,https://www.sakarmarbo.com,28+ Years (Est. 1998),Economy to Premium (₹45 - ₹220/sq.ft),"Longstanding tile manufacturing brand supplying nano soluble salt tiles, double charge porcelain, digital glazed vitrified tiles, and heavy-duty parking solutions.","Ahmedabad, Morbi, Gandhinagar, Pan-India, Global Exports (25+ countries)","Soluble Salt Nano Tiles, Double Charge Vitrified, Digital Glazed Vitrified, Full Body Porcelain, Parking Tiles","SakarMarbo, Sakar Granito"
Coral Granito Pvt. Ltd.,Mansukhbhai Patel (Director),info@coralgranito.com,+91 99090 20014,https://www.coralgranito.com,19+ Years (Est. 2007),Mid-range to Premium (₹55 - ₹210/sq.ft),"Established vitrified tile producer offering multi-charge porcelain, high-gloss glazed vitrified tiles, and outdoor paving surfaces for residential and commercial builds.","Morbi, Rajkot, Gujarat, Pan-India, Export Markets","Glazed Vitrified Tiles, Multi Charge Vitrified, Rustic Matt Porcelain, High Gloss Marble Finish Tiles","Coral Granito, In-house collections"
Bluezone Vitrified Pvt. Ltd.,Manojbhai Patel (Managing Director),sales@bluezonevitrified.com,+91 99787 29887,https://www.bluezonevitrified.com,11+ Years (Est. 2015),Economy to Premium (₹50 - ₹230/sq.ft),"Modern tile manufacturer and exporter delivering polished glazed vitrified tiles, matt finish floor tiles, and digital ceramic wall solutions.","Morbi, Gujarat, Pan-India, Global Exports (45+ countries)","Polished Glazed Vitrified Tiles (PGVT), Glazed Vitrified Tiles (GVT), Double Charge Tiles, Ceramic Wall Tiles","Bluezone Vitrified, Bluezone Tiles"
Lexus Granito (India) Ltd.,Anilkumar Babulal Detroja (Chairman & Managing Director),info@lexustile.com,+91 2822 244 445,https://www.lexusgranito.com,18+ Years (Est. 2008),Economy to Premium (₹48 - ₹200/sq.ft),"Publicly listed enterprise manufacturing digital ceramic wall tiles, vitrified flooring tiles, and exterior elevation surfaces for domestic and international markets.","Morbi, Gujarat, Pan-India, Global Exports (20+ countries)","Wall Tiles, Vitrified Floor Tiles, Glazed Porcelain Tiles, Elevation Ceramic Tiles","Lexus, Lexus Granito"
Skytouch Ceramic Pvt. Ltd.,Hareshkumar Dayalal Kagthara (Director),info@skytouchceramic.com,+91 97251 20510,https://www.skytouchceramic.com,13+ Years (Est. 2013),Economy to Premium (₹45 - ₹220/sq.ft),"Dynamic tile manufacturing company producing porcelain floor tiles, digital wall tiles, heavy-duty industrial tiles, and large format slab tiles.","Morbi, Rajkot, Gujarat, Pan-India, Global Exports (30+ countries)","Porcelain Floor Tiles, Ceramic Wall Tiles, Slab Tiles, Heavy Duty Industrial Tiles, Full Body Tiles","Skytouch Ceramic, In-house collections"
Novac Ceramic LLP,Jignaben Niravkumar Bhatt (Partner),info@novacceramic.com,+91 97251 20510,https://www.novacceramic.com,13+ Years (Export presence since 2013,LLP Est. 2022),Economy to Premium (₹50 - ₹210/sq.ft),"Export-focused manufacturer producing full body porcelain tiles (600x1200mm), ceramic glazed wall tiles, wooden plank tiles, and sanitaryware fixtures.","Morbi, Gujarat, Pan-India, Global Exports (28+ countries)","Full Body Porcelain Tiles, Glazed Wall Tiles, Wooden Finish Planks, Sanitaryware, Vitrified Tiles ,Novac Ceramic, Novac Bathware"
Cera Sanitaryware Ltd. (Cera Tiles),Vikram Somany (Chairman & Managing Director),kadi@cera-india.com,+91 79 2656 1003,https://www.cera-india.com,28+ Years (Est. 1998),Premium to Luxury (₹70 - ₹380/sq.ft),"Major Indian building materials brand providing premium vitrified floor tiles, 3D digital wall tiles, large porcelain slabs (1200x1200mm), and luxury sanitaryware.","Ahmedabad, Kadi, Mehsana, Pan-India, Global Exports","Glazed Vitrified Tiles, Porcelain Floor Tiles, High Gloss Polish Slabs, Digital Wall Tiles, Sanitaryware","CERA Tiles, CERA Style Studio, CERA Care"
Accord Vitrified Pvt. Ltd. (Accord Ceramics),Amitbhai Narbherambhai Patel (Director),info@accordvitrified.com,+91 97264 20202,https://www.accordceramics.com,9+ Years (Est. 2017),Economy to Premium (₹50 - ₹240/sq.ft),"Modern porcelain manufacturer specializing in large-format ARK slabs, carving finish porcelain, and high-gloss marble vitrified surfaces.","Morbi, Gujarat, Pan-India, Global Exports","Vitrified Tiles, ARK Porcelain Slabs, GVT & PGVT, Carving Surface Tiles, Marble Finish Slabs","Accord Ceramics, ARK Slab, ARLO"
Sonex Vitrified LLP (Sonex Tiles),Mansukhbhai Patel (Designated Partner),export@sonextiles.com,+91 90731 23456,https://www.sonextiles.com,40+ Years Group Experience / 16+ Years (Est. 2010),Economy to Premium (₹50 - ₹220/sq.ft),"Pioneering Morbi tile plant producing 600x1200mm vitrified tiles, carving endless pattern tiles, and glossy porcelain flooring for luxury interiors.","Morbi, Gujarat, Pan-India, Global Exports (30+ countries)","60x120cm Vitrified Tiles, GVT/PGVT Tiles, Carving Endless Finish, High Gloss Porcelain","Sonex Tiles, Sonex Vitrified"
Sanford Vitrified Pvt. Ltd.,Jignesh Patel (Director),marketing@sanfordvitrified.com,+91 99099 08710,https://www.sanfordvitrified.com,16+ Years (Est. 2010),Mid-range to Premium (₹52 - ₹230/sq.ft),"ISO 9001:2008 certified tile manufacturer specializing in glazed vitrified tiles (600x1200mm), carving finish surfaces, and high-gloss porcelain tiles.","Morbi, Rajkot, Gujarat, Pan-India, Global Exports (25+ countries)","Glazed Vitrified Tiles (GVT), Carving Finish Tiles, Polished Porcelain, Full Body Surfaces","Sanford Vitrified, Sanford Ceramic"
Rollence Granito Pvt. Ltd.,Bharatbhai Patel (Managing Director),info@rollence.in,+91 99780 55556,https://www.rollence.in,12+ Years (Est. 2014),Economy to Premium (₹45 - ₹210/sq.ft),"Renowned producer and exporter of Nano vitrified tiles, Statuario marble porcelain slabs, and easy-maintenance polished ceramic flooring.","Morbi, Wankaner, Gujarat, Pan-India, Global Exports (40+ countries)","Nano Vitrified Tiles, Statuario Marble Tiles, Glazed Porcelain, Polished Floor Tiles","Rollence Granito, In-house collections"
Millennium Tiles LLP,Hasmukh Patel (Partner),support@millenniumtiles.in,+91 98252 35702,https://www.millenniumtiles.com,18+ Years (Est. 2008),Economy to Premium (₹48 - ₹220/sq.ft),"High-volume tile manufacturing unit producing 600x1200mm glazed vitrified tiles, porcelain floor tiles, slab tiles, and robust parking tiles.","Morbi, Rajkot, Gujarat, Pan-India, Global Exports","Glazed Vitrified Tiles (GVT/PGVT), Porcelain Tiles, Large Format Slabs, Heavy Duty Parking Tiles","Millennium Tiles, Decolite Series"
Face Impex Pvt. Ltd. (Fea Ceramics),Dilip Patel (Director),dilip@faceimpex.com,+91 99798 44493,https://feaceramics.com,15+ Years (Est. 2011),Economy to Premium (₹50 - ₹210/sq.ft),"Prominent surface exporter and manufacturer supplying ceramic wall tiles, glazed porcelain floor tiles, artificial stone surfaces, and sanitaryware.","Morbi, Gujarat, Pan-India, Global Exports (50+ countries)","Ceramic Wall Tiles, Porcelain Floor Tiles, Glazed Vitrified, Artificial Stone, Sanitaryware","Fea Ceramics, Face Impex"
Kripton Granito Pvt. Ltd.,Bhaveshbhai Bavarva (Director),info@kriptongranito.com,+91 99788 22220,https://www.kriptongranito.com,10+ Years (Est. 2016),Mid-range to Premium (₹55 - ₹230/sq.ft),"Manufacturer of premium GVT/PGVT vitrified tiles, high-gloss architectural floor surfaces, and artificial stone finishes for residential and commercial projects.","Morbi, Gujarat, Pan-India, Global Exports (30+ countries)","Glazed Vitrified Tiles (GVT/PGVT), Polished Porcelain Tiles, Artificial Stone Surfaces, Matt Finish Tiles","Kripton Granito, In-house collections"
Siyaram Vitrified Pvt. Ltd.,Jayesh Thakarshibhai Varsda (Director),siyaramvitrified@gmail.com,+91 98252 22000,https://www.siyaramvitrified.com,15+ Years (Est. 2011),Economy to Mid-range (₹45 - ₹190/sq.ft),"High-capacity manufacturer of multi-charge vitrified tiles, polished porcelain tiles, and soluble salt floor tiles for residential and commercial flooring.","Morbi, Gujarat, Pan-India, International Export","Multi Charge Vitrified Tiles, Soluble Salt Tiles, Polished Porcelain, GVT Floor Tiles","Siyaram Vitrified, Siyaram Granito"
Classic Marble Company (CMC - Mumbai HQ),Amit Shah (Managing Director),info@classicmarble.com,+91 22 4140 4140,https://www.classicmarble.com,32+ Years (Est. 1994),Premium to Luxury (₹350 - ₹2,500/sq.ft),"India's pioneer in imported marble and architectural surfaces, operating expansive design galleries in Mumbai and advanced stone processing units.","Mumbai, MMR, Pune, Maharashtra, Pan-India","Italian Marble, Exotic Onyx, Travertine, Engineered Composite Marble, Quartz Surfaces, Porcelain Slabs ,KalingaStone, 9th Avenue, Quadra Slabs, CMC Signature Collection"
Nitco Limited (Mumbai Corporate Office),Vivek Talwar (Chairman & Managing Director),marketing@nitco.in,+91 22 2577 2800,https://www.nitco.in,70+ Years (Est. 1953),Mid-Range to Premium (₹75 - ₹650/sq.ft),"Major surface finishing conglomerate manufacturing premium glazed vitrified tiles, ceramic wall & floor tiles, imported marble, and handcrafted mosaico art.","Mumbai, Thane, Pune, Maharashtra, Pan-India","Glazed Vitrified Tiles (GVT/PGVT), Ceramic Tiles, Italian Marble Slabs, Handcrafted Mosaico, Terrazzo","NITCO Tiles, NITCO Marble, NITCO Mosaico, NITCO Wall Art"
Bharat Floorings & Tiles (Mumbai) Pvt. Ltd.,Dilnavaz Variava (Chairperson) & Firdaus Variava (Vice Chairman),info@bharatfloorings.com,+91 22 4057 6666,https://www.bharatfloorings.com,100+ Years (Est. 1922),Premium to Luxury (₹180 - ₹850/sq.ft),"Heritage bespoke tile manufacturer famous for handcrafted cement tiles, encaustic patterns, cast-in-situ terrazzo, and designer restoration surfaces.","Mumbai, Pune, Goa, Delhi NCR, Pan-India","Handcrafted Cement Tiles, Heritage Encaustic Tiles, Cast-in-Situ Terrazzo, Terrazzo Tiles, Concrete Pavers","Bharat Heritage, BFT Designer Studio, Terra Natura, In-house Handcrafted"
Elegant Marbles & Grani Industries Ltd.,Rajesh Agrawal (Managing Director) & Rakesh Agrawal (Director),elegantmarbles@gmail.com,+91 22 2496 0771,https://www.elegantmarbles.com,40+ Years (Est. 1984),Luxury to Ultra-Luxury (₹400 - ₹3,000/sq.ft),"Boutique luxury stone purveyor in Mumbai curating hand-selected Italian statuario marble, Brazilian quartzites, and semi-precious translucent onyx slabs.","Mumbai, MMR, Pune, Maharashtra, Pan-India","Statuario White Marble, Botticino, Brazilian Quartzite, Onyx Slabs, Travertine, Luxury Granite , Elegant Luxury Collections, In-house Imported Slabs"
Millenium Marbles Pvt. Ltd.,Rajendra Agarwal (Director) & Ayush Agarwal (Director),info@milleniummarbles.com,+91 80882 18821,https://www.milleniummarbles.com,27+ Years (Est. 1999),Premium to Luxury (₹300 - ₹1,800/sq.ft),"Prominent importer and processor of architectural marble, quartzites, and engineered surfaces with automated stone processing facilities and luxury Mumbai galleries.","Mumbai, MMR, Silvassa, Maharashtra, Pan-India","Italian Marble, Turkish Beige, Greek White, Travertine, Quartzite Slabs ,Millenium Vista Collection, In-house Processed Stones"
Prism Johnson Limited (H & R Johnson West),Vijay Aggarwal (Managing Director) & Sarat Chandak (CEO - Tiles),tiles.customercare@prismjohnson.in,+91 22 4064 7300,https://www.hrjohnsonindia.com,68+ Years (Est. 1958),Economy to Luxury (₹50 - ₹500/sq.ft),"One of India's largest ceramic and vitrified surface manufacturers offering residential floor tiles, germ-free wall cladding, and heavy-duty industrial floorings.","Thane, Mumbai, Pune, Nagpur, Pan-India","Vitrified Floor Tiles, Glazed Porcelain Tiles, Ceramic Wall Cladding, Engineered Quartz, Anti-microbial Tiles","Johnson Tiles, Johnson Marbonite, Johnson Porselano, Johnson Endura"
Ceratec Surfaces (Pune Experience Center),Satish Agrawal (Founder & Managing Director),sales@ceratectiles.com,+91 88568 66614,https://www.ceratectiles.com,22+ Years (Est. 2004),Mid-Range to Luxury (₹80 - ₹750/sq.ft),"Premier surface and tile studio in Pune providing large-format PGVT vitrified slabs, digital ceramic wall solutions, and luxury architectural bathware.","Pune, PCMC, Western Maharashtra, MMR","PGVT Vitrified Tiles, GVT Slabs, High-Gloss Ceramics, Digital Wall Tiles, Mosaic Tiles","Ceratec Group Exclusive, Grohe, Carysil, Modern International"
R K Marble Pvt. Ltd. (Kishangarh),Patiram Chaudhary (Chairman) & Vikas Patni (Managing Director),info@rkmarble.com,+91 1463 260101,https://www.rkmarble.com,37+ Years (Est. 1989),Mid-Range to Luxury (₹150 - ₹2,000/sq.ft),"Global leader in marble extraction and processing, operating massive stockyards in Kishangarh alongside quarries in Makrana and Vietnam.","Kishangarh, Jaipur, Udaipur, Rajasthan, Pan-India","Makrana Calcite Marble, Flawless White, Vietnam White, Statuario, Imported Italian Marble, Granite , RK Marble, Flawless White, Experience One Collections"
Bhandari Marble Group (Kishangarh),D. C. Bhandari (Chairman & CEO) & Rahul Bhandari (Director),bhandarimarblegroup@gmail.com,+91 96729 41111,https://www.bhandarimarblegroup.com,55+ Years (Est. 1969),Mid-Range to Ultra-Luxury (₹120 - ₹3,500/sq.ft),"Pioneering exporter and supplier of Italian marble, Makrana marble, semi-precious translucent stone, and custom architectural elevation stone.","Kishangarh, Jaipur, Jodhpur, Rajasthan, Pan-India & Global","Italian Statuario, Calacatta Gold, Makrana White, Travertine, Translucent Onyx, Quartzite , The Infinity Marble, Bhandari Marble World, In-house Quarry Direct"
A-Class Marble India Pvt. Ltd. (Kishangarh Plant),Ramesh Bhandari (Director) & Rajesh Bhandari (Director),info@aclassmarble.co.in,+91 1463 250590,https://www.aclassmarble.co.in,21+ Years (Est. 2005),Premium to Ultra-Luxury (₹350 - ₹2,800/sq.ft),Luxury surface brand featuring Stone Reinforcement Technology (SRT) and offering hand-picked Italian marble slabs and large-format porcelain surfaces.,"Kishangarh, Jaipur, Delhi NCR, Mumbai, Ahmedabad, Pan-India","Italian Marble, French & Greek White Marble, Onyx, Travertine, 1st Class Porcelain Slabs , A-Class Luxury, T-Rex Porcelain Slabs, Fiandre International"
Stone Hub India (Kishangarh),Mukesh Agarwal (Managing Director & Founder),info@stonehubindia.com,+91 91161 33209,https://www.stonehubindia.com,16+ Years (Est. 2010),Premium to Luxury (₹250 - ₹1,800/sq.ft),"Premier Italian marble and exotic natural stone importer in Kishangarh, specializing in book-matched slabs, travertine, and quartzites for upscale spaces.","Kishangarh, Jaipur, Udaipur, Central India, Pan-India","Italian Marble, Michael Angelo, Grey Williams, Statuario, Onyx Slabs, Travertine , Stone Hub Signature, Lontano Collections, In-house"
Bhutra Marble & Granites (Kishangarh),Prateek Maheshwari (Director) & Narendra Bhutra (Founder),info@bhutrastones.com,+91 90011 56068,https://www.bhutrastones.com,19+ Years (Est. 2007),Mid-Range to Luxury (₹100 - ₹1,400/sq.ft),"High-volume supplier and distributor of Italian marble, imported quartzite, and Indian granite with massive display stockyards along Makrana Road.","Kishangarh, Ajmer, Jaipur, Jodhpur, Pan-India","Italian Marble, Quartzite Slabs, Makrana Dungri Marble, South Indian Granite, Onyx , Bhutra Signature Collection, In-house Natural Stones`"
Evershine Marbles & Exporters Pvt. Ltd.,Mukesh Chandra Agarwal (Managing Director) & Ankit Agarwal (Director),evershinemarbles@ymail.com,+91 1463 250122,https://www.evershinemarbles.in,40+ Years (Est. 1986),Mid-Range to Premium (₹90 - ₹1,200/sq.ft),"Prominent marble and natural stone processing house supplying calibrated slabs, cut-to-size stones, and commercial granite across domestic and international markets.","Kishangarh, Rajasthan, Gujarat, Maharashtra, Pan-India & Global","Imported Italian Marble, Premium Beige Marble, Indian Granite, Sandstone Slabs, Evershine Collections, In-house Processed Stones"
Stonex India Pvt. Ltd. (Kishangarh Plant),Gaurav Aggarwal (Chairman & Managing Director) & Saurav Agrawal (Director),info@stonexindia.com,+91 11 4114 4114,https://www.stonexindia.net,19+ Years (Est. 2007),Luxury to Ultra-Luxury (₹450 - ₹3,500/sq.ft),Luxury natural surface brand equipped with a robotic stone processing facility in Kishangarh and flagship experiential design galleries in Mumbai and Delhi.,"Kishangarh, Mumbai, Pune, Delhi NCR, Jaipur, Pan-India","Rare Italian Marble, Exotic Brazilian Quartzite, Semi-Precious Agate, Travertine, Fine Onyx , Stonex Global, Auris Collection, In-house Rare Stones"
Shree Rishabh Marbles (Shree Rishabh Marmo Pvt. Ltd.),Kanti Lal Jain (Managing Director) & Rishabh Jain (Director),info@rishabhmarbles.com,+91 88900 50290,https://www.rishabhmarbles.com,38+ Years (Est. 1988),Economy to Premium (₹60 - ₹600/sq.ft),"Global miner and exporter of Udaipur Green Marble (Verde Guatemala), desert brown marble, and Indian granites with extensive processing plants.","Udaipur, Rajasthan, Pan-India & 80+ Export Countries","Spider Green Marble, Forest Green Marble, Fantasy Brown, Indian Granite, Sandstone Tiles","Rishabh Marbles, Verde Allure, In-house Quarry Direct"
Mumal Marbles Pvt. Ltd. (Udaipur),Sunil Singhvi (Director) & Shanti Lal Singhvi (Director),mml_cityoffice@rediffmail.com,+91 294 244 1100,https://www.mumalmarbles.com,38+ Years (Est. 1988),Mid-Range to Premium (₹70 - ₹750/sq.ft),"Udaipur-based natural stone processor and mining company supplying rainforest marble, emerald green marble, and granite slabs for large-scale flooring and cladding.","Udaipur, Rajsamand, Kishangarh, Gujarat, Pan-India","Emerald Green Marble, Rainforest Brown, Rainforest Green, Polished Granite Slabs","Mumal Natural Stone, In-house Mining"
Pacific Industries Ltd. (Pacific Granites & Quartz),J. P. Agrawal (Chairman & Founder) & Kapil Agarwal (Managing Director),pilnorth@pacificgranites.com,+91 294 244 0196,https://www.pacificindustriesltd.com,37+ Years (Est. 1989),Mid-Range to Luxury (₹120 - ₹1,200/sq.ft),"Export-oriented stone conglomerate producing high-precision granite slabs, engineered quartz surfaces, and calibrated marble tiles.","Udaipur, Rajasthan, Bangalore, Pan-India & 40+ Export Markets","Engineered Quartz Surfaces, Granite Slabs, Sandstone, Slate, Calibrated Marble Tiles, TAANJ Quartz, Pacific Granites, In-house Manufactured"
Marwar Marbles Pvt. Ltd. (Jodhpur),Zahur Hussain (Managing Director) & Aamir Nawaz (Director),aamir46.an@gmail.com,+91 1472 240501,https://www.zaubacorp.com/MARWAR-MARBLES-PRIVATE-LIMITED-U14101RJ1997PTC013147,29+ Years (Est. 1997),Economy to Premium (₹50 - ₹500/sq.ft),"Long-standing Rajasthan stone mining and processing company providing processed green marble, pink marble slabs, limestone tiles, and Jodhpur sandstone cladding.","Jodhpur, Chittorgarh, Udaipur, Jaipur, Western India","Green Marble, Jodhpur Pink & Sandstone, Marble Tiles, Polished Granite, Katni Stone","Marwar Stones, In-house Mining & Sawn Slabs"
Shree Ram Timbers and Marbles (Nagpur),Ram Avatar Agrawal (Managing Partner / Senior Business Head),shreeramtimbersmarbles@gmail.com,+91 80 4896 9012,https://www.indiamart.com/shreeramtimbersmarbles/,26+ Years (Est. 2000),Economy to Premium (₹55 - ₹550/sq.ft),"Prominent Central India surface distributor and contractor supplying natural marble slabs, South Indian polished granite, vitrified floor tiles, and terracotta exterior jali tiles.","Nagpur, Vidarbha, Amravati, Chandrapur, Central India","Black Forest Granite, Indian White Marble, Ceramic Wall Tiles, Vitrified Tiles, Terracotta Jali","Somany, Kajaria, In-house Granite & Marble, RAK Authorized"
Goyal Marbles & Granite (Indore),Sanjay Goyal (Proprietor),goyalmarblesindore@gmail.com,+91 731 257 8899,https://goyalmarblesindore.com,25+ Years (Est. 1999),Mid-Range to Premium (₹70 - ₹600/sq.ft),"Central India marble and tile dealer offering premium vitrified tiles, imported Italian marble slabs, polished granite, and custom bathroom surface finishes.","Indore, Ujjain, Dewas, Bhopal, Madhya Pradesh","Vitrified Floor Tiles, Italian Marble, South Indian Granite, Quartz Kitchen Countertops","Kajaria, Simpolo, Nitco, AGL, In-house Natural Stone"
Royal Touche Laminates & Surfaces (Indore Hub),Raj Patel (Regional Director),contact@royaltouche.com,+91 731 406 8787,https://www.royaltouche.com,46+ Years (Est. 1978),Mid-Range to Luxury (₹90 - ₹750/sq.ft),"India's premier luxury surface laminate and wall panel brand offering ultra-matt acrylic panels, synchronized wood textures, and decorative cladding.","Indore, Bhopal, Madhya Pradesh, Pan-India","High Pressure Laminates (HPL), Acrylic Surface Panels, Synchronized Veneer Laminates, Cladding Sheets","Royal Touche, Crown Decor, Royal Exteria"
Marmo Solutions Pvt. Ltd.,Sunil Agrawal (Director),info@marmosolutions.com,+91 22 2871 3300,https://marmosolutions.com,15+ Years (Est. 2011),Mid-Range to Premium (₹80 - ₹400/sq.ft),"Specialized surface finishing chemical and stone care brand offering tile adhesives, epoxy grouts, marble impregnators, and polishing compounds for high-end flooring installation.","Mumbai, Pune, Thane, Maharashtra, Pan-India","Epoxy Tile Grouts, Polymer Modified Adhesives, Marble Sealers, Stone Care Chemical Formulations","Marmo Solutions, Marmo Floor Care, In-house"
Gala Marble & Tiles Studio (Thane),Kishore Gala (Founder & Partner),sales@galamarble.in,+91 22 2533 1122,https://galamarble.in,28+ Years (Est. 1996),Economy to Premium (₹50 - ₹450/sq.ft),"Comprehensive ceramic, vitrified, and natural stone studio in Thane catering to residential renovations, builder projects, and luxury terrace tile laying.","Thane, Mulund, Dombivli, Kalyan, MMR","Ceramic Wall Tiles, Glazed Vitrified Tiles, Heavy-duty Pavers, Polished Granite Slabs","Somany, Kajaria, Simpolo, Johnson, Cera"
Siddharth Marbles (Jaipur),Siddharth Sharma (Director),siddharthmarblesjaipur@gmail.com,+91 141 233 4455,https://siddharthmarbles.com,23+ Years (Est. 2001),Economy to Luxury (₹60 - ₹800/sq.ft),"Rajasthan stone wholesaler and supplier of Makrana marble, Morwad white, Jaisalmer yellow stone, and precision vitrified tiles.","Jaipur, Ajmer, Sikar, Alwar, Rajasthan","Makrana White Marble, Morwad White, Jaisalmer Yellow Sandstone, Vitrified Tiles","Kajaria, Orientbell, In-house Processed Stone"
Vardhman Ceramics & Bathworld (Pune),Vardhman Jain (Proprietor),vardhmanceramics.pune@gmail.com,+91 20 2444 8899,https://vardhmanceramics.com,20+ Years (Est. 2004),Mid-Range to Premium (₹60 - ₹500/sq.ft),"Prominent Pune tile boutique offering Italian marble finish vitrified slabs, Moroccan highlighter tiles, wooden floor planks, and complete bathware solutions.","Pune, PCMC, Hadapsar, Hinjewadi, Maharashtra","Vitrified Slabs, Designer Wall Highlighter Tiles, SPC Vinyl Flooring, Moroccan Tiles","Kajaria, Simpolo, Varmora, Grohe, Jaquar"
Kajaria Ceramics Limited (Delhi Corporate),Ashok Kajaria (Chairman) / Chetan Kajaria (Joint Managing Director),info@kajariaceramics.com,-26946329,https://www.kajariaceramics.com,38+ Years (Est. 1988),₹45 - ₹350 / sq.ft (Economy to Luxury),"India's largest ceramic and vitrified tile manufacturer, providing glazed vitrified tiles, ceramic wall & floor tiles, polished vitrified surfaces, and large format sintered slabs for residential and commercial infrastructure.","Delhi NCR, Uttar Pradesh, Haryana, Punjab, North India, Pan-India","Glazed Vitrified Tiles (GVT), Polished Vitrified Tiles (PVT), Ceramic Wall & Floor Tiles, Sintered Slabs, Large Format Porcelain","Kajaria, Eternity, The Ultima, Kerovit"
Somany Ceramics Limited (Noida HQ),Abhishek Somany (Managing Director & CEO),marketing@somanyceramics.com,-4627929,https://www.somanyceramics.com,55+ Years (Est. 1969),₹50 - ₹400 / sq.ft (Economy to Premium),"Pioneering Indian ceramic tile conglomerate headquartered in Noida, known for patented slip-shield and VC shield abrasion-resistant tiles, glazed vitrified tiles, and polished porcelain surfaces.","Noida, Greater Noida, Delhi NCR, Lucknow, Chandigarh, Pan-India","Ceramic Wall & Floor Tiles, Glazed Vitrified Tiles, Polished Vitrified Tiles, Duragres, Sintered Stone Slabs","Somany, Max Cover, Duragres, VC Shield, Slip Shield, French Collection"
Orientbell Limited (Orient Bell Tiles - New Delhi),Madhur Daga (Managing Director),customercare@orientbell.com,-47119020,https://www.orientbell.com,49+ Years (Est. 1977),₹40 - ₹250 / sq.ft (Economy to Mid-Premium),"Prominent tile manufacturer with major manufacturing plants in Sikandrabad (UP), producing anti-viral tiles, germ-free surfaces, solar-reflective cool roof tiles, digital ceramic wall tiles, and glazed vitrified slabs.","Delhi NCR, Sikandrabad, Khurja, Lucknow, Kanpur, Chandigarh, North India","Ceramic Wall & Floor Tiles, Glazed Vitrified Tiles, Double Charge Vitrified Tiles, Cool Roof Tiles, Germ-Free Surfaces","Orientbell, Inspire, Forever, Estilo, Cool Tiles"
Prism Johnson Limited (H&R Johnson North),Vijay Aggarwal (Managing Director) / Sudipta Saha (President - Tile Operations),customercare@hrjohnsonindia.com,-41541620,https://www.hrjohnsonindia.com,68+ Years (Est. 1958),₹45 - ₹450 / sq.ft (Economy to Luxury),"Leading diversified building materials provider offering industrial flooring, heavy-duty anti-skid tiles, swimming pool surfaces, polished vitrified slabs, and engineered quartz.","Delhi NCR, Gurgaon, Ghaziabad, Meerut, Ludhiana, Chandigarh, Pan-India","Vitrified Tiles, Ceramic Wall & Floor Tiles, Industrial Tiles, Quartz, Sintered Porcelain Slabs","Johnson Tiles, Johnson Marbonite, Johnson Porselano, Johnson Endura"
Span Floors (Span Floors Pvt. Ltd.),Satinder Chawla (Founder & Managing Director),floors@spanfloors.com,-41007850,https://www.spanfloors.com,20+ Years (Est. 2004),₹350 - ₹1,800 / sq.ft (Premium to Ultra-Luxury),"Bespoke wooden surface and facade specialist located in New Delhi, supplying custom engineered hardwood flooring, exterior wood claddings, thermo-treated outdoor decking, and European parquet planks.","New Delhi, Gurgaon, Noida, Chandigarh, Ludhiana, North India","Engineered Wood Flooring, Solid Hardwood, Outdoor Wooden Decking, Timber Facades, Parquet Floors , Span Floors, Coswick, Hakwood, Boen"
Pergo India Private Limited,Naresh Sharma (National Sales Head),contact@pergo.com,-4001913,https://www.pergo.com,45+ Years (Global Est. 1977 / India Est. 1999),₹120 - ₹650 / sq.ft (Mid-Premium to Luxury),"Global inventor and leader of laminate flooring, delivering TitanX surface scratch protection, click-lock installation systems, water-resistant laminate planks, and high-performance commercial vinyl flooring.","Gurgaon, Delhi NCR, Noida, Faridabad, Chandigarh, Jalandhar, Pan-India","Laminate Flooring, Engineered Wood, Luxury Vinyl Tiles (LVT), Rigid Vinyl, SPC Flooring","Pergo, Unilin, Mohawk Industries"
Greenlam Industries Limited (Greenlam Clads & Floors),Saurabh Mittal (Managing Director & CEO),info@greenlam.com,-42791319,https://www.greenlamindustries.com,30+ Years (Est. 1993),₹70 - ₹900 / sq.ft (Economy to Luxury),"One of the world's top laminate and surface manufacturers, providing decorative laminates, compact cladding panels, exterior facade systems, real wood veneers, and engineered wood flooring.","New Delhi, Gurgaon, Noida, Ghaziabad, Lucknow, Pan-India, Global","High-Pressure Laminates (HPL), Exterior Clads, Compact Panels, Decorative Veneers, Engineered Wood","Greenlam Laminates, Greenlam Clads, Mikasa Floors, Mikasa Doors, Decowood"
Welspun Flooring Limited (Gurgaon Hub),Mukesh Savlani (CEO - Flooring Business),contact_flooring@welspun.com,-4903533,https://www.welspunflooring.com,8+ Years (Flooring Division Est. 2018 / Group 38+ Years),₹90 - ₹550 / sq.ft (Economy to Premium),"Modern architectural flooring innovator manufacturing Stone Polymer Composite (SPC) click-n-lock tiles, commercial carpet tiles, wall claddings, and artificial turf for fast, dust-free renovations.","Gurgaon, Delhi NCR, Noida, Chandigarh, Lucknow, Kanpur, Pan-India","Stone Polymer Composite (SPC) Flooring, Carpet Tiles, Wall Panels, Artificial Grass, Click-N-Lock Tiles","Welspun Flooring, Click-N-Lock, Fusion, Marvel, Ultima"
Square Foot (Classic Floorings & Interiors Delhi),Gaurav Saraf (Joint Managing Director),delhi@squarefoot.co.in,-40525687,https://www.squarefoot.co.in,28+ Years (Est. 1995),₹110 - ₹1,200 / sq.ft (Mid-Range to Ultra-Luxury),"Specialized flooring distribution and contracting house with showrooms across North India, supplying solid wood, engineered wood, laminate, outdoor decking, sports flooring, and luxury vinyl.","New Delhi, Gurgaon, Noida, Ludhiana, Chandigarh, Pan-India","Solid Wood Flooring, Engineered Wood, Laminate Flooring, Outdoor Composite Decking, Vinyl & Linoleum , Square Foot, Boen, BerryAlloc, Desso, Tarkett"
FCML Surfaces Private Limited (FCML India),Abhinav Khandelwal (Managing Director),info@fcmlindia.com,-49372720,https://www.fcmlindia.com,22+ Years (Est. 2003),₹250 - ₹3,500 / sq.ft (Luxury to Bespoke Ultra-Luxury),"High-end luxury surface boutique on MG Road, Sultanpur, Delhi, curating imported Italian large-format porcelain slabs, designer ceramics, glass mosaics, and bespoke architectural finishes.","Sultanpur (Delhi), MG Road (Gurgaon), Noida, Chandigarh, North India","Large Format Porcelain Slabs, Designer Ceramic Tiles, Handcrafted Mosaics, Engineered Wood, Sintered Stone , FCML Surfaces, Mutina, Bisazza, Florim, Gessi, Devon&Devon"
Notion Luxury Flooring (Exotic Decor Pvt. Ltd.),Yeeshu Choudhary (Founder & Director),info@notion.net.in,-4328029,https://www.notion.net.in,24+ Years (Est. 2002),₹180 - ₹1,500 / sq.ft (Mid-Premium to Luxury),"Wooden flooring and exterior cladding concept brand headquartered in Noida, delivering engineered hardwood, outdoor WPC decking, architectural wall louvers, and bespoke parquet flooring.","Noida, Delhi NCR, Gurgaon, Chandigarh, Ludhiana, Lucknow, Pan-India","Engineered Hardwood Flooring, Exterior Wood Cladding, WPC Decking, Herringbone Parquet, Laminate , Notion, Exotic Decor, Thermo-Clad, Notion Exterior"
Action TESA (Balaji Action Buildwell Pvt. Ltd.),Ajay Kumar Aggarwal (Director) / Amit Aggarwal (Director),marketing@actiontesa.com,-41119920,https://www.actiontesa.com,16+ Years (Est. 2010),₹60 - ₹220 / sq.ft (Economy to Mid-Range),"Engineered wood and surface panel manufacturer based in New Delhi, specializing in high-density water-resistant HDHMR boards, embossed HDF laminate flooring, UV coated panels, and acrylic surface boards.","Delhi NCR, Rohtak Road, Ghaziabad, Haryana, Punjab, Uttar Pradesh, Pan-India","HDF Laminated Flooring, HDHMR Boards, Acrylic Gloss Panels, Boilo Waterproof Boards, Pre-laminated Particle Boards","Action TESA, HDHMR, Boilo, TESA Laminated Floors"
Merino Industries Limited (Delhi HQ),Prakash Lohia (Managing Director),merino@merinoindia.com,-45556920,https://www.merinoindia.com,58+ Years (Est. 1968),₹80 - ₹750 / sq.ft (Economy to Luxury),"Global interior surface and cladding manufacturer with manufacturing units in Hapur (UP), specializing in compact laminates, exterior facade cladding systems, solid acrylic surfaces, and postforming laminates.","New Delhi, Hapur, Noida, Ghaziabad, Lucknow, Chandigarh, Pan-India","High Pressure Laminates, Exterior Compact Cladding, Solid Acrylic Surfaces, Pre-laminated Panels, Internal Wall Liners","Merino Laminates, Merinolam, Armour Exterior Wall Clads, Hanex Solid Surfaces, Meister"
Antica Ceramica (Delhi & Gurugram),Rahul Bhutani (Managing Director / Founder),info@anticaceramica.in,-9210206597,https://www.anticaceramica.in,34+ Years (Est. 1992),₹80 - ₹850 / sq.ft (Mid-Range to Luxury),"Designer tile and boutique stone studio in Raja Garden, Delhi, and DLF Phase 2 Gurugram, offering handmade Moroccan tiles, CNC carved stone feature panels, and large-format porcelain slabs.","Raja Garden (Delhi), DLF Phase 2 (Gurugram), Noida, Faridabad, North India","CNC Stone Reliefs, Large Format Porcelain Slabs, Designer Ceramic Tiles, Moroccan Tiles, Subway Wall Tiles","Antica Ceramica, Impasta, Antica Stone Atelier"
Greenpanel Industries Limited (Gurugram HQ),Shobhan Mittal (Managing Director & CEO),info@greenpanel.com,-4784633,https://www.greenpanel.com,16+ Years (Demerged from Greenply 2017 / Legacy 30+ Years),₹65 - ₹250 / sq.ft (Economy to Mid-Range),"India's largest manufacturer of wood panel boards and high-performance HDF wooden laminate flooring systems, headquartered at DLF Downtown, Gurugram.","Gurugram, Delhi NCR, Noida, Faridabad, Chandigarh, Ludhiana, Pan-India","HDF Wooden Laminated Flooring, Club Grade MDF, Pre-laminated Surface Boards, Veneers, Exterior Grade Panels","Greenpanel Flooring, Greenpanel Maxx, Greenpanel Club MDF"
Century Plyboards Limited (CenturyLaminates & Exteria),Sajjan Bhajanka (Chairman & MD) / Keshav Bhajanka (Executive Director),info@centuryply.com,-46548820,https://www.centuryply.com,40+ Years (Est. 1986),₹75 - ₹650 / sq.ft (Economy to Luxury),"Surface and panel manufacturing conglomerate offering decorative laminates, anti-bacterial ViroKill surface claddings, reconstituted wood veneers, and exterior facade louvers.","Delhi NCR, Kirti Nagar (Delhi), Noida, Ghaziabad, Lucknow, Chandigarh, Pan-India","Decorative Laminates, Reconstituted Wood Veneers, Exterior HPL Cladding, PVC / WPC Boards, Compact Laminates","CenturyLaminates, CenturyVeneers, SenzuraStyles, CenturyExteria, Sainik Laminates"
Keramos Tile & Stone Private Limited (Delhi),R. Anand (Director) / G. Ravindran (Director),delhi@keramosindia.com,-46032685,https://www.keramosindia.com,42+ Years (Est. 1984),₹180 - ₹1,600 / sq.ft (Mid-Premium to Bespoke Luxury),"Artisanal, handmade, and heritage surface finishing studio located in Lado Sarai, New Delhi, crafting Moroccan zellige tiles, Lyon seamless cement floors, antique terracotta, and hand-painted ceramic motifs.","Lado Sarai (New Delhi), Gurgaon, Noida, Chandigarh, Lucknow, Jaipur, Pan-India","Handmade Moroccan Tiles, Antique Terracotta, Lyon Seamless Cement Surfaces, Hand-painted Ceramic Murals, Stone Mosaic Tiles , Keramos, Lyon Floors, Azul Series, Keramos Terracotta, Antiqua"
Granitexx Tile & Stone Studio (Noida),Deepak Garg (Managing Director),sales@granitexx.com,-4289019,https://granitexx.com,18+ Years (Est. 2008),₹60 - ₹550 / sq.ft (Mid-Range to Premium),"Noida-based tile distribution studio specializing in glazed porcelain tiles, exterior anti-skid pavers, composite quartz surfaces, and bathroom elevation highlighters.","Noida, Greater Noida, Ghaziabad, Delhi NCR","Glazed Porcelain Tiles, Vitrified Slabs, Engineered Quartz, Anti-Skid Pavers","Granitexx, Kajaria, Somany, Simpolo"
Khurja Pottery & Ceramics Cluster (Oriental Potters),Irfan Ahmed (Managing Partner),orientalpotters.khurja@gmail.com,-250759,https://orientalpotters.in,48+ Years (Est. 1978),₹35 - ₹200 / sq.ft (Economy to Handcrafted Mid-Range),"Traditional ceramic tile and pottery manufacturing firm in Khurja ceramic hub, crafting handcrafted glazed wall tiles, ceramic borders, and exterior terracotta murals.","Khurja, Bulandshahr, Aligarh, Delhi NCR, Uttar Pradesh","Handmade Glazed Ceramic Tiles, Terracotta Wall Clads, Ceramic Border Tiles, Pottery Artifacts","Oriental Khurja, Heritage Craft Tiles"
Marble City India Limited (Delhi),Dr. Gopal Sharan Garg (Managing Director),delhi@marblecity.in,-26805980,https://marblecity.in,27+ Years (Est. 1999),₹300 - ₹3,000 / sq.ft (Premium to Super-Luxury),"Listed Italian marble importing company with sprawling galleries along MG Road, Sultanpur, Delhi, offering premium Italian marble, onyx, travertine, and quartzites.","Delhi NCR, Gurgaon, Noida, Chandigarh, Punjab","Italian Statuario Marble, Travertine, Brazilian Quartzite, Onyx Slabs, Luxury Granite"
Decora Tiles & Sanitary (Lucknow),Praveen Kapoor (Managing Director),decoratiles.lko@gmail.com,-2621564,https://decoratiles.in,31+ Years (Est. 1995),₹45 - ₹480 / sq.ft (Economy to Luxury),"Prominent surface and tile dealer in Hazratganj and Gomti Nagar, Lucknow, supplying large format vitrified tiles, marble slabs, and designer wall cladding.","Lucknow, Kanpur, Ayodhya, Prayagraj, Varanasi, Central UP","Glazed Vitrified Tiles (GVT), Polished Porcelain, Designer Wall Highlighters, Granite Slabs","Kajaria, Somany, Simpolo, Hindware, Cera"
Kanpur Marble & Stone Corporation,Anil Agarwal (Senior Partner),kanpurmarblecorp@gmail.com,-2554843,https://kanpurmarble.com,36+ Years (Est. 1990),₹40 - ₹450 / sq.ft (Economy to Mid-Premium),"Leading stone merchant and tile contractor in Kanpur supplying Makrana marble, Rajasthan granite, vitrified floor tiles, and heavy-duty parking pavers.","Kanpur, Unnao, Fatehpur, Lucknow, Uttar Pradesh","Makrana Marble, Indian Granite, Vitrified Floor Tiles, Concrete Paver Blocks","Orientbell, Somany, In-house Granite & Marble"
Surfaces by Tilez (Chandigarh / Panchkula),Manpreet Singh (Founder & CEO),info@tilezsurfaces.com,-4667869,https://tilezsurfaces.com,19+ Years (Est. 2007),₹70 - ₹750 / sq.ft (Mid-Range to Luxury),"High-end design studio in Tricity (Chandigarh, Panchkula, Mohali) delivering imported porcelain slabs, seamless micro-concrete surfaces, and architectural facade panels.","Chandigarh, Mohali, Panchkula, Ludhiana, Jalandhar, Punjab & Haryana","Sintered Stone Slabs, Micro-concrete Surfaces, Wooden Flooring, Digital Ceramic Cladding","Nexion, Simpolo, Qutone, Quick-Step, In-house Curations"
Ludhiana Tiles & Granite Studio,Harjit Singh Sandhu (Director),info@ludhianatiles.com,-2405636,https://ludhianatiles.com,22+ Years (Est. 2004),₹55 - ₹600 / sq.ft (Economy to Premium),"Sprawling tile and granite hub on Ferozepur Road, Ludhiana, catering to residential villas, kothis, and commercial showrooms across Punjab.","Ludhiana, Jalandhar, Amritsar, Bathinda, Punjab","Vitrified Slabs, South Indian Granite, Designer Bathroom Tiles, Exterior Louvers","Kajaria, Varmora, Somany, Asian Granito, Jaquar"
Jalandhar Ceramics & Sanitary House,Rakesh Mittal (Managing Partner),jalandharceramics@yahoo.com,-2223434,https://jalandharceramics.in,25+ Years (Est. 2001),₹45 - ₹420 / sq.ft (Economy to Premium),"Comprehensive tile and bathroom surface dealer supplying vitrified tiles, rustic floor tiles, wooden finish planks, and sanitary fittings.","Jalandhar, Phagwara, Hoshiarpur, Kapurthala, Punjab","Ceramic Wall Tiles, PGVT Tiles, Rustic Floor Tiles, Anti-skid Flooring","Somany, Orientbell, Johnson, Cera"
Marble Centre International (MCI),Giriraj Ladha (Managing Director),accounts@marblecentre.in,+91 80 4663 3737,https://marblecentre.in/,24+ years (Est. 2000),₹350 - ₹3,500/sq.ft (Luxury to Ultra-Luxury),"Premier importer, processor, and curator of fine Italian marble, exotic Brazilian quartzite, translucent onyx, and semi-precious stone slabs for high-end architectural and luxury residential surfaces.","Bengaluru, Hyderabad, Chennai, South India, Pan-India","Imported Italian Marble, Onyx, Travertine, Exotic Quartzite, Semi-Precious Slabs, Bookmatched Marble"
Regency Ceramics Limited,Narala Satyendra Prasad (Managing Director),rclcosec@gmail.com,+91 40 2331 9902,https://www.regencyceramics.in/,41+ years (Est. 1983),₹45 - ₹350/sq.ft (Economy to Premium),"Pioneering ceramic tile manufacturer in South India providing glazed floor and wall tiles, high-traffic vitrified slabs, and industrial anti-skid ceramic solutions for large-scale infrastructure.","Hyderabad, Chennai, Bengaluru, Vijayawada, Visakhapatnam, South India","Glazed Vitrified Tiles (GVT), Polished Vitrified Tiles (PVT), Ceramic Wall & Floor Tiles, Heavy-Duty Industrial Tiles","Regency Ceramics, Regency Signature, Duratile"
Stonera Systems Private Limited,Girish B. (Director & Regional Head),contact@stonera.com,+91 80 4266 6222,https://stonera.com/,18+ years (Est. 2006),₹120 - ₹850/sq.ft (Mid to High-End Surface Solutions),"Specialized surface finishing engineering company supplying Italian stone care chemicals, precision diamond abrasives, microtopping compounds, and mechanical dry-cladding facade systems.","Bengaluru, Mysuru, Hyderabad, Chennai, South India","Surface Treatment Polymers, Microtopping Compounds, Acoustic Substrates, Stone Sealants, Quartz Abrasives, Marble Care Systems","Stonera Systems, Bellinzoni, Tenax, Klindex, Alpha Tools"
Restile Ceramics Limited,Ramachandran N.S. (Director),info@restile.com,+91 6354 603 330,https://restile.com/,38+ years (Est. 1986),₹80 - ₹450/sq.ft (Mid to Premium),"India's original creator of full-body vitrified porcelain tiles, engineering unglazed and textured technical tiles for heavy-traffic commercial airports, metro hubs, and corporate spaces.","Hyderabad, Bengaluru, Chennai, Kochi, South & Pan-India","Full Body Vitrified Tiles, Unglazed Porcelain Slabs, Industrial Floor Tiles, Cladding Porcelain Slabs","Restile Gripmax, Restile Accustone, Restile Marbo Granit"
Pokarna Limited (Quantra Quartz),Gautam Chand Jain (Chairman & Managing Director),contact@pokarna.com,+91 40 6631 0111,https://www.pokarna.com/,33+ years (Est. 1991),₹250 - ₹1,800/sq.ft (Premium to Luxury),"Leading manufacturer and global exporter of Bretonstone-engineered quartz slabs and precision-quarried natural granite for kitchen worktops, vanity counters, and seamless wall paneling.","Hyderabad, Bengaluru, Chennai, Visakhapatnam, South India, Pan-India","Engineered Quartz Surfaces, Natural Granite Slabs, Architectural Stone Countertops, Wall Cladding"
Katta Ceramics (Bengaluru),Badrinath K.S. (Managing Partner / Director),info@kattaceramics.com,+91 80 2676 3004,https://kattaceramics.com/,40+ years (Est. 1984),₹65 - ₹750/sq.ft (Economy to Luxury),"Bangalore's prominent multi-brand ceramic, large-format vitrified tile, and luxury surface studio catering to high-profile architects, interior designers, and commercial builders.","Bengaluru, Mysuru, Tumakuru, Karnataka","Large Format Vitrified Slabs, Glazed Porcelain Tiles, Designer Ceramic Wall Tiles, Terrazzo Slabs, Mosaics","Somany, Kajaria, Simpolo, Nexion, Qutone, Jaquar"
Bell Granito Ceramica Limited,Rakesh Madanlal Bhatia (Director),bgcl@accountscare.com,+91 6354 603 330,https://restile.com/,31+ years (Est. 1993),₹75 - ₹480/sq.ft (Mid to Premium),"Manufacturer and technical distributor of high-gloss polished homogeneous vitrified porcelain tiles, mirror-stone finishes, and exterior ventilated facade cladding slabs.","Hyderabad, Bengaluru, Chennai, Vijayawada, Kolkata, Bhubaneswar, South & East India","Homogeneous Polished Porcelain Slabs, Marbo Granit Tiles, Mirrorstone Tiles, Matt Finish Exterior Cladding","Bell Granito, Marbo Granit, Mirrorstone"
Marbilo Surfaces Private Limited,Rajesh Maheshwari (Founder & Director),info@marbilosurfaces.com,+91 80 4125 8899,https://marbilo.in/,16+ years (Est. 2008),₹280 - ₹1,900/sq.ft (Premium to Luxury),"Boutique surface atelier in Bengaluru specializing in ultra-compact sintered stone slabs, exotic imported marble, custom bookmatched terrazzo, and seamless countertop fabrication.","Bengaluru, Chennai, Hyderabad, South India","Sintered Porcelain Slabs, Imported Onyx, Italian Marble, Terrazzo Tiles, Micro-cement Floorings"
Ceratec Surfaces South (Bengaluru & Chennai),Rahul Shukla (Regional Business Head),Ceratectiles123@gmail.com,+91 90990 48270,https://ceratectiles.com/,14+ years (Est. 2010),₹55 - ₹420/sq.ft (Economy to Premium),"Distributor and contracting partner for polished glazed vitrified tiles, wooden plank ceramics, exterior wall claddings, and acoustic surface backing systems across Southern India.","Bengaluru, Chennai, Hyderabad, Coimbatore, South India","PGVT Slabs, High Gloss Porcelain Tiles, Wood Plank Ceramic Tiles, Subway & Mosaic Wall Tiles","Ceratec, RAK Ceramics, Varmora, Simpolo"
Casa Mia Surfaces Studio (Hyderabad),Sanjay Jain (Managing Director),contact@casamiasurfaces.com,+91 40 2355 4488,https://casamiasurfaces.com/,15+ years (Est. 2009),₹300 - ₹2,200/sq.ft (Premium to Ultra-Luxury),"Architectural surfaces and facade studio representing top European tile ateliers, providing ultra-slim porcelain cladding, customized glass mosaics, and micro-topping systems.","Hyderabad, Bengaluru, Chennai, Vijayawada, South India","Ultra-Slim Porcelain Slabs (3mm-6mm), Italian Vitrified Tiles, Microtopping, Glass Mosaics, Concrete Wall Panels"
Studio One Ceramics (Bengaluru),Pradeep Kumar (Founder & Director),info@studiooneceramics.in,+91 80 4166 9911,https://studiooneceramics.in/,12+ years (Est. 2012),₹90 - ₹950/sq.ft (Mid to Luxury),"Design-focused ceramic tile studio delivering bespoke large-format sintered slabs, handmade Moroccan zellige wall tiles, textured terrazzo, and seamless acoustic surface integration.","Bengaluru, Mysuru, Mangalore, South India","Large Format Sintered Slabs, Handmade Ceramic Subway Tiles, Monolithic Terrazzo, Textured Wall Claddings","Studio One Elite, Nexion, Simpolo, Mirage Italy, Bisazza"
Ayyappa Marbles & Granites (Chennai),K. Venkatesh (Managing Partner),ayyappamarbleschennai@gmail.com,+91 44 2496 1122,https://ayyappamarbles.com/,28+ years (Est. 1996),₹60 - ₹650/sq.ft (Economy to Premium),"Landmark natural stone and tile supplier in Chennai offering South Indian granites, Indian and imported marbles, vitrified flooring tiles, and exterior landscape stone pavers.","Chennai, Kanchipuram, Chengalpattu, Vellore, Tamil Nadu","South Indian Polished Granites, Indian Green & White Marble, Vitrified Floor Slabs, Flamed Granite Pavers","Kajaria, Somany, Asian Granito (AGL), Classic Stones"
Rathnaa Ceramics (Coimbatore),R. Rathnavel (Director & Founder),info@rathnaceramics.com,+91 422 254 8877,https://rathnaceramics.com/,26+ years (Est. 1998),₹50 - ₹550/sq.ft (Economy to Premium),"Major wholesale and retail tile contractor supplying glazed vitrified tiles, ceramic wall highlighters, polished granites, and elevation cladding for residential and industrial projects.","Coimbatore, Tirupur, Erode, Salem, Chennai, Tamil Nadu","Glazed Vitrified Tiles, Ceramic Wall Highlighters, Black Galaxy & Tan Brown Granites, Anti-Skid Parking Tiles","Kajaria, Somany, Nitco, Varmora, Jaquar"
Royal Ceramics & Marble Gallery (Coimbatore),M. Shanmugam (Managing Director),contact@royalceramicscbe.com,+91 422 438 7766,https://royalceramics.in/,21+ years (Est. 2003),₹65 - ₹680/sq.ft (Mid to High-End),"Comprehensive tile and natural stone gallery offering premium imported and indigenous floor tiles, stone wall veneers, quartz slabs, and turnkey surface laying services.","Coimbatore, Madurai, Dindigul, Pollachi, Tamil Nadu","Full Body Vitrified Tiles, Double Charge Slabs, Polished Marble, Quartz Countertops, Wooden Finish Planks","Simpolo, Qutone, RAK Ceramics, Johnson, Asian Granito"
Appasamy & Sons Tile & Bath Studio (Madurai),A. Appasamy (Founder & Senior Partner),info@appasamytiles.com,+91 452 233 4455,https://appasamytiles.com/,32+ years (Est. 1992),₹45 - ₹480/sq.ft (Economy to Mid-High),"Prominent surface dealer in Southern Tamil Nadu supplying high-grade ceramic wall tiles, heavy-duty floor tiles, exterior elevation claddings, and natural stone products.","Madurai, Sivakasi, Virudhunagar, Theni, Tirunelveli, Tamil Nadu","Ceramic Wall Tiles, Digital Floor Tiles, Rustic Matt Slabs, Chettinad Pattern Tiles, South Granite Slabs","Kajaria, Somany, Orientbell, Cera, Johnson"
Keramica Studio (TC Buildware LLP - Calicut),T.C. Mohammed Basheer (Managing Partner),info@keramicatiles.com,+91 495 243 1155,https://keramicatiles.com/,16+ years (Est. 2008),₹75 - ₹850/sq.ft (Mid to Luxury),"Kerala-based architectural surface design boutique curating large-format porcelain slabs, Scandinavian wood-look vitrified planks, rustic terrazzo, and acoustic wall panels.","Calicut, Kochi, Kannur, Malappuram, Thrissur, Kerala","Big Slabs (1200x2400mm), Matt Finish Porcelain, Wood Planks, Moroccan Accent Tiles, Micro-stone Finishes","Keramica Digital, Nexion, Simpolo, Qutone, Grespania"
Classic Sanitary & Ceramics (Kochi),K.J. George (Managing Director),info@classictileskochi.com,+91 484 280 5544,https://classictileskochi.com/,27+ years (Est. 1997),₹60 - ₹720/sq.ft (Mid to Premium),"Established surface showroom in Kochi specializing in architectural vitrified floorings, waterproof bathroom tiles, natural sandstone wall cladding, and exterior facade solutions.","Kochi, Ernakulam, Aluva, Thrissur, Kottayam, Kerala","Polished Glazed Vitrified Tiles (PGVT), Sandstone & Slate Cladding, Subway Wall Tiles, Quartz Stone Slabs","Kajaria Galaxy, Somany, Cera, Simpolo, RAK Ceramics"
George Kaitharan Buildware Private Limited (Kerala),George Kaitharan (Chairman & Managing Director),info@georgekaitharan.com,+91 484 259 8800,https://georgekaitharan.com/,35+ years (Est. 1989),₹50 - ₹1,100/sq.ft (Economy to Luxury),Large-scale tile and surface distribution house operating exclusive Kajaria Galaxy and international tile experience galleries across Central Kerala.,"Kochi, Ernakulam, Thrissur, Idukki, Kottayam, Kerala","Large Porcelain Slabs, Vitrified Tiles, Natural Granite, Imported Marble, Decorative Wall Cladding"
Siddhartha Tiles & Sanitary Private Limited (Vijayawada),K. Siddhartha Rao (Managing Director),info@siddharthatiles.com,+91 866 248 1199,https://siddharthatiles.com/,24+ years (Est. 2000),₹50 - ₹650/sq.ft (Economy to High-End),"Premier surface studio in Vijayawada delivering integrated floor and wall cladding packages, digital glazed vitrified tiles, and polished stone finishes for residential and commercial spaces.","Vijayawada, Guntur, Amaravati, Eluru, Andhra Pradesh","Double Charge Vitrified Tiles, PGVT High Gloss Slabs, Ceramic Wall Tiles, Exterior Elevation Pavers","Kajaria Eternity, Somany, Simpolo, Hindware, Johnson"
Venkata Sai Granites & Marbles (Vizag),V. Sai Prasad (Founder & Managing Partner),sales@venkatasaigranites.com,+91 891 253 4488,https://venkatasaigranites.com/,37+ years (Est. 1987),₹55 - ₹580/sq.ft (Economy to Premium),"Long-standing natural stone processing and vitrified tile supplier in Vizag supplying flamed, honed, and mirror-polished granites and vitrified floor slabs for commercial and residential developments.","Visakhapatnam, Vizianagaram, Srikakulam, Kakinada, Coastal Andhra Pradesh","Srikakulam Blue Granites, Black Galaxy Granites, Vitrified Floor Tiles, Marble Slabs, Slate Wall Cladding","Venkata Sai Stonecraft, Kajaria, Somany, Asian Granito, Varmora"
Amit Marble & Granite Private Limited (Kolkata),Amit Agarwal (Managing Director),info@amitmarble.com,+91 33 2479 6600,https://amitmarble.com/,30+ years (Est. 1994),₹110 - ₹1,800/sq.ft (Mid to Luxury),"Eastern India's leading importer and processor of Italian marble, composite marble, engineered quartz, and large-format porcelain slabs for high-end residences in Kolkata.","Kolkata, Howrah, Durgapur, Siliguri, West Bengal & East India","Imported Italian Marble, Onyx Slabs, Composite Quartz, Large Porcelain Floor Tiles, Travertine Wall Finishes"
Calcutta Marble House (Kolkata),Rajesh Jhunjhunwala (Senior Partner & Director),sales@calcuttamarble.in,+91 33 2235 7788,https://calcuttamarble.in/,45+ years (Est. 1979),₹55 - ₹750/sq.ft (Economy to Premium),"Historic tile and stone merchant in Kolkata supplying durable vitrified tiles, Kota stone, Indian marbles, South granites, and heavy-duty commercial ceramic surfaces.","Kolkata, North & South 24 Parganas, Asansol, West Bengal","Indian White Marble, Kota Stone, Glazed Vitrified Tiles, Ceramic Wall Tiles, Granite Slabs","Somany, Kajaria, Nitco, Johnson, Orientbell"
Stonex India (Kolkata Gallery),Gaurav Agarwal (Chairman & MD / Regional Head),kolkata@stonexindia.net,+91 33 4005 3300,https://www.stonexindia.net/,24+ years (Est. 2000),₹400 - ₹4,500/sq.ft (Luxury to Super-Luxury),"Ultra-luxury natural stone brand offering robotic SRS-reinforced Italian marble slabs, semi-precious stone surfaces, quartzite wall panels, and bespoke acoustic stone architectural cladding.","Kolkata, Bhubaneswar, Patna, Guwahati, East & North-East India","SRS-Treated Imported Marble, Quartzite, Onyx, Semi-Precious Slabs, Fine Architectural Travertine"
Lingaraj Marbles,Granites & Tiles (Bhubaneswar),Lingaraj Sahoo (Founder & Managing Partner),info@lingarajmarbles.com,+91 674 258 3399,https://lingarajmarbles.com/,22+ years (Est. 2002),₹50 - ₹620/sq.ft (Economy to Premium),"Prominent stone processing and tile enterprise in Odisha offering extensive stocks of polished granites, vitrified floor slabs, designer exterior elevation tiles, and bathroom surface solutions.","Bhubaneswar, Cuttack, Puri, Rourkela, Sambalpur, Odisha","South & East Indian Granites, Glazed Vitrified Slabs, Rajasthan Marble, Ceramic Wall Tiles, Exterior Interlocking Pavers"
Utkal Ceramic World (Cuttack & Bhubaneswar),Pradipta Kumar Mohanty (Proprietor),utkalceramics@gmail.com,+91 671 234 5566,https://utkalceramics.com/,25+ years (Est. 1999),₹45 - ₹450/sq.ft (Economy to Premium),"Premier distributor in Odisha supplying glazed vitrified floor tiles, digital ceramic wall panels, Kota stone, and heavy-duty parking pavers for commercial and residential construction.","Cuttack, Bhubaneswar, Puri, Angul, Balasore, Odisha","Glazed Vitrified Tiles, Ceramic Wall Highlighters, Polished Granite Slabs, Interlocking Pavers","Somany, Kajaria, Nitco, Simpolo, Johnson"
